container_id,gru_pearson_r,ridge_pearson_r,delta_r_ridge_minus_gru,gru_std_ratio,ridge_std_ratio,gru_bias,ridge_bias,gru_phase_lag,ridge_phase_lag,alpha,kappa_effective
c_10032,-0.1905303426254333,0.046237725924268,0.2367680685497013,0.0764475648993208,0.22051682693057695,0.010042353089653478,0.014445441094772103,53.0,66.0,1.0,0.1
c_10034,0.5041330068095273,0.2040909850899864,-0.3000420217195409,0.08222765735326076,0.10417128165361736,0.05093171205496199,0.04837838651852274,5.0,20.0,1.0,0.1
c_10089,0.28178378649376146,0.36820608155140283,0.08642229505764137,0.0745526573991498,0.22313859711365952,-0.024606320085617844,-0.02897705880010601,-1.0,-16.0,1.0,0.1
c_10132,-0.2365020109101492,0.12455491810473243,0.3610569290148816,0.10121082036680783,0.11967545176762978,-0.019313673208710077,-0.014215989414679159,-38.0,11.0,1.0,0.1
c_1016,0.12744685663517094,0.18833974557873057,0.060892888943559625,0.0483753332506709,0.20609342253904747,0.002461320030614257,0.0019331641369822912,-4.0,35.0,1.0,0.1
c_10306,0.0916785842186677,-0.040414649746014164,-0.13209323396468187,0.05957083273130518,0.13673302356408157,0.00927877971734154,0.008342342667936802,29.0,25.0,0.0,0.0
c_10312,0.14589360208414887,0.18650694216637148,0.040613340082222615,0.15991676222836748,0.36578118812770494,-0.003631629174198212,-0.004791819250121724,-28.0,-17.0,1.0,0.1
c_10382,0.30320091892427414,0.26027099177866525,-0.04292992714560889,0.09604380528701302,0.17708394115600432,-0.013232656837843852,-0.01569477824440467,1.0,-1.0,1.0,0.1
c_10393,0.3006337728403081,0.049746748059395,-0.2508870247809131,0.12511612681181541,0.16486885124304165,-0.0017830234632157688,-0.006273174911866296,-2.0,17.0,1.0,0.1
c_10641,0.06891577978764869,0.18334368355504504,0.11442790376739635,0.09221075882843624,0.16795390818846348,-0.017556579487276975,-0.01884231129790719,-9.0,-4.0,1.0,0.1
c_10695,0.059504031829313214,0.21253355034443683,0.1530295185151236,0.07536367883794637,0.12436497850738232,-0.06549440285226883,-0.06344305874058115,14.0,0.0,1.0,0.1
c_10733,0.024888908105772736,-0.06418955729853917,-0.08907846540431191,0.0516081246862375,0.1753703047203576,0.0301334976834835,0.014681768471854893,6.0,-40.0,1.0,0.1
c_10878,-0.03544804784468331,0.2569350667893727,0.29238311463405603,0.05035871753440768,0.13645714580668128,-0.00012118483640164689,-0.0008011827412647311,5.0,-1.0,1.0,0.1
c_10898,-0.11391658503083363,-0.02384512387326187,0.09007146115757175,0.05012597301510882,0.10918967168526159,-0.04853767352668017,-0.038394528303125675,77.0,-30.0,1.0,0.1
c_11013,0.06205193676387431,0.2522411621201711,0.1901892253562968,0.05074580718847174,0.18166397678542823,-0.039033359599474876,-0.04036752077472693,2.0,0.0,1.0,0.1
c_11087,0.04590844734596374,0.02683053895570558,-0.01907790839025816,0.054368592870360694,0.21581200013480437,0.019611244107075054,0.018544910459773856,29.0,46.0,0.4919965701602637,0.0491996570160263
c_11203,0.0844978948263839,0.2824993994092489,0.198001504582865,0.06971079875673394,0.1697798864565911,-0.025912468024483565,-0.028514029486617742,-36.0,2.0,1.0,0.1
c_11307,0.149746518012642,0.09566409077906583,-0.05408242723357616,0.04073242576430085,0.10603006704460807,-0.016275151527172894,-0.027836574381069557,-19.0,14.0,1.0,0.1
c_11327,0.17832495898760825,0.29395447496011023,0.11562951597250198,0.08095717321188926,0.1556040499655909,-0.020980090235269835,-0.023781547612441445,-4.0,0.0,1.0,0.1
c_11461,0.26407620142421084,0.33219769466901944,0.0681214932448086,0.12367303555950687,0.28402121556660365,-0.00928593101921646,-0.009386612860235195,-1.0,-1.0,1.0,0.1
c_11735,0.26571249378287853,0.3941621917320301,0.12844969794915156,0.025858665110954186,0.054045279171373174,-0.054389020739003736,-0.055625123422126756,64.0,-1.0,1.0,0.1
c_11752,-0.18458237616304563,-0.0822720548389369,0.10231032132410872,0.07300648865762956,0.15633489684089097,0.006087402273597952,0.009316822361558714,52.0,20.0,1.0,0.1
c_1181,0.27400049001893784,0.19345633685554903,-0.08054415316338881,0.0442104874601899,0.12671152392521276,-0.018359905827227418,-0.018036069581364365,1.0,42.0,1.0,0.1
c_1186,0.5171573319535101,0.5487325796709419,0.03157524771743181,0.10927189575215362,0.3568853641047224,0.009718589789023348,0.007502411819002356,-17.0,-16.0,1.0,0.1
c_11996,0.456870760119378,0.4253688612326608,-0.03150189888671717,0.09110518223135665,0.2003004654993561,0.007858170086755255,0.0037536526682569633,0.0,0.0,1.0,0.1
c_12060,-0.013440688038796476,0.011283332176772378,0.024724020215568854,0.04504977805574547,0.14462137061228514,-0.03897724081847205,-0.0431790857312792,-12.0,-28.0,0.0,0.0
c_12158,-0.23360379713552998,0.546719368384231,0.7803231655197609,0.06804493952258839,0.2084084118419042,0.01602440676148492,0.016629504603707938,-22.0,-1.0,1.0,0.1
c_12164,0.11856023375172532,0.24742852876631494,0.12886829501458963,0.07191646960599986,0.1493071288197409,-0.010545846358529004,-0.010228358948183568,48.0,1.0,1.0,0.1
c_12174,0.2355280766228879,0.17393233977687514,-0.06159573684601277,0.08369289203457494,0.14474285397146233,-0.06908432964026719,-0.07840831866229715,2.0,-18.0,1.0,0.1
c_12189,0.0866355449435662,-0.1964768620304818,-0.28311240697404805,0.04366303776924145,0.13415210034086733,0.003033286471197477,-0.0009669596180953078,-4.0,-17.0,1.0,0.1
c_12193,0.05113942711187606,-0.16722512164104975,-0.2183645487529258,0.10061266842558629,0.14908905599070807,-0.022699192694280043,-0.029222078653270266,-17.0,-59.0,1.0,0.1
c_12231,-0.35711506933041814,-0.5328149239435079,-0.1756998546130898,0.0611349019333941,0.1203012658669604,0.06696439630537544,0.04533193055022446,69.0,-41.0,1.0,0.1
c_12237,-0.03172219258539032,-0.1667644703821248,-0.13504227779673447,0.04460466012428581,0.1279690572158738,0.3015431861358137,0.2900748190231014,-31.0,-47.0,1.0,0.1
c_12441,-0.1509208079983424,0.1043711141846356,0.255291922182978,0.044652340251743264,0.11237812953206741,-0.025110226743215964,-0.027179512027772672,11.0,47.0,1.0,0.1
c_12517,0.3341542613305395,0.5722162257936332,0.2380619644630937,0.1309277832678598,0.37227226675187103,-0.041883501824724945,-0.04376939063392498,-19.0,0.0,1.0,0.1
c_12624,0.04373293937038779,0.26193750574814173,0.21820456637775393,0.09872974286844659,0.21078432015801743,-0.0010825030889623627,0.00033985217995676176,47.0,-16.0,1.0,0.1
c_12767,-0.07533764516503023,0.07565181813408617,0.1509894632991164,0.09003159024758849,0.1773092922874047,-0.006917574626821151,-0.007211886357524883,32.0,-33.0,1.0,0.1
c_12858,0.090652611490433,0.09798373642555261,0.007331124935119615,0.06021583417173283,0.19454543168952979,0.0009754562591317526,-0.0017997282012535978,-25.0,-1.0,1.0,0.1
c_1286,0.08487029978688607,0.08227307847801878,-0.0025972213088672896,0.09186927822075351,0.22959686801034904,0.002297745859454695,0.0005118409469030879,18.0,32.0,1.0,0.1
c_12971,0.03796401108613651,0.18689282746937078,0.14892881638323427,0.02497102948470472,0.09768197257315064,-0.014388597733421842,-0.010817790091500037,-17.0,1.0,1.0,0.1
c_12974,-0.00938617575564531,0.013498773133678133,0.022884948889323443,0.08713755309149718,0.1295542827913467,-0.0139194046673842,-0.024582891157287196,19.0,12.0,1.0,0.1
c_12993,0.18055773910818693,0.1669135594095844,-0.013644179698602515,0.05936537877315008,0.2558838775692594,0.04080064311420809,0.036204733518456794,34.0,-33.0,1.0,0.1
c_12999,0.27299505140376895,0.43739145254375056,0.1643964011399816,0.07963065254879646,0.24345898809818212,0.008581448764044763,0.006106827380603623,-36.0,0.0,1.0,0.1
c_13020,0.03774929505625374,0.25116481423013487,0.21341551917388113,0.14340848570495837,0.2347124520462391,-0.04445727889800804,-0.044704649021991096,11.0,18.0,1.0,0.1
c_13044,-0.05235973403895694,0.10547743890060642,0.15783717293956334,0.04485881439193488,0.1390877113583735,0.0011644171256331656,-0.0015692527877255193,-45.0,-29.0,1.0,0.1
c_13083,0.2621157072904832,0.2662927689999757,0.004177061709492502,0.09334360050538267,0.12818626707537986,-0.0297033505367284,-0.03153620091170339,1.0,0.0,1.0,0.1
c_13166,-0.0783502336390596,0.17335172747818767,0.2517019611172473,0.07669197024000289,0.23512810177424387,0.03671924147268065,0.03172328506128893,-8.0,30.0,1.0,0.1
c_13170,-0.2404260345605027,0.3389898088628794,0.579415843423382,0.06245645247009779,0.23879966051866963,-0.060874120414007526,-0.05977276781262672,38.0,-1.0,1.0,0.1
c_13229,0.2616535542275402,0.16084568239572278,-0.10080787183181744,0.04858581357113046,0.06204591503558607,-0.10675932873147365,-0.10569121765728136,1.0,30.0,1.0,0.1
c_13269,0.1209644449734133,0.00773862535608956,-0.11322581961732374,0.03875277160289543,0.12561316908289555,-0.0019954222075632393,-0.0052947858183492276,-15.0,-17.0,1.0,0.1
c_13308,-0.1813734096842889,0.11715382024969556,0.29852722993398445,0.33475295037901115,2.564989832257997,0.01474802208685453,0.012269014895225286,-25.0,-2.0,0.0,0.0
c_13389,0.1473067962799742,0.2904679193490879,0.1431611230691137,0.061257244862492684,0.2517827989235392,0.08889825982214987,0.08286660081389467,-31.0,-15.0,1.0,0.1
c_13403,0.08825874762086094,0.07149666720924491,-0.01676208041161603,0.08128281357137035,0.25185349601889845,0.025455357965986487,0.02252832580475769,41.0,31.0,1.0,0.1
c_13441,0.002395133762267035,0.3618809772688081,0.35948584350654106,0.08082469608274165,0.20216437208599963,-0.018952553175050853,-0.02068350953063479,12.0,32.0,1.0,0.1
c_13607,0.10545312441302525,0.13670913638392232,0.03125601197089707,0.022708363431926528,0.027544143742178583,-0.1337547997590301,-0.13799916722914252,-7.0,-28.0,1.0,0.1
c_13615,-0.14341510658137396,0.05976199902399411,0.20317710560536806,0.10861061122931157,0.45716504812810677,0.044525826647513166,0.038936428053904154,-36.0,38.0,1.0,0.1
c_13658,-0.03723322001579163,0.19809005472975288,0.23532327474554451,0.013476663786880724,0.03971386007683903,-0.13946150280071282,-0.1483542632022473,66.0,38.0,1.0,0.1
c_13690,0.41833355919069926,0.37600761468984006,-0.04232594450085919,0.1198898017837971,0.22713881564977842,-0.007446109850714963,-0.010347352614107881,0.0,0.0,1.0,0.1
c_1379,0.29810225785143923,0.258696972105124,-0.039405285746315244,0.09116065160570516,0.13228497056147037,1.513932817043609e-05,-0.0032557619296308244,1.0,-4.0,1.0,0.1
c_1387,0.13178620256655194,-0.05702986265775801,-0.18881606522430994,0.09533805186272054,0.18047487074578375,-0.007634981876722669,-0.00912695151080768,8.0,-19.0,1.0,0.1
c_13873,0.06567606877047372,0.1726817131006994,0.10700564433022569,0.006656567865512164,0.03577054812867252,-0.2408430978616213,-0.24395662694920262,6.0,2.0,1.0,0.1
c_14106,-0.24447483796160965,0.009304302904542996,0.25377914086615266,0.008491066531299996,0.004233102732485876,-0.025546967895511332,-0.02651711549300792,62.0,47.0,0.0,0.0
c_14135,0.32677216025112354,0.25668584554285834,-0.07008631470826521,0.056565042601473235,0.1325520045652291,-0.0386418754764131,-0.039871694589304264,-1.0,19.0,1.0,0.1
c_14296,0.43973224377774534,0.09813950918937386,-0.34159273458837147,0.018359590802403843,0.035533359420965804,-0.14265158724921015,-0.1439801811546244,5.0,17.0,1.0,0.1
c_14363,-0.06347042407763423,0.2015852388789668,0.265055662956601,0.07125493261448669,0.07309118270360479,-0.07540053482824216,-0.08306712632090123,50.0,-1.0,1.0,0.1
c_14388,0.07118584026729617,0.06015521762087123,-0.011030622646424938,0.08727129824630334,0.744186105817445,0.010997003535196856,0.0076679354519722616,-5.0,-12.0,1.0,0.1
c_14396,-0.13994620415899045,0.11325129224288799,0.25319749640187844,0.08477261759088527,0.19437205137844626,0.07000409590968555,0.06718921487408665,74.0,-16.0,1.0,0.1
c_14413,0.05189646719572063,0.07811788102788231,0.02622141383216168,0.02194828851723105,0.10806062786449906,-0.049911987057409825,-0.04591692333272801,-14.0,-26.0,1.0,0.1
c_14416,0.14674712990766764,-0.04417942689058352,-0.19092655679825116,0.038537609502082064,0.0812862699167103,0.007249097167743721,0.003979517007962094,30.0,44.0,1.0,0.1
c_14417,0.018878445038454872,-0.020048770490612253,-0.038927215529067125,0.04483868558584797,0.08851841069471399,-0.0014075482811886503,-0.0017965832142111358,-51.0,-18.0,1.0,0.1
c_14435,-0.02291501971787438,0.020017084894847464,0.042932104612721844,0.11872969922512025,0.22854154361786758,0.0012237985423017763,-0.00018931796424885108,-12.0,-32.0,1.0,0.1
c_14471,0.03215991128966668,0.5095636831940624,0.47740377190439576,0.0339259892666477,0.17697293458754332,-0.02026819172417965,-0.02071279332146504,12.0,0.0,1.0,0.1
c_14820,0.1591538271098535,0.4796143914271507,0.3204605643172972,0.2295763090868102,0.20384937663928523,-0.005786125823471124,-0.008498033932172671,-38.0,0.0,1.0,0.1
c_14855,0.34409008867452995,0.4233001477888456,0.07921005911431567,0.11100031322365743,0.3340797511336276,-0.02983583185233334,-0.03252591372294022,1.0,0.0,1.0,0.1
c_14886,0.3065709137089426,0.35039003637884936,0.04381912266990673,0.14016335970572685,0.3105101320456728,-0.003979286257577117,-0.006999770919527054,1.0,-2.0,1.0,0.1
c_1494,-0.00549826159549259,0.16711348347526736,0.17261174507075994,0.03133169492729803,0.24486110271881298,-0.010077568159516496,-0.009224257474746781,-2.0,32.0,1.0,0.1
c_14964,-0.35593729647976824,-0.07437459074688568,0.28156270573288256,0.0323825910992057,0.08678321045747597,0.04845319388248848,0.046452103029521706,45.0,-17.0,1.0,0.1
c_15030,-0.32415788602281104,0.12467976366058565,0.4488376496833967,0.07230751175104717,0.1187653577806925,-0.1556604894375585,-0.1550096032032469,43.0,-38.0,1.0,0.1
c_15035,0.011835568125192642,0.22395419609398565,0.212118627968793,0.004981525683759753,0.04157671827380931,-0.01687230645271066,-0.019457753374919912,14.0,-1.0,0.0,0.0
c_15072,0.06774877884794253,-0.15992508206296818,-0.2276738609109107,0.03264730181050883,0.07873631072872773,-0.053246395897423054,-0.05568279121455861,65.0,62.0,1.0,0.1
c_15179,0.46185731345940023,0.6005898630186783,0.1387325495592781,0.15432510631079846,0.26824667873364005,0.07214743930397428,0.07146773335125049,0.0,0.0,1.0,0.1
c_15235,0.36779538978462023,0.35212955651169275,-0.015665833272927476,0.09378924070971206,0.18248911365414938,0.007461849225720363,0.00730154838656117,-1.0,-1.0,1.0,0.1
c_15282,0.009113209842571808,-0.10402422488445337,-0.11313743472702517,0.07240467543859667,0.1885588325135157,0.03502084277440857,0.037223277417259885,59.0,71.0,1.0,0.1
c_15420,0.36385410144776353,0.22544673124490935,-0.13840737020285418,0.043502815351857356,0.2105329498343052,0.034442911670971806,0.0489120021904105,0.0,1.0,1.0,0.1
c_15446,0.051805957428765814,0.4325883391941832,0.3807823817654174,0.014714586456033928,0.07939755087964352,-0.002084859460350702,-0.0009892364267049165,-21.0,0.0,0.0,0.0
c_15486,0.07442829115802024,-0.1354579302430407,-0.20988622140106095,0.06202370864421189,0.14937484604392848,-0.025039752392761145,-0.03928970507653231,79.0,-10.0,1.0,0.1
c_15527,0.16876802678323438,0.22705650296870175,0.05828847618546737,0.06111457550734272,0.1450906562056558,-0.11008619185661588,-0.11922158601910511,-1.0,-18.0,1.0,0.1
c_15555,0.02691990338345675,-0.025984061320185242,-0.05290396470364199,0.05236424203049437,0.1448392420862943,-0.002453645876231402,0.001588147308831056,19.0,-29.0,0.0,0.0
c_15570,0.08184389698335133,0.15291434873730295,0.07107045175395162,0.0917249331729425,0.1331696971131191,0.0021880065487692585,0.003783918950459533,25.0,30.0,1.0,0.1
c_15604,0.15957912860487994,-0.03965778610282436,-0.1992369147077043,0.017405608854819298,0.03883738018298475,-0.19061204919958774,-0.20433820488797116,1.0,-21.0,1.0,0.1
c_15616,0.08730547474125758,0.15700614511989122,0.06970067037863364,0.040285727243359985,0.1352148186059563,-0.0354444399956376,-0.03655939609972009,12.0,14.0,1.0,0.1
c_15630,-0.06274481616651188,-0.16045990300017815,-0.09771508683366627,0.014516917318303383,0.08874387207432467,0.08405231030131836,0.08136583341870639,-34.0,30.0,1.0,0.1
c_15640,0.24908001775361804,0.11932535967210642,-0.12975465808151163,0.02217943202669474,0.1320325937762284,-0.005152507019624535,-0.019061253266267834,-29.0,19.0,1.0,0.1
c_15642,0.10688365435772314,0.2042303928754564,0.09734673851773328,0.026299894309058384,0.15985518945627886,0.004188866837418699,0.00400878531625105,-5.0,-4.0,1.0,0.1
c_15647,-0.04170325670673352,0.29827832754342026,0.3399815842501538,0.07866286192887165,0.2818995227455225,0.05844461128847877,0.05500532921184775,-42.0,0.0,1.0,0.1
c_15794,-0.04020064500749699,0.2285119208936688,0.2687125659011658,0.3091452713497723,2.6104992588887987,0.009271484294857935,0.007735857484345979,12.0,-2.0,0.0,0.0
c_15856,-0.05664234376961021,0.07019850732303892,0.12684085109264914,0.05678068141148627,0.11518395243266771,-0.02396623720811845,-0.027497983606586267,-52.0,7.0,1.0,0.1
c_16008,0.09107884511786477,-0.07683418411427317,-0.16791302923213794,0.015047527962854999,0.03740081582712742,-0.29027236020066605,-0.2908420364344925,-24.0,-32.0,1.0,0.1
c_16048,0.09254883805115101,0.4260011652402732,0.3334523271891222,0.04480490894264784,0.17555615313722764,-0.04658969471487731,-0.0497950169475469,-24.0,-1.0,1.0,0.1
