container_id,model,bias,actual_std,pred_std,amplitude_ratio,pearson_r,phase_lag_steps,mae,rmse,r2
c_10032,gru,0.010042353089653478,0.06299921776343763,0.004816136788576841,0.0764475648993208,-0.1905303426254333,53.0,0.052241074546349964,0.06487344738960343,-0.06038515722848681
c_10032,ridge,0.014445441094772103,0.06299921776343763,0.013892387600301705,0.22051682693057695,0.046237725924268,66.0,0.05489148735341109,0.06549530702050577,-0.08081173288138999
c_10034,gru,0.05093171205496199,0.13307478035605072,0.010942427441477776,0.08222765735326076,0.5041330068095273,5.0,0.12282097901064043,0.13767525328388847,-0.07033629413728115
c_10034,ridge,0.04837838651852274,0.13307478035605072,0.013862570425463426,0.10417128165361736,0.2040909850899864,20.0,0.12548522087607147,0.13960135795463066,-0.1004942294939215
c_10089,gru,-0.024606320085617844,0.07169447891476498,0.005345013923943043,0.0745526573991498,0.28178378649376146,-1.0,0.05516193824749318,0.07455316807445218,-0.08133629711320789
c_10089,ridge,-0.02897705880010601,0.07169447891476498,0.0159978054458355,0.22313859711365952,0.36820608155140283,-16.0,0.054577065594017794,0.07342388512624941,-0.04882564207732365
c_10132,gru,-0.019313673208710077,0.19003685080271865,0.019233785569667816,0.10121082036680783,-0.2365020109101492,-38.0,0.15921730204130705,0.19643281658955403,-0.06844565684021453
c_10132,ridge,-0.014215989414679159,0.19003685080271865,0.022742745972313013,0.11967545176762978,0.12455491810473243,11.0,0.15165159014660554,0.18909439126731598,0.009894107773207095
c_1016,gru,0.002461320030614257,0.037954899649077126,0.001836080919019878,0.0483753332506709,0.12744685663517094,-4.0,0.026337212390693237,0.037844954690990806,0.00578506168492432
c_1016,ridge,0.0019331641369822912,0.037954899649077126,0.007822255170804397,0.20609342253904747,0.18833974557873057,35.0,0.0258130042235038,0.03733183275206397,0.03256247681716662
c_10306,gru,0.00927877971734154,0.11385031065216984,0.006782157812267542,0.05957083273130518,0.0916785842186677,29.0,0.09896603509258815,0.11380864322014445,0.0007318347569316153
c_10306,ridge,0.008342342667936802,0.11385031065216984,0.015567097209181147,0.13673302356408157,-0.040414649746014164,25.0,0.10041152703245138,0.11583211007180634,-0.03511712986814808
c_10312,gru,-0.003631629174198212,0.011971251317778264,0.0019144037505611777,0.15991676222836748,0.14589360208414887,-28.0,0.009440879691841694,0.012388599883242271,-0.07094053505434572
c_10312,ridge,-0.004791819250121724,0.011971251317778264,0.004378858530392287,0.36578118812770494,0.18650694216637148,-17.0,0.01016407503638242,0.012879955314197332,-0.1575762721652385
c_10382,gru,-0.013232656837843852,0.09792209000249842,0.009404810145497322,0.09604380528701302,0.30320091892427414,1.0,0.06704382574804701,0.09640451466631417,0.030755385414178882
c_10382,ridge,-0.01569477824440467,0.09792209000249842,0.01734042962387539,0.17708394115600432,0.26027099177866525,-1.0,0.06608863977079442,0.09618662174478987,0.03513179609432071
c_10393,gru,-0.0017830234632157688,0.07327151863729381,0.009167448617517948,0.12511612681181541,0.3006337728403081,-2.0,0.05786415931068963,0.07107782750523897,0.05898205704665671
c_10393,ridge,-0.006273174911866296,0.07327151863729381,0.012080191106563746,0.16486885124304165,0.049746748059395,17.0,0.05972643888411844,0.07393195596668975,-0.018108367014403326
c_10641,gru,-0.017556579487276975,0.031239752235556747,0.002880641259253025,0.09221075882843624,0.06891577978764869,-9.0,0.028195943850844275,0.035777788685820676,-0.31163146869712244
c_10641,ridge,-0.01884231129790719,0.031239752235556747,0.005246838478801045,0.16795390818846348,0.18334368355504504,-4.0,0.028761314260436512,0.03603304631350721,-0.3304139750194719
c_10695,gru,-0.06549440285226883,0.1593982852906902,0.012012841179966927,0.07536367883794637,0.059504031829313214,14.0,0.12132359730430815,0.17208648623204323,-0.1655374798115392
c_10695,ridge,-0.06344305874058115,0.1593982852906902,0.01982356432429028,0.12436497850738232,0.21253355034443683,0.0,0.11992982617338989,0.16876807699387025,-0.1210198774606277
c_10733,gru,0.0301334976834835,0.13768540929770545,0.007105685770511627,0.0516081246862375,0.024888908105772736,6.0,0.11164174763726176,0.1409506661888855,-0.047993106223649606
c_10733,ridge,0.014681768471854893,0.13768540929770545,0.024145932184085762,0.1753703047203576,-0.06418955729853917,-40.0,0.1086756491370725,0.14206566837103793,-0.0646391633001342
c_10878,gru,-0.00012118483640164689,0.10969896331687722,0.00552429910749197,0.05035871753440768,-0.03544804784468331,5.0,0.08240969358724913,0.11003344422383152,-0.006107456740428008
c_10878,ridge,-0.0008011827412647311,0.10969896331687722,0.014969207432172896,0.13645714580668128,0.2569350667893727,-1.0,0.07990825120779654,0.10683984328058074,0.05144735847382509
c_10898,gru,-0.04853767352668017,0.1611769535229937,0.00807915162295103,0.05012597301510882,-0.11391658503083363,77.0,0.1275640894100085,0.16939854494249448,-0.1046214334886435
c_10898,ridge,-0.038394528303125675,0.1611769535229937,0.017598858638406347,0.10918967168526159,-0.02384512387326187,-30.0,0.12817922543273264,0.16702438389186428,-0.07387534464234546
c_11013,gru,-0.039033359599474876,0.080441159528662,0.004082051571458578,0.05074580718847174,0.06205193676387431,2.0,0.062111967527414956,0.08927650916858816,-0.2317363454029815
c_11013,ridge,-0.04036752077472693,0.080441159528662,0.014613260937207783,0.18166397678542823,0.2522411621201711,0.0,0.06260389377885307,0.08786831875845315,-0.1931855613782898
c_11087,gru,0.019611244107075054,0.1281947913060115,0.0069697704166173935,0.054368592870360694,0.04590844734596374,29.0,0.06990198787323579,0.1295571140252266,-0.02136688065634651
c_11087,ridge,0.018544910459773856,0.1281947913060115,0.02766597431861417,0.21581200013480437,0.02683053895570558,46.0,0.07154954440291152,0.1317304375004828,-0.05592119907175053
c_11203,gru,-0.025912468024483565,0.07589097176668522,0.005290420260280371,0.06971079875673394,0.0844978948263839,-36.0,0.051603818597178476,0.07994393756698931,-0.10966232869172154
c_11203,ridge,-0.028514029486617742,0.07589097176668522,0.012884760569628177,0.1697798864565911,0.2824993994092489,2.0,0.048163838357732254,0.07865131783643009,-0.07406800516397993
c_11307,gru,-0.016275151527172894,0.26055273834573334,0.010612945072352886,0.04073242576430085,0.149746518012642,-19.0,0.15374644810277588,0.2596864973399166,0.006638203433431578
c_11307,ridge,-0.027836574381069557,0.26055273834573334,0.02762642431545433,0.10603006704460807,0.09566409077906583,14.0,0.15064259548568132,0.26086129747350384,-0.0023698989696769868
c_11327,gru,-0.020980090235269835,0.09097683280009965,0.007365227211266756,0.08095717321188926,0.17832495898760825,-4.0,0.07467752329540041,0.09236999633879843,-0.03086127583015874
c_11327,ridge,-0.023781547612441445,0.09097683280009965,0.014156363636737914,0.1556040499655909,0.29395447496011023,0.0,0.07295181513827996,0.09102516215336051,-0.0010627362747752667
c_11461,gru,-0.00928593101921646,0.049435146510285986,0.006113794632256031,0.12367303555950687,0.26407620142421084,-1.0,0.03650420518864978,0.049069479942053185,0.014739075148696656
c_11461,ridge,-0.009386612860235195,0.049435146510285986,0.01404063040356457,0.28402121556660365,0.33219769466901944,-1.0,0.03388480486709563,0.04762272841004982,0.07198094065105465
c_11735,gru,-0.054389020739003736,0.11142939547651111,0.002881415421143174,0.025858665110954186,0.26571249378287853,64.0,0.05864023690503558,0.12333836131311023,-0.22517125629132195
c_11735,ridge,-0.055625123422126756,0.11142939547651111,0.00602223278642539,0.054045279171373174,0.3941621917320301,-1.0,0.05930925729475741,0.12254763881461017,-0.20951246089654973
c_11752,gru,0.006087402273597952,0.12179983860286846,0.008892178535461426,0.07300648865762956,-0.18458237616304563,52.0,0.1018104837080522,0.1238997891950387,-0.034779244978981216
c_11752,ridge,0.009316822361558714,0.12179983860286846,0.01904156520321661,0.15633489684089097,-0.0822720548389369,20.0,0.10263260933789504,0.12516471375272006,-0.056015749488947275
c_1181,gru,-0.018359905827227418,0.11774126887445972,0.005205398891121149,0.0442104874601899,0.27400049001893784,1.0,0.0709888364114522,0.1178614621195401,-0.0020426923265213226
c_1181,ridge,-0.018036069581364365,0.11774126887445972,0.01491917560797101,0.12671152392521276,0.19345633685554903,42.0,0.07211216824333115,0.11718035743474274,0.009505169648495126
c_1186,gru,0.009718589789023348,0.05997405791801819,0.006553479004651308,0.10927189575215362,0.5171573319535101,-17.0,0.04766403589432631,0.057686748619514776,0.07482209205822699
c_1186,ridge,0.007502411819002356,0.05997405791801819,0.02140386349690963,0.3568853641047224,0.5487325796709419,-16.0,0.04297603480735255,0.05198566043075814,0.24865351004419345
c_11996,gru,0.007858170086755255,0.08141372486981392,0.00741721224039793,0.09110518223135665,0.456870760119378,0.0,0.06304429759148998,0.07869679721281646,0.06563004438762632
c_11996,ridge,0.0037536526682569633,0.08141372486981392,0.016307206989460234,0.2003004654993561,0.4253688612326608,0.0,0.0603891508558328,0.0760180517295769,0.128157131774438
c_12060,gru,-0.03897724081847205,0.23439577949258059,0.010559477843344212,0.04504977805574547,-0.013440688038796476,-12.0,0.14108889383628723,0.23798874624958202,-0.030892231918949298
c_12060,ridge,-0.0431790857312792,0.23439577949258059,0.03389863889595196,0.14462137061228514,0.011283332176772378,-28.0,0.1384440588618394,0.2403656063379995,-0.05158667641424186
c_12158,gru,0.01602440676148492,0.057086624146550746,0.0038844558876007795,0.06804493952258839,-0.23360379713552998,-22.0,0.048674256212456225,0.060285626548710794,-0.11521559733916287
c_12158,ridge,0.016629504603707938,0.057086624146550746,0.011897332675798341,0.2084084118419042,0.546719368384231,-1.0,0.04579258153398733,0.05416945134693286,0.09959032939695212
c_12164,gru,-0.010545846358529004,0.07374665315787411,0.005303598940372467,0.07191646960599986,0.11856023375172532,48.0,0.05726852080238509,0.07406192474644117,-0.008568402171225786
c_12164,ridge,-0.010228358948183568,0.07374665315787411,0.011010901043067461,0.1493071288197409,0.24742852876631494,1.0,0.0558603458876217,0.07254375043847851,0.03235651310054033
c_12174,gru,-0.06908432964026719,0.1317859920664638,0.011029550805687904,0.08369289203457494,0.2355280766228879,2.0,0.1121724650568749,0.14689160696874742,-0.24238289506589572
c_12174,ridge,-0.07840831866229715,0.1317859920664638,0.019075080605160465,0.14474285397146233,0.17393233977687514,-18.0,0.11646270223697826,0.1516733289746603,-0.3245853193026986
c_12189,gru,0.003033286471197477,0.037696343350997544,0.0016459368634968996,0.04366303776924145,0.0866355449435662,-4.0,0.028736568150191086,0.03771171559952942,-0.0008157493009270933
c_12189,ridge,-0.0009669596180953078,0.037696343350997544,0.005057043635706809,0.13415210034086733,-0.1964768620304818,-17.0,0.02900364355672505,0.03901836206859403,-0.07137034182855784
c_12193,gru,-0.022699192694280043,0.12674603065131262,0.012752256356179714,0.10061266842558629,0.05113942711187606,-17.0,0.09832688743577388,0.12875215178357716,-0.03190628448847099
c_12193,ridge,-0.029222078653270266,0.12674603065131262,0.01889644606037355,0.14908905599070807,-0.16722512164104975,-59.0,0.10003935887060655,0.13444919761344773,-0.12524656250898114
c_12231,gru,0.06696439630537544,0.313689750349535,0.0191773921251297,0.0611349019333941,-0.35711506933041814,69.0,0.2986201028122091,0.3279480034530014,-0.09297272761880304
c_12231,ridge,0.04533193055022446,0.313689750349535,0.03773727405653984,0.1203012658669604,-0.5328149239435079,-41.0,0.31465431081083955,0.33837117798143684,-0.16355272991588232
c_12237,gru,0.3015431861358137,0.2399900532408431,0.010704674758017063,0.04460466012428581,-0.03172219258539032,-31.0,0.3019625169634179,0.385747454194736,-1.5835665495996465
c_12237,ridge,0.2900748190231014,0.2399900532408431,0.030711300854418047,0.1279690572158738,-0.1667644703821248,-47.0,0.29238752832708176,0.38097251112738495,-1.52000148597834
c_12441,gru,-0.025110226743215964,0.046564866607934324,0.0020792302675545216,0.044652340251743264,-0.1509208079983424,11.0,0.028642288405575738,0.05321989776228416,-0.3062651651686348
c_12441,ridge,-0.027179512027772672,0.046564866607934324,0.005232872611309884,0.11237812953206741,0.1043711141846356,47.0,0.029407261693516415,0.053698527238555414,-0.32986642940620214
c_12517,gru,-0.041883501824724945,0.0637695394174914,0.008349204435944557,0.1309277832678598,0.3341542613305395,-19.0,0.06252041841476103,0.0743953424583844,-0.36102133775023915
c_12517,ridge,-0.04376939063392498,0.0637695394174914,0.023739630988672315,0.37227226675187103,0.5722162257936332,0.0,0.05750583772703229,0.06937843452974543,-0.18364762679929858
c_12624,gru,-0.0010825030889623627,0.08438259174358037,0.008331071585416794,0.09872974286844659,0.04373293937038779,47.0,0.060640533130206974,0.0844364380403931,-0.0012766490320788026
c_12624,ridge,0.00033985217995676176,0.08438259174358037,0.017786527233842123,0.21078432015801743,0.26193750574814173,-16.0,0.05863546863805796,0.08155138159694583,0.0659783876419856
c_12767,gru,-0.006917574626821151,0.12586455898876414,0.011331786401569843,0.09003159024758849,-0.07533764516503023,32.0,0.10372059209997113,0.12740899938385652,-0.02469187599861633
c_12767,ridge,-0.007211886357524883,0.12586455898876414,0.022316955878364072,0.1773092922874047,0.07565181813408617,-33.0,0.10378222150350586,0.12636038208469505,-0.007894195274887661
c_12858,gru,0.0009754562591317526,0.05477289470447233,0.003298195544630289,0.06021583417173283,0.090652611490433,-25.0,0.04026511154740074,0.05458155827411839,0.006974334170847585
c_12858,ridge,-0.0017997282012535978,0.05477289470447233,0.01065581644516673,0.19454543168952979,0.09798373642555261,-1.0,0.038940162577231006,0.054794881528356154,-0.0008029970647167595
c_1286,gru,0.002297745859454695,0.14027801934540585,0.012887240387499332,0.09186927822075351,0.08487029978688607,18.0,0.09825489565533617,0.1397942303573911,0.0068856795629013146
c_1286,ridge,0.0005118409469030879,0.14027801934540585,0.032207393892400335,0.22959686801034904,0.08227307847801878,32.0,0.10059100564695007,0.14132262068458723,-0.014948752975750157
c_12971,gru,-0.014388597733421842,0.13929183336775605,0.003478260478004813,0.02497102948470472,0.03796401108613651,-17.0,0.10131238629186645,0.13994484008762847,-0.009398072626096488
c_12971,ridge,-0.010817790091500037,0.13929183336775605,0.013606301046693017,0.09768197257315064,0.18689282746937078,1.0,0.10042940298771702,0.13782581345725126,0.02093884595579054
c_12974,gru,-0.0139194046673842,0.1350679566991563,0.011769491247832775,0.08713755309149718,-0.00938617575564531,19.0,0.10703492329816983,0.13640185389979573,-0.019849027855094237
c_12974,ridge,-0.024582891157287196,0.1350679566991563,0.017498632258251868,0.1295542827913467,0.013498773133678133,12.0,0.10956442821921246,0.1381668005464474,-0.046412074016767724
c_12993,gru,0.04080064311420809,0.07874569609351607,0.004674768075346947,0.05936537877315008,0.18055773910818693,34.0,0.07617607261847571,0.08805962489162088,-0.25054697348477584
c_12993,ridge,0.036204733518456794,0.07874569609351607,0.020149754058299375,0.2558838775692594,0.1669135594095844,-33.0,0.07332933307208638,0.08595344287421869,-0.19144198853248096
c_12999,gru,0.008581448764044763,0.07026363068816519,0.0055951387621462345,0.07963065254879646,0.27299505140376895,-36.0,0.05385315215675716,0.06947860786393714,0.02222024308637749
c_12999,ridge,0.006106827380603623,0.07026363068816519,0.01710631242744507,0.24345898809818212,0.43739145254375056,0.0,0.0483500913899915,0.0649264994751963,0.14614760142289385
c_13020,gru,-0.04445727889800804,0.08091384924899435,0.011603732593357563,0.14340848570495837,0.03774929505625374,11.0,0.07331688492519384,0.09266747772058505,-0.3116228095238742
c_13020,ridge,-0.044704649021991096,0.08091384924899435,0.018991487961731206,0.2347124520462391,0.25116481423013487,18.0,0.07337092530304055,0.09019044396216185,-0.24243971548912824
c_13044,gru,0.0011644171256331656,0.1657157825439153,0.007433813530951738,0.04485881439193488,-0.05235973403895694,-45.0,0.1307073744377061,0.16627489874916943,-0.006759276766201694
c_13044,ridge,-0.0015692527877255193,0.1657157825439153,0.023049028929995084,0.1390877113583735,0.10547743890060642,-29.0,0.12856736796497792,0.16489293551133208,0.009906167450957182
c_13083,gru,-0.0297033505367284,0.11580237214882685,0.010809410363435745,0.09334360050538267,0.2621157072904832,1.0,0.0873760589998978,0.11727366412068918,-0.02557181639188011
c_13083,ridge,-0.03153620091170339,0.11580237214882685,0.014844273804232049,0.12818626707537986,0.2662927689999757,0.0,0.08735426928688743,0.11708782242168927,-0.022323977337909806
c_13166,gru,0.03671924147268065,0.06798944023677965,0.00521424412727356,0.07669197024000289,-0.0783502336390596,-8.0,0.06465163232338712,0.07780493209072596,-0.309577861761281
c_13166,ridge,0.03172328506128893,0.06798944023677965,0.015986228023567396,0.23512810177424387,0.17335172747818767,30.0,0.0602571615503101,0.07421361155033568,-0.1914729917752267
c_13170,gru,-0.060874120414007526,0.06354012430057294,0.00396849075332284,0.06245645247009779,-0.2404260345605027,38.0,0.07152094000829513,0.0887693963569008,-0.951777976083386
c_13170,ridge,-0.05977276781262672,0.06354012430057294,0.01517336011229089,0.23879966051866963,0.3389898088628794,-1.0,0.06827489565947369,0.08477446681003091,-0.7800574282534691
c_13229,gru,-0.10675932873147365,0.2721355668797564,0.013221927918493748,0.04858581357113046,0.2616535542275402,1.0,0.149089573611518,0.28939108373990013,-0.13083614333742744
c_13229,ridge,-0.10569121765728136,0.2721355668797564,0.016884900260782414,0.06204591503558607,0.16084568239572278,30.0,0.14954590629974732,0.28988848564183317,-0.13472681911882667
c_13269,gru,-0.0019954222075632393,0.16953799650805326,0.006570067256689072,0.03875277160289543,0.1209644449734133,-15.0,0.13197118024863239,0.16888102606650968,0.007735110170899229
c_13269,ridge,-0.0052947858183492276,0.16953799650805326,0.021296205021341448,0.12561316908289555,0.00773862535608956,-17.0,0.13297166427408233,0.17078880087654927,-0.014809876704976688
c_13308,gru,0.01474802208685453,0.004865419599840783,0.00162871356587857,0.33475295037901115,-0.1813734096842889,-25.0,0.01474802208685453,0.015706804670645457,-9.421616438337788
c_13308,ridge,0.012269014895225286,0.004865419599840783,0.01247975180326038,2.564989832257997,0.11715382024969556,-2.0,0.01386029437059894,0.01776846251556472,-12.337029145359695
c_13389,gru,0.08889825982214987,0.11222082774291114,0.00687433872371912,0.061257244862492684,0.1473067962799742,-31.0,0.1282176388508949,0.1425355865543669,-0.6132425902044776
c_13389,ridge,0.08286660081389467,0.11222082774291114,0.02825527410662653,0.2517827989235392,0.2904679193490879,-15.0,0.11962399765441216,0.13570814012026045,-0.4623955658989751
c_13403,gru,0.025455357965986487,0.06347268415901416,0.00515923835337162,0.08128281357137035,0.08825874762086094,41.0,0.05331278674070211,0.06815842072154209,-0.15309558493961095
c_13403,ridge,0.02252832580475769,0.06347268415901416,0.015985817407151073,0.25185349601889845,0.07149666720924491,31.0,0.052020409029885,0.06816717280103551,-0.15339173711160403
c_13441,gru,-0.018952553175050853,0.05824863574442433,0.004707928281277418,0.08082469608274165,0.002395133762267035,12.0,0.045833335853063366,0.061424374559758396,-0.11201327021776097
c_13441,ridge,-0.02068350953063479,0.05824863574442433,0.011775798870137659,0.20216437208599963,0.3618809772688081,32.0,0.04258576247010151,0.05884670524525774,-0.0206404782132934
c_13607,gru,-0.1337547997590301,0.2644638588542939,0.006005541421473026,0.022708363431926528,0.10545312441302525,-7.0,0.13613523315032827,0.2958590442311432,-0.25151782290661373
c_13607,ridge,-0.13799916722914252,0.2644638588542939,0.0072844305428939,0.027544143742178583,0.13670913638392232,-28.0,0.1397633401521505,0.297508376359781,-0.26551044661637646
c_13615,gru,0.044525826647513166,0.049993309106588384,0.0054298038594424725,0.10861061122931157,-0.14341510658137396,-36.0,0.060781200447914685,0.06774381258462092,-0.8361810521873803
c_13615,ridge,0.038936428053904154,0.049993309106588384,0.022855193563796797,0.45716504812810677,0.05976199902399411,38.0,0.05718849736088638,0.0663412943054758,-0.7609381905062771
c_13658,gru,-0.13946150280071282,0.4416793301306196,0.005952363833785057,0.013476663786880724,-0.03723322001579163,66.0,0.1978737553947537,0.46342350718789316,-0.1008850354986186
c_13658,ridge,-0.1483542632022473,0.4416793301306196,0.01754079111563942,0.03971386007683903,0.19809005472975288,38.0,0.20184514233361814,0.4629556455196181,-0.09866330136558688
c_13690,gru,-0.007446109850714963,0.051900485185259033,0.006222338881343603,0.1198898017837971,0.41833355919069926,0.0,0.02419434035507967,0.05017596163212112,0.06535094001089736
c_13690,ridge,-0.010347352614107881,0.051900485185259033,0.011788614736628608,0.22713881564977842,0.37600761468984006,0.0,0.023685861883098694,0.04979548574028538,0.0794717720679552
c_1379,gru,1.513932817043609e-05,0.08819106093953107,0.008039554581046104,0.09116065160570516,0.29810225785143923,1.0,0.06682205807191922,0.0861369772377795,0.04604009860104341
c_1379,ridge,-0.0032557619296308244,0.08819106093953107,0.011666351900170705,0.13228497056147037,0.258696972105124,-4.0,0.06713530983297211,0.08597695583474858,0.049581253860437435
c_1387,gru,-0.007634981876722669,0.018320446213133574,0.001746635651215911,0.09533805186272054,0.13178620256655194,8.0,0.014547385107604928,0.01971162961664162,-0.15763851099525517
c_1387,ridge,-0.00912695151080768,0.018320446213133574,0.003306380162320365,0.18047487074578375,-0.05702986265775801,-19.0,0.01546235850822418,0.02089931190161128,-0.3013433004346353
c_13873,gru,-0.2408430978616213,0.4510254175095913,0.0030022813007235527,0.006656567865512164,0.06567606877047372,6.0,0.24788398228989747,0.5111364535029185,-0.28431535879104963
c_13873,ridge,-0.24395662694920262,0.4510254175095913,0.016133426404281455,0.03577054812867252,0.1726817131006994,2.0,0.25269162822877544,0.5105741709701378,-0.28149125621131366
c_14106,gru,-0.025546967895511332,0.1697596984966465,0.0014414408942684531,0.008491066531299996,-0.24447483796160965,62.0,0.028312317764469835,0.1720253639354599,-0.026870742524205626
c_14106,ridge,-0.02651711549300792,0.1697596984966465,0.0007186102435721326,0.004233102732485876,0.009304302904542996,47.0,0.029151561736013087,0.17181315131534064,-0.024338784276497494
c_14135,gru,-0.0386418754764131,0.10022623717778426,0.005669301375746727,0.056565042601473235,0.32677216025112354,-1.0,0.07444180410327643,0.10582665973107816,-0.11487794786490713
c_14135,ridge,-0.039871694589304264,0.10022623717778426,0.013285188647945392,0.1325520045652291,0.25668584554285834,19.0,0.07233287110579865,0.1054892407669956,-0.10777990180914676
c_14296,gru,-0.14265158724921015,0.11470620534416302,0.002105958992615342,0.018359590802403843,0.43973224377774534,5.0,0.14416548741888452,0.18248006667606523,-1.5307953985066325
c_14296,ridge,-0.1439801811546244,0.11470620534416302,0.0040758968223092535,0.035533359420965804,0.09813950918937386,17.0,0.14524261594195595,0.18388217038662247,-1.5698360462899696
c_14363,gru,-0.07540053482824216,0.2249131963439394,0.016026174649596214,0.07125493261448669,-0.06347042407763423,50.0,0.11496436977760378,0.23871653245870078,-0.12651017722233027
c_14363,ridge,-0.08306712632090123,0.2249131963439394,0.01643917152642661,0.07309118270360479,0.2015852388789668,-1.0,0.11686221792988417,0.2372038418702646,-0.11227855105756634
c_14388,gru,0.010997003535196856,0.023308831361329833,0.0020341919735074043,0.08727129824630334,0.07118584026729617,-5.0,0.021514110214215742,0.02572203610761493,-0.21778238433095432
c_14388,ridge,0.0076679354519722616,0.023308831361329833,0.017346108441943585,0.744186105817445,0.06015521762087123,-12.0,0.024057964273691754,0.029229141541044293,-0.572501690904752
c_14396,gru,0.07000409590968555,0.10404797504699322,0.008820419199764729,0.08477261759088527,-0.13994620415899045,74.0,0.10815262419635223,0.12673288724736612,-0.4835814458581378
c_14396,ridge,0.06718921487408665,0.10404797504699322,0.02022401835165746,0.19437205137844626,0.11325129224288799,-16.0,0.10420365919083448,0.12358301035780381,-0.41075070166556027
c_14413,gru,-0.049911987057409825,0.16630657424692946,0.003650144673883915,0.02194828851723105,0.05189646719572063,-14.0,0.13223349205497356,0.17349178616250868,-0.08827587381656787
c_14413,ridge,-0.04591692333272801,0.16630657424692946,0.017971192831117127,0.10806062786449906,0.07811788102788231,-26.0,0.13355638715375992,0.17211117958169628,-0.07102430620332956
c_14416,gru,0.007249097167743721,0.2652086440202514,0.01022050715982914,0.038537609502082064,0.14674712990766764,30.0,0.15881673783416259,0.2640020781089472,0.009078295934115022
c_14416,ridge,0.003979517007962094,0.2652086440202514,0.021557821422074894,0.0812862699167103,-0.04417942689058352,44.0,0.15908247964180386,0.2670606241604019,-0.014014976276989222
c_14417,gru,-0.0014075482811886503,0.06549632841566351,0.002936769276857376,0.04483868558584797,0.018878445038454872,-51.0,0.04828168366675371,0.06552184669452864,-0.0007793795658590508
c_14417,ridge,-0.0017965832142111358,0.06549632841566351,0.005797630897693569,0.08851841069471399,-0.020048770490612253,-18.0,0.04861330958194419,0.06589260391958021,-0.012137300384729821
c_14435,gru,0.0012237985423017763,0.01801199914431654,0.002138559240847826,0.11872969922512025,-0.02291501971787438,-12.0,0.014528946583973414,0.018228236131060893,-0.02415445005787875
c_14435,ridge,-0.00018931796424885108,0.01801199914431654,0.004116490088085812,0.22854154361786758,0.020017084894847464,-32.0,0.015077897053446426,0.01839687644447781,-0.043192240131205484
c_14471,gru,-0.02026819172417965,0.044625229791021306,0.0015139550669118762,0.0339259892666477,0.03215991128966668,12.0,0.03649847791439608,0.04899140030940271,-0.20525453705478514
c_14471,ridge,-0.02071279332146504,0.044625229791021306,0.007897457872760503,0.17697293458754332,0.5095636831940624,0.0,0.0343835767317178,0.04608290280363771,-0.06639653392367117
c_14820,gru,-0.005786125823471124,0.09843437896040558,0.022598201408982277,0.2295763090868102,0.1591538271098535,-38.0,0.06403149313062982,0.09759830258591538,0.01691534348289747
c_14820,ridge,-0.008498033932172671,0.09843437896040558,0.02006578679095385,0.20384937663928523,0.4796143914271507,0.0,0.06047658715924428,0.09093704355580826,0.146530411897282
c_14855,gru,-0.02983583185233334,0.04529300042602047,0.0050275372341275215,0.11100031322365743,0.34409008867452995,1.0,0.04056243295092253,0.05301133680129972,-0.3698573030298735
c_14855,ridge,-0.03252591372294022,0.04529300042602047,0.015131474310420208,0.3340797511336276,0.4233001477888456,0.0,0.04091457994176124,0.052517949896893165,-0.3444769044538252
c_14886,gru,-0.003979286257577117,0.046925170457438097,0.0065771895460784435,0.14016335970572685,0.3065709137089426,1.0,0.03636491436348205,0.04551734045009032,0.0591030962809691
c_14886,ridge,-0.006999770919527054,0.046925170457438097,0.014570740875004807,0.3105101320456728,0.35039003637884936,-2.0,0.035374661902811896,0.0445435449072042,0.09893144277498478
c_1494,gru,-0.010077568159516496,0.07906002292852038,0.002477084519341588,0.03133169492729803,-0.00549826159549259,-2.0,0.05727300776519073,0.07975170276221352,-0.01757412887220733
c_1494,ridge,-0.009224257474746781,0.07906002292852038,0.019358724395252137,0.24486110271881298,0.16711348347526736,32.0,0.0550882853123214,0.0787324557565649,0.008269377111626453
c_14964,gru,0.04845319388248848,0.1769553210712143,0.005730271805077791,0.0323825910992057,-0.35593729647976824,45.0,0.15076650535746458,0.18551435521351664,-0.09907616455924662
c_14964,ridge,0.046452103029521706,0.1769553210712143,0.015356750870093425,0.08678321045747597,-0.07437459074688568,-17.0,0.1498579678079607,0.18469172449776733,-0.08935045681175158
c_15030,gru,-0.1556604894375585,0.12886682900422206,0.009318039752542973,0.07230751175104717,-0.32415788602281104,43.0,0.17074596928359284,0.2042110726171088,-1.5111710084805328
c_15030,ridge,-0.1550096032032469,0.12886682900422206,0.015304915052749753,0.1187653577806925,0.12467976366058565,-38.0,0.1678726425811828,0.20094045476575043,-1.4313779707188106
c_15035,gru,-0.01687230645271066,0.4041243291018966,0.002013155724853277,0.004981525683759753,0.011835568125192642,14.0,0.0655196501279985,0.40445759095423117,-0.00164998363532054
c_15035,ridge,-0.019457753374919912,0.4041243291018966,0.01680216337866175,0.04157671827380931,0.22395419609398565,-1.0,0.06284262291001796,0.4011683178409709,0.014575713542875568
c_15072,gru,-0.053246395897423054,0.17179641791412945,0.00560868950560689,0.03264730181050883,0.06774877884794253,65.0,0.09289444529316203,0.17958309007083745,-0.09270434971982633
c_15072,ridge,-0.05568279121455861,0.17179641791412945,0.013526616142969263,0.07873631072872773,-0.15992508206296818,62.0,0.09477245056298593,0.1831415500141219,-0.1364375170127745
c_15179,gru,0.07214743930397428,0.08955394369948151,0.013820421881973743,0.15432510631079846,0.46185731345940023,0.0,0.09517838386073053,0.11078316189108345,-0.5303052959177592
c_15179,ridge,0.07146773335125049,0.08955394369948151,0.024022547964885305,0.26824667873364005,0.6005898630186783,0.0,0.09089786286700541,0.10545384726329471,-0.38661350588906074
c_15235,gru,0.007461849225720363,0.039915590791719684,0.003743652952834964,0.09378924070971206,0.36779538978462023,-1.0,0.031931787527781356,0.03940849019896597,0.02524724788873889
c_15235,ridge,0.00730154838656117,0.039915590791719684,0.007284160784562651,0.18248911365414938,0.35212955651169275,-1.0,0.03068426279916117,0.03866343938123575,0.06175589045354757
c_15282,gru,0.03502084277440857,0.1903965149316179,0.013785597868263721,0.07240467543859667,0.009113209842571808,59.0,0.1540373464989789,0.19395745822118937,-0.03775534497002253
c_15282,ridge,0.037223277417259885,0.1903965149316179,0.03590094457014804,0.1885588325135157,-0.10402422488445337,71.0,0.1601832306904367,0.2008665739706188,-0.11300561430141198
c_15420,gru,0.034442911670971806,0.2326025841961158,0.01011886727064848,0.043502815351857356,0.36385410144776353,0.0,0.192561622363,0.23168918723497012,0.007838292725044105
c_15420,ridge,0.0489120021904105,0.2326025841961158,0.0489705081898906,0.2105329498343052,0.22544673124490935,1.0,0.19119315564895345,0.2318587493117705,0.006385531269911038
c_15446,gru,-0.002084859460350702,0.09185700775343594,0.001351637882180512,0.014714586456033928,0.051805957428765814,-21.0,0.02477523422456424,0.09182058184637583,0.0007929429795719978
c_15446,ridge,-0.0009892364267049165,0.09185700775343594,0.0072932214467552395,0.07939755087964352,0.4325883391941832,0.0,0.024352041745092905,0.08895093423794757,0.062272960257457766
c_15486,gru,-0.025039752392761145,0.23289553861521914,0.014445045031607151,0.06202370864421189,0.07442829115802024,79.0,0.1862358578361847,0.2336133539009536,-0.006173767788775875
c_15486,ridge,-0.03928970507653231,0.23289553861521914,0.03478873522496616,0.14937484604392848,-0.1354579302430407,-10.0,0.19387473979475986,0.24328844504616212,-0.09124087947329307
c_15527,gru,-0.11008619185661588,0.11719278402920241,0.007162187248468399,0.06111457550734272,0.16876802678323438,-1.0,0.13319219452747477,0.16006593037838235,-0.8655034804779811
c_15527,ridge,-0.11922158601910511,0.11719278402920241,0.017003577937364678,0.1450906562056558,0.22705650296870175,-18.0,0.13933137023190603,0.1653243702675962,-0.9900867642883493
c_15555,gru,-0.002453645876231402,0.35528130837355854,0.018604036420583725,0.05236424203049437,0.02691990338345675,19.0,0.30083085445035457,0.35527605528475464,2.9571214948398428e-05
c_15555,ridge,0.001588147308831056,0.35528130837355854,0.05145867543225323,0.1448392420862943,-0.025984061320185242,-29.0,0.3020894582959526,0.3603129510091502,-0.02852541144703702
c_15570,gru,0.0021880065487692585,0.033144444173200505,0.00304017192684114,0.0917249331729425,0.08184389698335133,25.0,0.025757485909884668,0.03310725340850006,0.002242903756257242
c_15570,ridge,0.003783918950459533,0.033144444173200505,0.004413835591527796,0.1331696971131191,0.15291434873730295,30.0,0.025686309811329244,0.032978981554719254,0.009959413352165769
c_15604,gru,-0.19061204919958774,0.5684021078854146,0.009893384762108326,0.017405608854819298,0.15957912860487994,1.0,0.2350821281238451,0.5980944969775057,-0.10720554831942408
c_15604,ridge,-0.20433820488797116,0.5684021078854146,0.02207524876075576,0.03883738018298475,-0.03965778610282436,-21.0,0.23705326651544226,0.6052417668411725,-0.13382602485296258
c_15616,gru,-0.0354444399956376,0.056331792350029185,0.0022693672217428684,0.040285727243359985,0.08730547474125758,12.0,0.04402678116402572,0.06642595390581654,-0.3904918897761127
c_15616,ridge,-0.03655939609972009,0.056331792350029185,0.0076168930843575925,0.1352148186059563,0.15700614511989122,14.0,0.04433139672006018,0.06658185234852156,-0.3970263808352319
c_15630,gru,0.08405231030131836,0.10660368191302083,0.0015475568361580372,0.014516917318303383,-0.06274481616651188,-34.0,0.10442682564017057,0.1358389983770635,-0.6236952929786213
c_15630,ridge,0.08136583341870639,0.10660368191302083,0.009460423510341119,0.08874387207432467,-0.16045990300017815,30.0,0.10502020375616627,0.13563884477002774,-0.6189139114253026
c_15640,gru,-0.005152507019624535,0.13671561893109346,0.003032274777069688,0.02217943202669474,0.24908001775361804,-29.0,0.08804459332613497,0.13608962704764593,0.009136611400490158
c_15640,ridge,-0.019061253266267834,0.13671561893109346,0.018050917777194704,0.1320325937762284,0.11932535967210642,19.0,0.08251921792920834,0.13708163664515563,-0.005361606403119223
c_15642,gru,0.004188866837418699,0.08340405190805644,0.0021935177501291037,0.026299894309058384,0.10688365435772314,-5.0,0.06358210487135142,0.08330357520571034,0.0024079448900372613
c_15642,ridge,0.00400878531625105,0.08340405190805644,0.013332570519183679,0.15985518945627886,0.2042303928754564,-4.0,0.06281794843979038,0.08182822982944389,0.03743068555354223
c_15647,gru,0.05844461128847877,0.0768951669970099,0.006048793904483318,0.07866286192887165,-0.04170325670673352,-42.0,0.08123356265300219,0.09697433417277139,-0.590433533082557
c_15647,ridge,0.05500532921184775,0.0768951669970099,0.021676710877894342,0.2818995227455225,0.29827832754342026,0.0,0.0771246379640822,0.09172770381603718,-0.4229936278950741
c_15794,gru,0.009271484294857935,0.00476745978382072,0.0014738376485183835,0.3091452713497723,-0.04020064500749699,12.0,0.009271484294857935,0.010555862252728872,-3.9024520228873714
c_15794,ridge,0.007735857484345979,0.00476745978382072,0.012445450232446142,2.6104992588887987,0.2285119208936688,-2.0,0.010406802301230202,0.014503265695685908,-8.254597388061562
c_15856,gru,-0.02396623720811845,0.15676657493357576,0.008901312947273254,0.05678068141148627,-0.05664234376961021,-52.0,0.12764548701044967,0.1593344080286187,-0.03302826028217942
c_15856,ridge,-0.027497983606586267,0.15676657493357576,0.01805699371018123,0.11518395243266771,0.07019850732303892,7.0,0.12402685767427729,0.15893560541975213,-0.02786354038065042
c_16008,gru,-0.29027236020066605,0.1715024471601342,0.0025806878693401814,0.015047527962854999,0.09107884511786477,-24.0,0.29151473339665906,0.3370417933651181,-2.862129849733602
c_16008,ridge,-0.2908420364344925,0.1715024471601342,0.006414331440137832,0.03740081582712742,-0.07683418411427317,-32.0,0.2917618962223765,0.33795320636554443,-2.8830456811170126
c_16048,gru,-0.04658969471487731,0.10531142907168396,0.004718468990176916,0.04480490894264784,0.09254883805115101,-24.0,0.08899475356392865,0.11485375069757597,-0.18943127062211107
c_16048,ridge,-0.0497950169475469,0.10531142907168396,0.018488069369208836,0.17555615313722764,0.4260011652402732,-1.0,0.0860754854965914,0.1106932550443678,-0.1048194331990997
