container_id,model,dom_freq_actual,dom_freq_pred,dom_freq_abs_error,spectral_corr,spectral_energy_ratio
c_10032,gru,0.20833333333333331,0.0625,0.14583333333333331,-0.16434517115957414,0.004348062472710334
c_10032,ridge,0.20833333333333331,0.0625,0.14583333333333331,-0.08521684085044244,0.03815448473728795
c_10034,gru,0.010416666666666666,0.010416666666666666,0.0,0.8770287165696098,0.006885773045961123
c_10034,ridge,0.010416666666666666,0.020833333333333332,0.010416666666666666,0.5371315493829525,0.03049165079465484
c_10089,gru,0.0625,0.0625,0.0,0.7167023547489565,0.0036401458985388982
c_10089,ridge,0.0625,0.0625,0.0,0.8034759294293541,0.052820034716856
c_10132,gru,0.03125,0.010416666666666666,0.020833333333333336,-0.043328899398677664,0.0076667324654675515
c_10132,ridge,0.03125,0.03125,0.0,0.48867117400428145,0.009518220232588992
c_1016,gru,0.05208333333333333,0.0625,0.010416666666666671,0.3854698569085212,0.0020044336045725543
c_1016,ridge,0.05208333333333333,0.0625,0.010416666666666671,0.4257900576052309,0.04878443340738626
c_10306,gru,0.041666666666666664,0.0625,0.020833333333333336,0.5236665671581094,0.0015831528357243374
c_10306,ridge,0.041666666666666664,0.07291666666666666,0.031249999999999993,0.21123366766049095,0.016949129007331983
c_10312,gru,0.020833333333333332,0.010416666666666666,0.010416666666666666,0.4103318165688469,0.021149505285853458
c_10312,ridge,0.020833333333333332,0.0625,0.04166666666666667,0.6789188770633624,0.10042407211989694
c_10382,gru,0.17708333333333331,0.0625,0.11458333333333331,0.04960361691329322,0.007725401599728834
c_10382,ridge,0.17708333333333331,0.0625,0.11458333333333331,-0.01645086421719824,0.0282271946280288
c_10393,gru,0.08333333333333333,0.0625,0.02083333333333333,0.38540357826929617,0.010152949480152091
c_10393,ridge,0.08333333333333333,0.05208333333333333,0.03125,0.42387673924764674,0.03828751743844739
c_10641,gru,0.020833333333333332,0.0625,0.04166666666666667,0.261413757046403,0.003419822063197132
c_10641,ridge,0.020833333333333332,0.0625,0.04166666666666667,0.24749775701882334,0.028091498472112855
c_10695,gru,0.010416666666666666,0.0625,0.052083333333333336,0.4535343686581921,0.0020558064674904434
c_10695,ridge,0.010416666666666666,0.0625,0.052083333333333336,0.10281953710480753,0.012658616453097297
c_10733,gru,0.020833333333333332,0.0625,0.04166666666666667,0.2672136345901024,0.0013442443992403206
c_10733,ridge,0.020833333333333332,0.0625,0.04166666666666667,0.11374854578341216,0.02006437340049149
c_10878,gru,0.19791666666666666,0.010416666666666666,0.1875,0.12952238824961096,0.0025864765988211067
c_10878,ridge,0.19791666666666666,0.03125,0.16666666666666666,-0.08955658323262473,0.023074018608704772
c_10898,gru,0.10416666666666666,0.010416666666666666,0.09374999999999999,0.11562231486065039,0.0016494738675636809
c_10898,ridge,0.10416666666666666,0.0625,0.04166666666666666,0.15392012010426107,0.012799821739631598
c_11013,gru,0.03125,0.0625,0.03125,0.22305506280103776,0.0015562075183568563
c_11013,ridge,0.03125,0.0625,0.03125,0.2100486893976418,0.0451130764852264
c_11087,gru,0.010416666666666666,0.010416666666666666,0.0,0.5728645159717082,0.005032005012124598
c_11087,ridge,0.010416666666666666,0.0625,0.052083333333333336,-0.07441938315509417,0.15134423978458636
c_11203,gru,0.05208333333333333,0.0625,0.010416666666666671,0.566702742733736,0.0027449872316356134
c_11203,ridge,0.05208333333333333,0.0625,0.010416666666666671,0.8454596452215757,0.038703651157492934
c_11307,gru,0.010416666666666666,0.0625,0.052083333333333336,0.1621834812958791,0.0011239022203473094
c_11307,ridge,0.010416666666666666,0.0625,0.052083333333333336,0.04156110646790364,0.008129198888707697
c_11327,gru,0.010416666666666666,0.010416666666666666,0.0,0.7481972459642904,0.005448317318197214
c_11327,ridge,0.010416666666666666,0.0625,0.052083333333333336,0.09427343202216683,0.02594596441322963
c_11461,gru,0.05208333333333333,0.0625,0.010416666666666671,0.2988708059229351,0.008975613927381006
c_11461,ridge,0.05208333333333333,0.0625,0.010416666666666671,0.42828248494659166,0.058861313269451106
c_11735,gru,0.010416666666666666,0.0625,0.052083333333333336,0.26123812790838064,0.00038462192304358745
c_11735,ridge,0.010416666666666666,0.0625,0.052083333333333336,0.30373493739127094,0.0032227303991742527
c_11752,gru,0.020833333333333332,0.010416666666666666,0.010416666666666666,0.28807276172359464,0.0038151692677277182
c_11752,ridge,0.020833333333333332,0.0625,0.04166666666666667,0.26211467039238956,0.01957815869902407
c_1181,gru,0.125,0.010416666666666666,0.11458333333333333,-0.20754740996879012,0.0009808426107624385
c_1181,ridge,0.125,0.05208333333333333,0.07291666666666667,-0.2024317308689828,0.019757520054970532
c_1186,gru,0.0625,0.0625,0.0,0.9185578467126085,0.005952642891869382
c_1186,ridge,0.0625,0.0625,0.0,0.925720533772458,0.1430058743545206
c_11996,gru,0.05208333333333333,0.010416666666666666,0.041666666666666664,0.42619167871049407,0.005022902091836417
c_11996,ridge,0.05208333333333333,0.0625,0.010416666666666671,0.7708281460720079,0.05400652118311143
c_12060,gru,0.17708333333333331,0.010416666666666666,0.16666666666666666,-0.1520650041476649,0.0009805989446611083
c_12060,ridge,0.17708333333333331,0.0625,0.11458333333333331,-0.032397058905795535,0.016392016856103964
c_12158,gru,0.05208333333333333,0.0625,0.010416666666666671,0.8235431563210409,0.0015300376412217913
c_12158,ridge,0.05208333333333333,0.0625,0.010416666666666671,0.9443203334489243,0.03505115774710787
c_12164,gru,0.020833333333333332,0.0625,0.04166666666666667,0.28353710555298733,0.001686390863203191
c_12164,ridge,0.020833333333333332,0.0625,0.04166666666666667,0.2827576233912672,0.01561125848902925
c_12174,gru,0.041666666666666664,0.010416666666666666,0.03125,0.07048940129495633,0.004245030947032557
c_12174,ridge,0.041666666666666664,0.05208333333333333,0.010416666666666664,0.17631974878228962,0.020145166805840293
c_12189,gru,0.0625,0.0625,0.0,0.5812181560642016,0.0022203062923560296
c_12189,ridge,0.0625,0.07291666666666666,0.010416666666666657,0.27076831511895866,0.018735385342596406
c_12193,gru,0.0625,0.010416666666666666,0.052083333333333336,0.41563976475107905,0.00803915081400769
c_12193,ridge,0.0625,0.07291666666666666,0.010416666666666657,0.3117849257381628,0.02112770935931703
c_12231,gru,0.010416666666666666,0.010416666666666666,0.0,0.8727495763378192,0.0032309749567156396
c_12231,ridge,0.010416666666666666,0.010416666666666666,0.0,0.9044037333047471,0.01146874942325575
c_12237,gru,0.010416666666666666,0.0625,0.052083333333333336,0.07804326057890995,0.0007770924993646323
c_12237,ridge,0.010416666666666666,0.0625,0.052083333333333336,0.36304438357052404,0.008891904190546931
c_12441,gru,0.07291666666666666,0.0625,0.010416666666666657,0.2067447537893823,0.004233144728547446
c_12441,ridge,0.07291666666666666,0.0625,0.010416666666666657,0.2762315394346881,0.042135865100441414
c_12517,gru,0.0625,0.0625,0.0,0.6909471704276746,0.007795577365813747
c_12517,ridge,0.0625,0.0625,0.0,0.780125398634422,0.16656778807240746
c_12624,gru,0.07291666666666666,0.010416666666666666,0.06249999999999999,0.38469767540998107,0.0038267789571935695
c_12624,ridge,0.07291666666666666,0.0625,0.010416666666666657,0.7038892027998395,0.03574401481382585
c_12767,gru,0.020833333333333332,0.0625,0.04166666666666667,0.11261189229953904,0.0026593312676971327
c_12767,ridge,0.020833333333333332,0.0625,0.04166666666666667,0.10393229721908691,0.03687261923683346
c_12858,gru,0.14583333333333331,0.0625,0.08333333333333331,0.05214204629974436,0.002345236034253968
c_12858,ridge,0.14583333333333331,0.0625,0.08333333333333331,0.16054061070971443,0.01512310507594064
c_1286,gru,0.11458333333333333,0.0625,0.05208333333333333,0.18023750089052565,0.008744378831425873
c_1286,ridge,0.11458333333333333,0.0625,0.05208333333333333,0.19150362305474464,0.12744032477968265
c_12971,gru,0.09375,0.0625,0.03125,0.10157269849769827,0.0005002633161305705
c_12971,ridge,0.09375,0.05208333333333333,0.04166666666666667,-0.0060515060986144915,0.008222343521575057
c_12974,gru,0.03125,0.010416666666666666,0.020833333333333336,0.3378711873351326,0.004182693019246668
c_12974,ridge,0.03125,0.0625,0.03125,0.16934884942745376,0.007814038734949052
c_12993,gru,0.125,0.010416666666666666,0.11458333333333333,-0.04967446797839313,0.0025791837332157816
c_12993,ridge,0.125,0.0625,0.0625,0.17899516439871124,0.09604488251419925
c_12999,gru,0.0625,0.0625,0.0,0.7871977702403857,0.003723262644496268
c_12999,ridge,0.0625,0.0625,0.0,0.9054501292536407,0.09203604037183437
c_13020,gru,0.010416666666666666,0.0625,0.052083333333333336,0.19299975817961618,0.008407845188160916
c_13020,ridge,0.010416666666666666,0.0625,0.052083333333333336,-0.012680484763644223,0.036902243259710914
c_13044,gru,0.10416666666666666,0.010416666666666666,0.09374999999999999,-0.1560538653121606,0.0008546052190134837
c_13044,ridge,0.10416666666666666,0.0625,0.04166666666666666,0.055143940804077404,0.01680129558284516
c_13083,gru,0.14583333333333331,0.010416666666666666,0.13541666666666666,0.04646009444292551,0.007059238323139286
c_13083,ridge,0.14583333333333331,0.010416666666666666,0.13541666666666666,0.08028793769718161,0.01543763232822759
c_13166,gru,0.010416666666666666,0.0625,0.052083333333333336,0.3696671670800402,0.003380630419651923
c_13166,ridge,0.010416666666666666,0.0625,0.052083333333333336,0.13144023532743715,0.07780965298062237
c_13170,gru,0.0625,0.010416666666666666,0.052083333333333336,0.10400311787049095,0.0014983458743267866
c_13170,ridge,0.0625,0.0625,0.0,0.5900131630576256,0.026572236465455878
c_13229,gru,0.010416666666666666,0.0625,0.052083333333333336,0.10683822200818235,0.001031899186293923
c_13229,ridge,0.010416666666666666,0.05208333333333333,0.041666666666666664,-0.23311299785317505,0.003125252110083838
c_13269,gru,0.20833333333333331,0.0625,0.14583333333333331,0.08051119222187876,0.0013463594966204562
c_13269,ridge,0.20833333333333331,0.07291666666666666,0.13541666666666666,0.1800922334792761,0.010025068153412179
c_13308,gru,0.010416666666666666,0.010416666666666666,0.0,0.657700295509662,0.08535678316337948
c_13308,ridge,0.010416666666666666,0.0625,0.052083333333333336,-0.01639389392772064,5.790689112631399
c_13389,gru,0.010416666666666666,0.0625,0.052083333333333336,0.48999439726707444,0.004050180240001761
c_13389,ridge,0.010416666666666666,0.0625,0.052083333333333336,0.19340370357645345,0.0722423711886236
c_13403,gru,0.10416666666666666,0.010416666666666666,0.09374999999999999,-0.06130681895712672,0.0042416696496655895
c_13403,ridge,0.10416666666666666,0.0625,0.04166666666666666,0.028713486915521794,0.06836359660390404
c_13441,gru,0.0625,0.0625,0.0,0.7644962030870385,0.003886625462269744
c_13441,ridge,0.0625,0.0625,0.0,0.8053059564986672,0.07659311938759164
c_13607,gru,0.03125,0.0625,0.03125,0.21589971029462734,0.0002005348698788409
c_13607,ridge,0.03125,0.05208333333333333,0.02083333333333333,0.3320267081308054,0.0002998617961846208
c_13615,gru,0.03125,0.010416666666666666,0.020833333333333336,0.2167176973496242,0.006914919198331451
c_13615,ridge,0.03125,0.0625,0.03125,0.23745601313243994,0.33749713423125993
c_13658,gru,0.020833333333333332,0.010416666666666666,0.010416666666666666,0.2956529809480395,5.302693679113447e-05
c_13658,ridge,0.020833333333333332,0.05208333333333333,0.031249999999999997,0.2726423979080602,0.0015497054632127025
c_13690,gru,0.0625,0.0625,0.0,0.6312700854876923,0.05049442075886577
c_13690,ridge,0.0625,0.0625,0.0,0.8085420567413792,0.21353896499092997
c_1379,gru,0.17708333333333331,0.010416666666666666,0.16666666666666666,0.3273380012678185,0.0058379978182154565
c_1379,ridge,0.17708333333333331,0.03125,0.14583333333333331,0.05956967779444951,0.012910215745019998
c_1387,gru,0.08333333333333333,0.0625,0.02083333333333333,-0.06669734027835723,0.0077515058172768015
c_1387,ridge,0.08333333333333333,0.0625,0.02083333333333333,-0.09885707130316193,0.027260256514358802
c_13873,gru,0.03125,0.0625,0.03125,0.19495894540377662,2.494128788080486e-05
c_13873,ridge,0.03125,0.0625,0.03125,0.16302486407174763,0.001144575979941932
c_14106,gru,0.0,0.05208333333333333,0.05208333333333333,0.18243060788061505,0.002913407266734703
c_14106,ridge,0.0,0.03125,0.03125,0.089995730846663,0.001426012468147887
c_14135,gru,0.05208333333333333,0.0625,0.010416666666666671,0.3974682916366255,0.0024464267161747534
c_14135,ridge,0.05208333333333333,0.05208333333333333,0.0,0.9411892121753724,0.04672568370297118
c_14296,gru,0.010416666666666666,0.010416666666666666,0.0,0.6450432875829367,0.00026387437277689425
c_14296,ridge,0.010416666666666666,0.020833333333333332,0.010416666666666666,0.14136027055969555,0.001080799832257139
c_14363,gru,0.020833333333333332,0.0625,0.04166666666666667,0.2897959411798418,0.009795560846813666
c_14363,ridge,0.020833333333333332,0.07291666666666666,0.05208333333333333,0.2284825900159135,0.012107794865194862
c_14388,gru,0.0625,0.010416666666666666,0.052083333333333336,0.09108043963243985,0.005906478791365564
c_14388,ridge,0.0625,0.05208333333333333,0.010416666666666671,0.8337805634047101,0.57245583089147
c_14396,gru,0.010416666666666666,0.010416666666666666,0.0,0.6561983310949377,0.0036210933493793615
c_14396,ridge,0.010416666666666666,0.0625,0.052083333333333336,0.6582825034071286,0.028311505872267672
c_14413,gru,0.010416666666666666,0.010416666666666666,0.0,0.4806279941069582,0.00032185336336792335
c_14413,ridge,0.010416666666666666,0.0625,0.052083333333333336,0.22297378659896447,0.01395572321778797
c_14416,gru,0.15625,0.010416666666666666,0.14583333333333334,0.03270493787057432,0.002375586558964906
c_14416,ridge,0.15625,0.0625,0.09375,0.15142271785496134,0.02295690821128527
c_14417,gru,0.010416666666666666,0.0625,0.052083333333333336,0.1648940168759524,0.0010625183329975054
c_14417,ridge,0.010416666666666666,0.0625,0.052083333333333336,0.11905739919167255,0.007432884984860836
c_14435,gru,0.0625,0.0625,0.0,0.5468965054416841,0.012900662325793722
c_14435,ridge,0.0625,0.0625,0.0,0.5493128171749329,0.049409718577652896
c_14471,gru,0.010416666666666666,0.010416666666666666,0.0,0.7518302470120113,0.0007976702980079481
c_14471,ridge,0.010416666666666666,0.0625,0.052083333333333336,0.6276430972966682,0.015829085552915425
c_14820,gru,0.07291666666666666,0.0625,0.010416666666666657,0.12291885003437422,0.029003638283556742
c_14820,ridge,0.07291666666666666,0.0625,0.010416666666666657,0.32909401812332895,0.04410435484842877
c_14855,gru,0.0625,0.0625,0.0,0.8074401851242985,0.006800431737816265
c_14855,ridge,0.0625,0.0625,0.0,0.8267768639128279,0.10385784876759797
c_14886,gru,0.020833333333333332,0.0625,0.04166666666666667,0.48986108690932356,0.01240378105141653
c_14886,ridge,0.020833333333333332,0.05208333333333333,0.031249999999999997,0.4512289626530067,0.05149027439197228
c_1494,gru,0.09375,0.010416666666666666,0.08333333333333333,0.14807696859457067,0.0006507084552352781
c_1494,ridge,0.09375,0.05208333333333333,0.04166666666666667,0.13562906103517733,0.06069261486110366
c_14964,gru,0.010416666666666666,0.010416666666666666,0.0,0.7944324018281038,0.0004958134423776135
c_14964,ridge,0.010416666666666666,0.0625,0.052083333333333336,0.2167533595048456,0.0041189175839098854
c_15030,gru,0.010416666666666666,0.010416666666666666,0.0,0.7910076391372188,0.0022266431254411227
c_15030,ridge,0.010416666666666666,0.0625,0.052083333333333336,0.4813574996403835,0.006846407322948459
c_15035,gru,0.07291666666666666,0.010416666666666666,0.06249999999999999,-0.5802687577718354,1.872668871678229e-05
c_15035,ridge,0.07291666666666666,0.0625,0.010416666666666657,0.06338498252916346,0.0014349182899956589
c_15072,gru,0.03125,0.0625,0.03125,0.19918403109851068,0.000510612094359885
c_15072,ridge,0.03125,0.07291666666666666,0.04166666666666666,0.24537062737446846,0.004809315688914387
c_15179,gru,0.07291666666666666,0.0625,0.010416666666666657,0.34433987091039175,0.01581938355115547
c_15179,ridge,0.07291666666666666,0.0625,0.010416666666666657,0.43188613838076845,0.04195729383243072
c_15235,gru,0.07291666666666666,0.0625,0.010416666666666657,0.6454467985499651,0.004694069755448113
c_15235,ridge,0.07291666666666666,0.0625,0.010416666666666657,0.6245276926080193,0.02983464526785608
c_15282,gru,0.020833333333333332,0.010416666666666666,0.010416666666666666,0.037163715702709314,0.004056388679794037
c_15282,ridge,0.020833333333333332,0.0625,0.04166666666666667,-0.17426530989891587,0.030120722999010533
c_15420,gru,0.03125,0.010416666666666666,0.020833333333333336,0.3506577662552716,0.001592031068602516
c_15420,ridge,0.03125,0.0625,0.03125,0.06735883110364128,0.05695720290713503
c_15446,gru,0.05208333333333333,0.010416666666666666,0.041666666666666664,0.06933418152382712,0.0013403763564093336
c_15446,ridge,0.05208333333333333,0.05208333333333333,0.0,0.4826913106455218,0.022561234659601928
c_15486,gru,0.010416666666666666,0.010416666666666666,0.0,0.591684189422684,0.002312535866905199
c_15486,ridge,0.010416666666666666,0.0625,0.052083333333333336,0.02665685564728612,0.023694876960577035
c_15527,gru,0.17708333333333331,0.010416666666666666,0.16666666666666666,0.18966949488019763,0.0024305510815322007
c_15527,ridge,0.17708333333333331,0.0625,0.11458333333333331,0.2061704509821967,0.015980408891542057
c_15555,gru,0.10416666666666666,0.0625,0.04166666666666666,-0.11557942573405704,0.0013246667582748407
c_15555,ridge,0.10416666666666666,0.09375,0.010416666666666657,0.3439259326422774,0.020062581160056544
c_15570,gru,0.010416666666666666,0.010416666666666666,0.0,0.5471309309489294,0.0042743773846469005
c_15570,ridge,0.010416666666666666,0.0625,0.052083333333333336,0.35141448046841045,0.012663953522159835
c_15604,gru,0.35416666666666663,0.010416666666666666,0.34374999999999994,0.0978063558554431,9.492015019293767e-05
c_15604,ridge,0.35416666666666663,0.05208333333333333,0.3020833333333333,-0.3064791095197695,0.0009135397082469033
c_15616,gru,0.020833333333333332,0.0625,0.04166666666666667,0.21617915051092798,0.0005933563963202476
c_15616,ridge,0.020833333333333332,0.0625,0.04166666666666667,0.012935953536476337,0.008248396360014261
c_15630,gru,0.020833333333333332,0.010416666666666666,0.010416666666666666,0.40184554199573996,0.00015389980317883945
c_15630,ridge,0.020833333333333332,0.0625,0.04166666666666667,0.10920986487670614,0.006273759329623149
c_15640,gru,0.010416666666666666,0.0625,0.052083333333333336,0.28578061619523526,0.00042614196994431063
c_15640,ridge,0.010416666666666666,0.03125,0.020833333333333336,0.4820980232793712,0.03291360246607578
c_15642,gru,0.0625,0.010416666666666666,0.052083333333333336,0.09343012661177048,0.0007433285078794186
c_15642,ridge,0.0625,0.0625,0.0,0.9440412692715958,0.03331576513353675
c_15647,gru,0.05208333333333333,0.010416666666666666,0.041666666666666664,0.16765454410722552,0.002958262511306853
c_15647,ridge,0.05208333333333333,0.0625,0.010416666666666671,0.4253983166786437,0.09646652297202099
c_15794,gru,0.041666666666666664,0.010416666666666666,0.03125,0.41826706894942906,0.1262701998153805
c_15794,ridge,0.041666666666666664,0.05208333333333333,0.010416666666666664,0.2770683042881108,8.364811999868008
c_15856,gru,0.03125,0.0625,0.03125,0.1723180928615578,0.0018410767857295642
c_15856,ridge,0.03125,0.03125,0.0,0.6332291749556646,0.018902696813212615
c_16008,gru,0.010416666666666666,0.010416666666666666,0.0,0.8677522901931359,0.000273829272545449
c_16008,ridge,0.010416666666666666,0.020833333333333332,0.010416666666666666,0.37295629821630755,0.002336599609081314
c_16048,gru,0.05208333333333333,0.0625,0.010416666666666671,0.28401135145054757,0.001017377958128426
c_16048,ridge,0.05208333333333333,0.05208333333333333,0.0,0.9178955149072212,0.029366775277053683
