dominant_freq,dominant_period_steps,daily_freq_power_fraction,peak_power,total_power,container_id
0.0013020833333333333,768.0,0.02147511616989501,249.9075849384204,730.0629175289757,c_10032
0.001303780964797914,767.0,0.06569294886340053,1723.7409618684674,6668.669152966645,c_10034
0.0026041666666666665,384.0,0.003083543379566761,30.37567820493212,888.3783552181842,c_10089
0.3285340314136126,3.043824701195219,0.000893116981054871,9.690482753447226,508.24646803905716,c_10132
0.08463541666666666,11.815384615384616,0.0002587213240337667,7.546646543409826,386.5101958278144,c_1016
0.04427083333333333,22.58823529411765,0.0008435015065257564,2.485590909982409,115.08451798007866,c_10306
0.014322916666666666,69.81818181818183,9.894740912589179e-05,22.203530687650222,1824.715404625529,c_10312
0.05078125,19.692307692307693,0.001192544540098608,9.463851310690332,373.22833881124086,c_10382
0.006510416666666666,153.60000000000002,0.006127330880157549,185.79557201113988,2792.719802710064,c_10393
0.001303780964797914,767.0,0.0033304957534274313,51.2859695323437,1168.1059834571959,c_10641
0.01953125,51.2,0.009394689038883219,13.385210375991308,345.96474812881036,c_10695
0.002617801047120419,382.0,0.0021868356091163605,343.0040450054812,3790.8344998902394,c_10733
0.009114583333333332,109.71428571428572,0.0022280691013381046,5.510558561242444,257.8832857428762,c_10878
0.08072916666666666,12.38709677419355,0.005281221761824943,7.085242395121617,330.0624479889467,c_10898
0.0013054830287206266,766.0,0.0017841258175837992,1159.5191024449928,11019.917692558884,c_11013
0.0546875,18.285714285714285,0.0005245411699235989,2936.519488134603,150557.04967783252,c_11087
0.0013054830287206266,766.0,0.010661343796601653,619.5652674599529,3255.409108131382,c_11203
0.009114583333333332,109.71428571428572,0.005803563023344014,224.67286861698787,4843.531662386011,c_11307
0.00261437908496732,382.5,0.008368007852859296,15.95484258157867,500.4443135572236,c_11327
0.005249343832020997,190.5,0.002045483778615607,144.0380806100528,4019.486331615327,c_11461
0.001303780964797914,767.0,0.0062503618070750685,195.95399418589415,4182.123927703936,c_11735
0.0392156862745098,25.5,0.0005424213965782511,4.780058222778658,250.65383970838013,c_11752
0.5,2.0,0.0014580368525028656,1718.4496507878523,51358.44830999925,c_1181
0.001303780964797914,767.0,0.021830062679735383,348.8420139769616,1111.5589943131445,c_1186
0.005215123859191656,191.75,0.0051163580949338365,234.4955775886059,2295.876914894155,c_11996
0.01171875,85.33333333333333,0.001273854760210206,1.0185525488478924,42.41261317781139,c_12060
0.005235602094240838,191.0,0.003073598501398471,236.2164124974017,3376.9366247197386,c_12158
0.0013020833333333333,768.0,0.0008527064996747867,38.121671696603954,847.074749008883,c_12164
0.1015625,9.846153846153847,0.00032763689552087145,9.97706124446626,381.53780118268094,c_12174
0.0013020833333333333,768.0,0.0006399300315179799,10.322373002411085,470.76796364247883,c_12189
0.0799475753604194,12.508196721311476,0.001942598418070107,7.767906260413146,175.63393075877417,c_12193
0.0013020833333333333,768.0,0.07598649907182524,6000.180045475965,18488.826505852914,c_12231
0.002631578947368421,380.0,0.024279560617491508,36748.7457970939,82316.52150291741,c_12237
0.006544502617801047,152.8,0.00020141826261591402,160.86912282289393,7941.221581776019,c_12441
0.001303780964797914,767.0,0.0017843096525189254,299.8552325282616,1617.0083881394744,c_12517
0.16036505867014342,6.235772357723577,8.739247460395534e-06,2.979494039970848,149.35798494711247,c_12624
0.12369791666666666,8.08421052631579,0.004872043405106093,9.27377129871144,365.14751897338414,c_12767
0.01171875,85.33333333333333,0.001820789006792479,4.598955646964267,243.98040302271565,c_12858
0.04308093994778068,23.21212121212121,4.891252440669292e-05,7.822563600134343,327.99683743858265,c_1286
0.09114583333333333,10.971428571428572,0.0004920359449345633,17.716930393130646,933.4369351748738,c_12971
0.00130718954248366,765.0,0.004508710877181154,10.46317885672055,310.31505093813075,c_12974
0.001303780964797914,767.0,0.0034741264976124705,850.8416789378791,32812.84655721768,c_12993
0.00130718954248366,765.0,0.004168473605717968,425.0072413605177,3459.0018344983814,c_12999
0.001303780964797914,767.0,0.020259639842138775,178.58084947014038,1099.5866967918728,c_13020
0.03660130718954248,27.321428571428577,0.000489986492733619,7.355568160599404,302.40323155451483,c_13044
0.00390625,256.0,0.00289241638821381,62.24464908269896,899.3757913081504,c_13083
0.0026041666666666665,384.0,0.0005325023255786502,379.7992807086691,3102.897720628563,c_13166
0.0013020833333333333,768.0,0.005378520906300806,1395.277586050695,4905.6039230684455,c_13170
0.006510416666666666,153.60000000000002,0.007620882812403784,49.701672143420964,1255.0317528714975,c_13229
0.08984375,11.130434782608695,0.001404513554260741,5.4141032879464035,248.0978343886459,c_13269
0.00390625,256.0,4.615588380191862e-05,0.0003522987273981611,0.0608931925246812,c_13308
0.001303780964797914,767.0,0.021208552522777726,9933.792140872547,37971.66741270624,c_13389
0.018252933507170794,54.78571428571429,0.0008196370968467611,2.6014116005293046,181.5354944412157,c_13403
0.001310615989515072,763.0,0.007680457510014571,126.79955944964318,1863.9749205292483,c_13441
0.0013020833333333333,768.0,0.005849836317368424,139.0782718953652,2245.0921613529,c_13607
0.0026041666666666665,384.0,0.0011666161521377142,727.7011018902778,17109.55939456963,c_13615
0.001303780964797914,767.0,0.006222520524569711,58.634985552634234,1073.1105843146279,c_13658
0.08463541666666666,11.815384615384616,0.001228166720819376,89.0615316723073,4615.3823614157445,c_13690
0.061197916666666664,16.340425531914896,0.002410584516891318,4.9590748455982085,198.77458722767904,c_1379
0.07040417209908735,14.203703703703704,0.00017455104498538982,10.633293720171462,704.6542130332905,c_1387
0.00130718954248366,765.0,0.004703445314264562,104.53750484566712,1509.8182881775701,c_13873
0.003942181340341655,253.66666666666669,0.00465809690125562,0.003351041882554577,0.42146674831090647,c_14106
0.0026041666666666665,384.0,0.001240975681909863,162.28618729746435,2581.111321567907,c_14135
0.0013020833333333333,768.0,0.0433687830992752,711.6506091066803,3849.0702989789193,c_14296
0.002607561929595828,383.5,0.0014873403994762405,7.891142287852542,287.7563281762194,c_14363
0.00651890482398957,153.4,0.0005263389087460932,66.94709780458871,2100.0660816218838,c_14388
0.001303780964797914,767.0,0.013492790976747989,1595.6712575937659,4836.117196628484,c_14396
0.013020833333333332,76.80000000000001,0.006314298343372825,5.371959738444918,222.1479044849567,c_14413
0.006510416666666666,153.60000000000002,0.01172609336174418,3.271372923184499,94.56565320574697,c_14416
0.0013020833333333333,768.0,0.0010322794759413192,782.3676431219915,6819.462094944478,c_14417
0.1484375,6.7368421052631575,0.0005517927794926751,37.36052317465253,2145.7460868736393,c_14435
0.0013157894736842105,760.0,0.015082706590079426,1919.0420273079635,6454.58625400802,c_14471
0.12516297262059972,7.989583333333335,0.0007536249812954156,644.5930240054026,6148.669769678723,c_14820
0.001303780964797914,767.0,0.008349956256311493,216.71296312800348,1103.9978117828603,c_14855
0.001303780964797914,767.0,0.01504452910122096,598.3598187962695,2664.7667460797297,c_14886
0.0651890482398957,15.34,0.0009771699773913599,2.716753792840448,142.78944027093988,c_1494
0.00391644908616188,255.33333333333331,0.008400228386782317,232.306226785268,3128.8709398912943,c_14964
0.001303780964797914,767.0,0.013423030281328399,1978.5750891711346,5988.38793978336,c_15030
0.009186351706036745,108.85714285714286,0.002575534555464093,0.005098247042144365,1.0468387420654484,c_15035
0.037760416666666664,26.48275862068966,0.002328819506624749,62.22417701443888,2369.7720804217242,c_15072
0.001303780964797914,767.0,0.017937427846975704,764.6459023532102,3781.069413729549,c_15179
0.007822685788787483,127.83333333333336,0.002531900985437316,57.20818252105472,3071.728755938577,c_15235
0.13428943937418514,7.446601941747573,0.0006410858459501748,4.1405610515324875,149.68451115014943,c_15282
0.0274869109947644,36.38095238095238,0.00534970737821797,66.90672092400354,2235.676040865048,c_15420
0.125,8.0,0.0004597322014373951,4.114681879812725,112.11213714922035,c_15446
0.0013020833333333333,768.0,0.01796165596868626,39.99367462930273,915.0223074003943,c_15486
0.0013333333333333333,750.0,0.007918649636369391,10337.086833258792,46272.9668575275,c_15527
0.09567496723460027,10.452054794520548,0.0001836545213885343,328.99567337309134,2189.9583916633537,c_15555
0.09505208333333333,10.52054794520548,0.0016429096894425188,27.859489374417315,1398.9062763962245,c_15570
0.0013020833333333333,768.0,0.006090602484536912,27.278202858730562,458.3332804368494,c_15604
0.0013020833333333333,768.0,0.022163388947452213,128.50124296022898,793.4441385109079,c_15616
0.002607561929595828,383.5,0.013945754040761408,88.489497850451,630.49767280422,c_15630
0.0013020833333333333,768.0,0.009452338270770652,19621.35570129063,67070.94158283749,c_15640
0.04432855280312907,22.558823529411768,0.0007266388652712562,9.444523675473384,447.8749461525583,c_15642
0.0026041666666666665,384.0,0.005151279783794456,159.29307855192982,1686.1701704596815,c_15647
0.0026109660574412533,383.0,0.0005848630061761967,0.02795810204226651,5.324755882856859,c_15794
0.01445466491458607,69.18181818181819,0.003567477258865702,7.3824638478387055,268.96984873016595,c_15856
0.0013020833333333333,768.0,0.03193259155228599,4960.668305258517,22506.73050503603,c_16008
0.0013020833333333333,768.0,0.004143432116462577,426.94724694416016,8752.452405323533,c_16048
