container_id,prophet_avg_abs_acf_1_10,remaining_avg_abs_acf_1_10,prophet_avg_abs_pacf_1_10,remaining_avg_abs_pacf_1_10,prophet_lb_stat_lag_10,prophet_lb_p_lag_10,prophet_lb_reject_lag_10,prophet_lb_stat_lag_20,prophet_lb_p_lag_20,prophet_lb_reject_lag_20,prophet_lb_stat_lag_30,prophet_lb_p_lag_30,prophet_lb_reject_lag_30,remaining_lb_stat_lag_10,remaining_lb_p_lag_10,remaining_lb_reject_lag_10,remaining_lb_stat_lag_20,remaining_lb_p_lag_20,remaining_lb_reject_lag_20,remaining_lb_stat_lag_30,remaining_lb_p_lag_30,remaining_lb_reject_lag_30,prophet_dominant_freq,prophet_dominant_period_steps,prophet_total_power,prophet_peak_power,remaining_dominant_freq,remaining_dominant_period_steps,remaining_total_power,remaining_peak_power,acf_reduction,pacf_reduction
c_10032,0.49643399154503864,0.4973831354278667,0.17030786545463159,0.1739457878276481,404.14927236453906,1.231900598182062e-80,1.0,558.3213212642578,1.694998858014872e-105,1.0,603.3007813145181,6.1392029205064676e-108,1.0,405.2575844208689,7.155540103317559e-81,1.0,551.1348657141401,5.4857841894942246e-104,1.0,591.9319484951726,1.3853399881233673e-105,1.0,0.006493506493506494,154.0,155.2111420223253,51.48572865574299,0.006493506493506494,154.0,156.18991204761534,51.09337703266296,-0.000949143882828074,-0.003637922373016522
c_10034,0.7966067674939352,0.7822045322162483,0.12923752120015694,0.13144438379297352,1038.7310024134458,8.461768242435817e-217,1.0,1423.152597407164,1.2080650984924952e-289,1.0,1445.384957834063,1.706353752414503e-285,1.0,1005.7235162764692,1.0938503764679603e-209,1.0,1308.5957823683002,4.268339028648689e-265,1.0,1325.4008677206202,5.756391190385466e-260,1.0,0.012987012987012988,77.0,163.35298080816412,62.89518603065602,0.012987012987012988,77.0,159.24127129627,63.671690588142894,0.014402235277686914,-0.0022068625928165775
c_10089,0.10751331233581593,0.08626860187717215,0.10002240645688869,0.09940647409264115,37.26507126083732,5.091821315385564e-05,1.0,61.90584737937106,3.5965460001853674e-06,1.0,76.65703976025571,5.906814105496036e-06,1.0,22.144508596334774,0.01438510959362191,1.0,32.521849906385626,0.03804539115738875,1.0,40.983170079039084,0.08718323893940698,0.0,0.06493506493506494,15.399999999999999,57.4546366603016,4.023798325294831,0.012987012987012988,77.0,50.50008939501383,3.911864847173047,0.021244710458643776,0.0006159323642475345
c_10132,0.06064995419802129,0.06756909547771114,0.04925522640427736,0.052779951340237365,10.265371458919898,0.41752804469571314,0.0,26.8080690261358,0.1407507033501936,0.0,34.72632427415402,0.25273461401059655,0.0,11.873165050839306,0.29363480603352815,0.0,26.878244740125307,0.13872437413492322,0.0,37.01067445733247,0.17683345428756447,0.0,0.16339869281045752,6.12,457.7903881633236,24.05514251172442,0.0392156862745098,25.5,454.5251352496831,23.539381688050582,-0.006919141279689851,-0.003524724935960004
c_1016,0.07693581017962806,0.0675902335203008,0.06688604012439456,0.06647967432251853,19.474277390106817,0.03463610047434805,1.0,34.143115435654906,0.02517271434894676,1.0,39.876257425587006,0.10728329370949903,0.0,15.722872898007514,0.10784506196742143,0.0,27.66942449695161,0.11745864648635318,0.0,36.674114873790344,0.18683017604926877,0.0,0.06493506493506494,15.399999999999999,14.430823796296254,1.1799563983703936,0.06493506493506494,15.399999999999999,13.90560439285894,0.8529967173487645,0.009345576659327254,0.00040636580187602966
c_10306,0.05789010287780294,0.0808464519581968,0.049102369279513655,0.06396582852740476,9.304059679378382,0.5035108202450529,0.0,22.567539229476218,0.3105245461022903,0.0,28.444365755969358,0.5469014622261552,0.0,14.471728081109532,0.15254125305293562,0.0,29.55262630596209,0.07743430906184841,0.0,33.81097270850857,0.2884529205540898,0.0,0.03896103896103896,25.666666666666668,163.64096773336178,13.986490569464056,0.03896103896103896,25.666666666666668,179.56769219869088,14.576943902985178,-0.02295634908039386,-0.014863459247891106
c_10312,0.25582340689309385,0.23039852246215792,0.13812009111635998,0.14633585201940455,139.9749906016246,4.26441833964395e-25,1.0,152.68617867235602,1.9205485171973456e-22,1.0,155.9957777776573,5.743637794026733e-19,1.0,149.47072921581804,4.789490919086262e-27,1.0,188.4264776708902,2.157918007812628e-29,1.0,196.43975963372404,2.2907754030978053e-26,1.0,0.01948051948051948,51.333333333333336,2.478235204407805,0.41511212169801853,0.01948051948051948,51.333333333333336,2.4325734028657484,0.5927800042796787,0.025424884430935935,-0.008215760903044572
c_10382,0.06488675614427697,0.058509463369236306,0.08074360870985074,0.07864527872213825,23.943480253661505,0.007751832567712461,1.0,39.6945216815879,0.005458750635231714,1.0,54.922575414822575,0.0036222258466990127,1.0,21.785178136924145,0.01623717714225895,1.0,35.75056117464218,0.016452376348089378,1.0,51.896574805310905,0.007814428320684874,1.0,0.07792207792207792,12.833333333333334,93.46983130836007,7.910075942778832,0.07792207792207792,12.833333333333334,91.58680296632545,6.011180735537889,0.006377292775040663,0.002098329987712491
c_10393,0.2909715907051074,0.3215840373547447,0.12495717087735567,0.12877705324446825,165.97517504271508,1.8878741769782516e-30,1.0,256.55357421339295,5.432392533616002e-43,1.0,264.66380772808634,2.1878449340828724e-39,1.0,183.17762366120877,5.126435557336892e-34,1.0,261.4861914001188,5.46658548899779e-44,1.0,264.3460519992358,2.522160743078489e-39,1.0,0.012987012987012988,77.0,101.91028194971776,18.11206705486316,0.012987012987012988,77.0,96.92605019722723,17.287536622951453,-0.030612446649637304,-0.003819882367112587
c_10641,0.23813015316696123,0.2802326705919934,0.10386743282296788,0.11442581241274415,109.2371919951451,7.602844275413117e-19,1.0,118.0495864521067,6.542798632312243e-16,1.0,122.56758373558793,3.778121287683296e-13,1.0,143.5133888463024,8.021309873867527e-26,1.0,150.59765333550288,4.829351451850013e-22,1.0,153.54350753107263,1.573317137207375e-18,1.0,0.012987012987012988,77.0,14.72281441712421,2.2061721562541323,0.012987012987012988,77.0,15.880094149879085,2.28188854772082,-0.04210251742503218,-0.010558379589776262
c_10695,0.16647634478045703,0.18829361545325016,0.09543103012744883,0.09781779966082169,62.764822616821,1.082431839683475e-09,1.0,74.15546443046088,3.7654911364930914e-08,1.0,88.824660007771,9.887252806357992e-08,1.0,74.07058257933355,7.2139863002485976e-12,1.0,87.40848222305196,2.096791640075805e-10,1.0,97.02547974001835,5.44402981217422e-09,1.0,0.012987012987012988,77.0,285.617566819485,34.09635887419485,0.012987012987012988,77.0,290.3131598738653,29.74508013080734,-0.021817270672793126,-0.0023867695333728567
c_10733,0.10614427474435291,0.1450913321449964,0.08472641855563347,0.096565244804126,28.571165213824184,0.0014614898645539786,1.0,42.33606863684213,0.0024996920683785194,1.0,49.138965247400435,0.015212962830270396,1.0,46.31631009861739,1.256846191738281e-06,1.0,69.06450800522138,2.587071644163059e-07,1.0,79.0493142237383,2.703944184684091e-06,1.0,0.006535947712418301,153.0,259.7018363904294,22.298704871085906,0.006535947712418301,153.0,283.6408925871189,35.214314048268506,-0.038947057400643484,-0.011838826248492529
c_10878,0.13357774512872453,0.1113469064899153,0.08536489102257841,0.07894514732160925,41.02240375227405,1.1181580320863619e-05,1.0,47.32417917778686,0.0005287686019106581,1.0,50.95088201549611,0.009858114454385235,1.0,32.21239560693911,0.00036907019838237063,1.0,41.84451130631872,0.002897518743863619,1.0,45.67594519949638,0.03335667043294686,1.0,0.012987012987012988,77.0,172.29324899657408,21.78014483652135,0.012987012987012988,77.0,167.09987334196674,18.011242054150436,0.02223083863880923,0.006419743700969163
c_10898,0.10928338022483355,0.10341376727254425,0.08791070292601662,0.0898973278226625,33.145686575573166,0.00025744683353014295,1.0,47.19367604090679,0.0005513523111294888,1.0,67.34287090369172,0.00010913429512670307,1.0,32.368025883430704,0.0003476241868701945,1.0,47.454166881422516,0.0005071637421557995,1.0,68.97015910000121,6.660235579700576e-05,1.0,0.07792207792207792,12.833333333333334,350.7532870962241,41.597928822387345,0.07792207792207792,12.833333333333334,370.32644524827026,42.44163140500473,0.005869612952289299,-0.001986624896645889
c_11013,0.08076798504252194,0.08005231476398547,0.09824356018080005,0.09295677044893422,17.801483976537796,0.05840608941108234,0.0,29.346467891079026,0.08115804468516502,0.0,36.845311489208164,0.18169472937609688,0.0,17.931252087211483,0.05613445335011015,0.0,27.991153649572713,0.10960894667858309,0.0,35.72999563186008,0.21704999759938173,0.0,0.5,2.0,95.98361210433247,5.2713590163499,0.03896103896103896,25.666666666666668,96.01123094124496,6.009352933434328,0.0007156702785364732,0.005286789731865832
c_11087,0.03462848994450276,0.034233517504621044,0.039420099775103544,0.039077582661185675,3.605527296596445,0.9633931849004534,0.0,8.968497006351905,0.9832692786148043,0.0,16.67743524494674,0.9762450826017516,0.0,4.063465387827215,0.9444385251302148,0.0,10.468871823678754,0.9588519105917357,0.0,19.069106954149238,0.9385493252535773,0.0,0.2077922077922078,4.8125,219.3155959658434,9.16299674297173,0.2077922077922078,4.8125,224.68805521388282,9.272155176436348,0.00039497243988171477,0.0003425171139178687
c_11203,0.19873645203454696,0.1921156965680266,0.11676957099865075,0.10520709244521172,126.00131538641735,3.050265726820536e-22,1.0,141.58338990055273,2.5333824836167372e-20,1.0,189.74776732767316,4.026025097451623e-25,1.0,101.48108854882796,2.7527843090343927e-17,1.0,106.98406938136756,6.945092699606529e-14,1.0,137.20995443092585,1.1775603474186101e-15,1.0,0.012987012987012988,77.0,72.5446824240921,15.230798237680045,0.012987012987012988,77.0,61.030317520984674,11.341860782834981,0.006620755466520356,0.011562478553439032
c_11307,0.055453474351267996,0.04808441421510164,0.05098943542623815,0.04721199684096714,9.893364076254382,0.44989818861643616,0.0,16.03209161971498,0.7146313581740392,0.0,21.485164944585076,0.8721066442274621,0.0,8.936833179219835,0.5381086812182139,0.0,13.965816281525965,0.8322248910638371,0.0,19.338081792868344,0.9326443220150121,0.0,0.012987012987012988,77.0,673.4681804600478,31.4671767785964,0.14285714285714288,6.999999999999999,670.3942737693194,30.959796636398973,0.00736906013616636,0.0037774385852710063
c_11327,0.15752085003290628,0.2060033195931222,0.10715172367579757,0.11217861745539041,60.89516932295782,2.4527983827696715e-09,1.0,82.9353767231108,1.2395378915959225e-09,1.0,102.99485637550767,6.212990676161488e-10,1.0,79.531389449155,6.202461040454573e-13,1.0,98.50807116861434,2.327111201967509e-12,1.0,121.53631524118074,5.634773167805508e-13,1.0,0.013071895424836602,76.5,94.738490084217,11.60304993237804,0.013071895424836602,76.5,91.0635267434235,13.89314785026554,-0.04848246956021593,-0.005026893779592839
c_11461,0.13758737515986855,0.10304000331011356,0.11294426367080812,0.09617893813868479,48.46436528185654,5.105076676730272e-07,1.0,69.82527140692362,1.9449765223150901e-07,1.0,103.35877489792662,5.434865298100351e-10,1.0,30.221710192298158,0.0007879432787862022,1.0,44.38741380254555,0.0013350920077999954,1.0,70.63356724476299,3.991340603286682e-05,1.0,0.05228758169934641,19.125,34.70953390000977,4.497330503955939,0.05228758169934641,19.125,31.7675186233572,3.2315579321809382,0.03454737184975498,0.01676532553212333
c_11735,0.25610139176687163,0.2650984131108459,0.13347580713333454,0.13473039040222232,183.47751552784425,4.441246324904283e-34,1.0,185.3794083177345,8.564643832972126e-29,1.0,202.23410249141259,1.890153510534027e-27,1.0,183.57347347952918,4.2419548745535675e-34,1.0,190.89568808849924,7.04956268998196e-30,1.0,219.30469409712333,1.1405308288927368e-30,1.0,0.012987012987012988,77.0,100.87464631062771,10.277192978800128,0.012987012987012988,77.0,97.07031536213415,13.513270092449337,-0.008997021343974287,-0.0012545832688877767
c_11752,0.09131058987833021,0.09678082619016085,0.07532985284579449,0.07648981782538974,31.62946886822158,0.00046150838074190097,1.0,44.850346899247114,0.0011562028787108498,1.0,52.52311517331288,0.006685293240735973,1.0,32.79067506849599,0.000295346048688989,1.0,50.35359437958423,0.00019707380771724061,1.0,62.88357256954313,0.0004064401595641242,1.0,0.0392156862745098,25.5,152.7793605052102,9.966423565311265,0.0392156862745098,25.5,157.0264182093678,11.816039290938699,-0.005470236311830634,-0.0011599649795952516
c_1181,0.12095696543646664,0.1115879612924662,0.11074000807827081,0.10573732439922737,34.66885903804818,0.000142194273834747,1.0,61.85199007554371,3.6670536217556226e-06,1.0,66.063555354988,0.0001600851441346672,1.0,33.567944554463615,0.00021853614535373916,1.0,68.11711653579813,3.6853940380783877e-07,1.0,73.03615013730554,1.8819172604465054e-05,1.0,0.13071895424836602,7.6499999999999995,235.10961041689237,19.9436921596472,0.13071895424836602,7.6499999999999995,239.29190429112003,22.43530039310877,0.009369004144000437,0.00500268367904344
c_1186,0.3076678431890834,0.279217576555953,0.16732953219602703,0.14407791298864966,214.35583935596694,1.6210243734864586e-40,1.0,276.34161598181356,5.323358036214195e-47,1.0,374.59782659370325,3.6790884848571283e-61,1.0,198.65943750574306,3.0719961041379458e-37,1.0,199.91987802043013,1.1671738076665657e-31,1.0,210.05680374734828,6.398017239830629e-29,1.0,0.06493506493506494,15.399999999999999,43.71507748971376,10.238722087966272,0.012987012987012988,77.0,31.944050821880463,6.1424271840510425,0.02845026663313044,0.023251619207377366
c_11996,0.13858172405012187,0.10454667551826033,0.11386861933879436,0.08965585536065346,52.25103138682522,1.0252749302262136e-07,1.0,79.4329388046403,4.899018557062895e-09,1.0,103.56777997616491,5.032477642846228e-10,1.0,28.5147276297278,0.0014924061651267302,1.0,40.398733731333294,0.004446358901321452,1.0,61.003678081369905,0.0006947735436748496,1.0,0.05844155844155845,17.11111111111111,92.30068309250848,9.747598777281794,0.05844155844155845,17.11111111111111,81.93281247135592,5.361629903948018,0.03403504853186154,0.0242127639781409
c_12060,0.08296876916809535,0.07912174987698274,0.08987367213248854,0.0874102051961361,14.889801498472618,0.13613144550092482,0.0,28.115579483197116,0.10669147203478911,0.0,32.429184438666084,0.3478402441108586,0.0,14.115989646927796,0.16776640559971231,0.0,27.44477932631649,0.12320780078877096,0.0,31.225600473471474,0.40437751980030373,0.0,0.09740259740259741,10.266666666666666,711.7236690923899,34.34199367273273,0.09740259740259741,10.266666666666666,714.7827309650374,46.83769988026872,0.0038470192911126133,0.0024634669363524375
c_12158,0.2938798608221183,0.182019334706631,0.15879514924741955,0.12753774700864662,174.74237534108462,2.887656141740255e-32,1.0,277.10957955796465,3.716971440211958e-47,1.0,337.7911787495818,8.573435494088589e-54,1.0,78.57595538280071,9.541036751225526e-13,1.0,113.1064713851446,5.3116313051254696e-15,1.0,144.6525911882403,5.895853250972013e-17,1.0,0.05228758169934641,19.125,42.29666472271999,11.774893719204448,0.05228758169934641,19.125,32.68956682142352,5.917091023352833,0.1118605261154873,0.031257402238772936
c_12164,0.05490197292851552,0.06551530091569233,0.05148202124011109,0.057373702578509364,9.99858005999101,0.44061787047782164,0.0,12.325399838020079,0.9044207407527589,0.0,24.470992089308492,0.7503105464147628,0.0,11.18494373304175,0.3432919637231144,0.0,14.760914198553975,0.7899207558036853,0.0,26.344597737915635,0.6574322132503684,0.0,0.01948051948051948,51.333333333333336,69.20395158396956,4.653934342846314,0.01948051948051948,51.333333333333336,65.8810840282663,5.123692902460123,-0.010613327987176804,-0.0058916813383982775
c_12174,0.05514042997704403,0.04861578079226765,0.057527880990715576,0.051264416245715524,7.40749535338827,0.6864957065217524,0.0,19.289314526469546,0.5030980709992089,0.0,35.36304755789609,0.22967051677259254,0.0,6.405360243174695,0.7801350410265202,0.0,17.55810045370242,0.6164929990096126,0.0,33.69059384100951,0.29337076928032974,0.0,0.006493506493506494,154.0,255.7915835094812,15.719248689120029,0.16883116883116883,5.923076923076923,244.28110760518692,16.27413786949186,0.006524649184776375,0.006263464745000051
c_12189,0.11999631459305302,0.1362097025934285,0.09515530627446743,0.09955710541724211,33.91871417126519,0.00019064555549601402,1.0,57.81086856110611,1.545145361224883e-05,1.0,71.06832348724207,3.487326704472487e-05,1.0,40.86323252645372,1.1930900414086416e-05,1.0,73.63842748288042,4.5882315374656104e-08,1.0,86.959011280273,1.883992669825614e-07,1.0,0.006493506493506494,154.0,18.001331455445303,2.7683250301679467,0.006493506493506494,154.0,20.02910948336949,3.3917502864732434,-0.016213388000375473,-0.004401799142774679
c_12193,0.06476380203796026,0.06604134660384678,0.07755806505673138,0.07791823964344348,16.853443046252814,0.07767047068035826,0.0,22.692212324734978,0.3041590509140989,0.0,29.393211117432585,0.49701820991062073,0.0,18.789731500099958,0.043016136208519955,1.0,25.55530714530324,0.1810059498455273,0.0,31.849106571634263,0.3745779727585033,0.0,0.17647058823529413,5.666666666666666,201.6629416179094,14.745037334582525,0.06535947712418301,15.299999999999999,212.2730316930357,14.077771194303743,-0.0012775445658865237,-0.00036017458671210034
c_12231,0.7323822974583394,0.7558037020664912,0.1919100886569029,0.17578034850104995,895.5833154808369,5.682439717569496e-186,1.0,1249.4239296142093,1.9892448463354562e-252,1.0,1289.3400890016296,2.6496809979321516e-252,1.0,948.0929505840974,2.824726165531081e-197,1.0,1276.0896993212448,3.8967286933077996e-258,1.0,1313.2505419090114,2.2011579788188653e-257,1.0,0.006493506493506494,154.0,961.8479354609011,363.9764925074223,0.012987012987012988,77.0,1102.5499422557425,442.14002613198784,-0.023421404608151786,0.016129740155852945
c_12237,0.7362398999290412,0.7750330253906458,0.15017242516930834,0.13807986385450025,896.7413878122302,3.20112383034824e-186,1.0,1105.2298601228372,1.3537666541090056e-221,1.0,1214.300247369797,2.2589296969041254e-236,1.0,979.6577209068698,4.5034857845873694e-204,1.0,1293.3394226603286,7.895316627446698e-262,1.0,1442.1612471007877,8.289572888704529e-285,1.0,0.013157894736842105,76.0,1003.0600640467879,415.66636637393333,0.013157894736842105,76.0,1572.808122889435,620.4000073641457,-0.03879312546160463,0.012092561314808098
c_12441,0.09020862735365641,0.07849659929789099,0.06714357903954668,0.06088013564576124,16.788857629001743,0.079168546367574,0.0,25.556296953308127,0.18097099384746287,0.0,31.423095196419254,0.39482667146441347,0.0,14.388760061053867,0.15598602374584114,0.0,22.897654331302046,0.2938478432184174,0.0,27.441400110537504,0.6000117306537361,0.0,0.058823529411764705,17.0,20.454299125040254,1.6552111921374442,0.07189542483660132,13.909090909090908,20.82123393406851,1.7599610366814726,0.01171202805576542,0.006263443393785442
c_12517,0.21283181164721698,0.2130767120566046,0.1312994301229248,0.11786193836052836,124.26652942762209,6.87630360088282e-22,1.0,150.18621172734282,5.790222179370256e-22,1.0,266.42815753714206,9.930173622300317e-40,1.0,110.31320638075334,4.613485437519676e-19,1.0,118.49727037845138,5.408326833485636e-16,1.0,190.8404986173033,2.523996015182908e-25,1.0,0.01948051948051948,51.333333333333336,59.662406343453924,9.88065595483827,0.01948051948051948,51.333333333333336,47.01305594010006,10.069833654454454,-0.00024490040938762725,0.013437491762396447
c_12624,0.10927216476910631,0.09213435382334775,0.07765306084271312,0.08014903070455083,26.874931682338563,0.002725637286930385,1.0,31.226708780308766,0.05226778166363836,0.0,38.956853956918515,0.12669822023530017,0.0,20.525277305699213,0.02465813052279463,1.0,25.657407518617003,0.1774270768866967,0.0,32.04500704473412,0.3654371132154942,0.0,0.06493506493506494,15.399999999999999,91.49215237798877,6.341395927118757,0.1168831168831169,8.555555555555555,89.52026370917176,4.736531550100482,0.017137810945758558,-0.002495969861837713
c_12767,0.16985377093775775,0.18871537993739218,0.10364208929233584,0.09941473044576532,64.14261633244728,5.911216266129229e-10,1.0,75.91231825638275,1.9182043371103656e-08,1.0,93.68681377545259,1.7941484732250596e-08,1.0,71.55199062926995,2.2218934136511045e-11,1.0,85.82814922310564,3.938654867508249e-10,1.0,104.1487069106933,4.0626108947745077e-10,1.0,0.012987012987012988,77.0,204.14634830460216,23.352544170947212,0.012987012987012988,77.0,212.4202037509651,28.40507067250176,-0.018861608999634433,0.0042273588465705225
c_12858,0.15242721289993288,0.15087132655231156,0.11594961666174892,0.11411726422083264,50.34271305128932,2.308344412718599e-07,1.0,56.79356904986417,2.2059281341705043e-05,1.0,80.30173025370598,1.7876452070994332e-06,1.0,49.57811131311188,3.1907320158031956e-07,1.0,55.322334589758704,3.674567154493402e-05,1.0,73.24707199341246,1.7605386619644975e-05,1.0,0.07142857142857144,13.999999999999998,70.17563840408161,5.381953881201507,0.03896103896103896,25.666666666666668,69.55072689808841,4.997028068455454,0.001555886347621327,0.001832352440916285
c_1286,0.10580235768024845,0.10341948017764906,0.13642559320444353,0.13920014268138134,30.691514228348705,0.0006596399135080131,1.0,60.30216988875978,6.394078381843281e-06,1.0,70.39720783206745,4.29441995282811e-05,1.0,32.02401652555901,0.0003967641401010871,1.0,69.25977580585506,2.40463656348952e-07,1.0,79.55342257009654,2.2899516019886846e-06,1.0,0.03896103896103896,25.666666666666668,427.9065288328416,52.03086533759919,0.03896103896103896,25.666666666666668,442.13409206137874,53.755151073241684,0.002382877502599398,-0.00277454947693781
c_12971,0.10466800358586181,0.08873188756520889,0.07974293690919522,0.07512582789128355,23.42165588099469,0.00929274818754646,1.0,31.0495953333997,0.05453911172155997,0.0,40.85924592585999,0.08926606547393678,0.0,18.05211561240893,0.054090862789905,0.0,25.095923854961676,0.19778591412622495,0.0,36.304572956743016,0.19827416117104973,0.0,0.07142857142857144,13.999999999999998,211.1565676649065,24.69196731404482,0.07142857142857144,13.999999999999998,202.63801986957444,22.95147659369777,0.015936116020652924,0.004617109017911666
c_12974,0.09691602287511755,0.10180502763034734,0.09048438656376552,0.09096555040503525,23.140108001768077,0.010241064820514139,1.0,33.30454223449149,0.03123259363268415,1.0,37.60757744486201,0.1600871787866032,0.0,25.209132853882643,0.004962882171156793,1.0,33.99186739415579,0.026179753161880454,1.0,37.40633116873452,0.16559408386478686,0.0,0.013071895424836602,76.5,213.00459541637866,19.685653144042934,0.013071895424836602,76.5,218.4786670948335,17.785652619005802,-0.004889004755229784,-0.0004811638412697272
c_12993,0.11288623467177364,0.1136119082401088,0.10312678953129124,0.09822127105929007,44.99856875149118,2.176020577136328e-06,1.0,54.36356854731328,5.108624667015075e-05,1.0,68.77405132932677,7.07130495474191e-05,1.0,36.191711343839245,7.802292433680826e-05,1.0,41.4617241221679,0.0032483210209013264,1.0,56.01168761072722,0.0027219060925987816,1.0,0.06493506493506494,15.399999999999999,142.33450223224042,10.522943240464622,0.12337662337662339,8.105263157894736,129.61489822798228,10.491053974230555,-0.0007256735683351667,0.004905518472001172
c_12999,0.10271673495103754,0.08970791034452193,0.09878405698122654,0.0906662268652196,26.633403813019168,0.0029755002410390423,1.0,32.18541868536579,0.04136220954835719,1.0,47.29455281326054,0.023284661980612624,1.0,16.76213719847316,0.07979578323637403,0.0,21.84566911895806,0.34894345691965806,0.0,31.685867752843073,0.38227810274579244,0.0,0.07189542483660132,13.909090909090908,77.84638927653027,5.777352209584473,0.032679738562091505,30.599999999999998,73.12986436291862,4.013598278781221,0.013008824606515618,0.008117830116006933
c_13020,0.3714471099412503,0.4484952417291742,0.15371849905977703,0.15938742923734056,247.40603011636213,1.9051495767264353e-47,1.0,286.93332477077615,3.733702492635997e-49,1.0,290.58782569716703,1.880905444905433e-44,1.0,341.96308799242627,2.020523218280665e-67,1.0,407.2484331315411,6.402633340074674e-74,1.0,410.261663928147,2.3516466120217572e-68,1.0,0.006493506493506494,154.0,112.75144987857271,18.608369683831192,0.006493506493506494,154.0,125.29112731116038,24.799825507101062,-0.07704813178792391,-0.005668930177563536
c_13044,0.08636566868103199,0.09008490282951999,0.09527209735624366,0.09022731461268084,28.785772778509525,0.0013495044389005726,1.0,55.87913273495814,3.0312302673769495e-05,1.0,87.23413749615811,1.713752120766708e-07,1.0,28.55217608930851,0.0014718220212609032,1.0,49.09586386988487,0.00029797422113783846,1.0,79.5974541281234,2.256897219906071e-06,1.0,0.10457516339869281,9.5625,317.38887281559084,33.20287793814556,0.10457516339869281,9.5625,314.2384250070874,29.615488086529083,-0.0037192341484880015,0.00504478274356282
c_13083,0.17556775393731044,0.2089280297136681,0.1181745941200629,0.12201975840984261,80.6743250659661,3.7026863471946016e-13,1.0,140.4418439036191,4.172906291571496e-20,1.0,153.9159486496249,1.3503498072538611e-18,1.0,93.36296540206763,1.1504156087450226e-15,1.0,160.38536714951846,6.3264751957081774e-24,1.0,185.93535377289416,2.045627926037367e-24,1.0,0.006493506493506494,154.0,230.54973900724005,37.46853704470149,0.006493506493506494,154.0,225.24995214635246,43.65429115192023,-0.03336027577635767,-0.0038451642897797123
c_13166,0.22405216820899523,0.3394294765106904,0.12067494881223355,0.14691276450993937,97.1584138418442,2.0155492999415298e-16,1.0,158.22888583733874,1.6491158851843773e-23,1.0,175.0334012706293,2.0675714830146025e-22,1.0,197.83555579312716,4.562250960266258e-37,1.0,319.08117104201756,1.0081593642911175e-55,1.0,361.1138725464675,1.8713032097242816e-58,1.0,0.006493506493506494,154.0,66.4457570840286,12.591453437228276,0.006493506493506494,154.0,77.26962573212305,19.770894663763393,-0.11537730830169515,-0.02623781569770582
c_13170,0.17239666822047645,0.13512636827975502,0.13057632050766668,0.11529927521443813,70.77270827169889,3.143998312064082e-11,1.0,85.47173500651706,4.5386430634535914e-10,1.0,101.99805223087995,8.95583392259771e-10,1.0,58.75677335579201,6.22470123606625e-09,1.0,71.27220204647271,1.1274586635200719e-07,1.0,76.5702518667489,6.075259158700207e-06,1.0,0.03246753246753247,30.799999999999997,64.49283654483018,9.08434668524206,0.03246753246753247,30.799999999999997,63.71804414465712,10.661283097306155,0.037270299940721424,0.015277045293228556
c_13229,0.1585588669350319,0.1116760385878798,0.10710871072094752,0.08581066622217505,49.97348327667677,2.699220225440545e-07,1.0,60.56862374285657,5.813371569328729e-06,1.0,64.40369291638375,0.0002613365287401038,1.0,28.44618071168053,0.0015308098488098663,1.0,33.11776419247573,0.032750119491713775,1.0,36.34210284605722,0.19708946505583658,0.0,0.006493506493506494,154.0,704.337897448778,97.79918551515661,0.006493506493506494,154.0,677.5651068183811,52.3022627844208,0.0468828283471521,0.02129804449877247
c_13269,0.1317499727527142,0.1288294161600803,0.10598173001384532,0.11039348420383015,41.861091616543824,7.937656933565304e-06,1.0,62.723562626245794,2.6763331033500707e-06,1.0,74.67653438696162,1.117426988937315e-05,1.0,39.94372098384565,1.733579414656216e-05,1.0,55.36142908152295,3.6253400826403366e-05,1.0,65.64162263871941,0.00018146242783135546,1.0,0.09090909090909091,11.0,483.2449475530798,53.566637473001435,0.09090909090909091,11.0,496.3133484030096,53.706961222711485,0.0029205565926338772,-0.004411754189984823
c_13308,0.5669956506449803,0.25057317896356956,0.1814548357989497,0.19443408750769775,629.3576691852418,8.984945347848811e-129,1.0,633.3302150000469,2.7052725667024097e-121,1.0,664.9265566418901,9.900582886200537e-121,1.0,193.04685128408858,4.5384870363702064e-36,1.0,416.2137182742648,8.795419488310079e-76,1.0,435.37511971129305,1.8944374685087532e-73,1.0,0.012987012987012988,77.0,0.2523423475056535,0.059293431705492936,0.05844155844155845,17.11111111111111,1.8481804149101633,0.3248063583240414,0.3164224716814107,-0.012979251708748057
c_13389,0.4246453333675976,0.6255580195186785,0.19379943822132129,0.1544064130464312,394.36041691003436,1.4921765103210177e-78,1.0,560.1392993571038,7.031700425445939e-106,1.0,562.0641492848331,2.058745719973555e-99,1.0,673.050108798986,3.819984820893367e-138,1.0,862.7950821268151,6.452066682726789e-170,1.0,890.3501638872627,6.54314563081679e-168,1.0,0.012987012987012988,77.0,178.10252340635355,53.56830231837859,0.012987012987012988,77.0,206.25607869652183,82.00322637207053,-0.20091268615108093,0.03939302517489007
c_13403,0.06272382276011419,0.07823850801446587,0.06168579028603827,0.0726037606117932,7.749009374871809,0.6533382185312477,0.0,15.917888595178368,0.7217050737954394,0.0,22.801877458687173,0.8233161803079959,0.0,13.023127835520915,0.22238158812660697,0.0,21.52225191825069,0.3669866261354935,0.0,27.281638150615063,0.6084468458063584,0.0,0.4480519480519481,2.231884057971014,48.69695737918652,2.9835789743254386,0.4480519480519481,2.231884057971014,50.789457123005405,3.2650691492555097,-0.015514685254351679,-0.010917970325754936
c_13441,0.31182003696371496,0.33861323115201836,0.13083371689622872,0.14248474331740577,187.15760762301142,7.629591183452078e-35,1.0,209.37237628427792,1.5603803027387455e-33,1.0,220.95346278060617,5.548283812287742e-31,1.0,203.10879385811634,3.625289063999182e-38,1.0,223.4353534760986,2.4608066197431163e-36,1.0,227.21567674303725,3.569163280963446e-32,1.0,0.006535947712418301,153.0,76.65770868108963,12.371493190618617,0.006535947712418301,153.0,71.22808617215559,13.17075562548743,-0.026793194188303393,-0.011651026421177046
c_13607,0.19370630364827604,0.15700301687904,0.13272558189273687,0.1296697125996054,85.16616135200826,4.84034234007696e-14,1.0,86.21040773513103,3.3824722916865077e-10,1.0,87.89871246493449,1.3625846223457067e-07,1.0,65.42541756415406,3.360425852915231e-10,1.0,74.42846474534512,3.3918342694309713e-08,1.0,87.0781179116331,1.8083385992936143e-07,1.0,0.006493506493506494,154.0,585.5664651950874,62.898167980946916,0.025974025974025976,38.5,560.8851004571147,38.47968030621924,0.03670328676923604,0.0030558692931314524
c_13615,0.2478975839483062,0.370177249529076,0.12687747400220023,0.13823389224738827,143.0807284145577,9.840709734661306e-26,1.0,149.46763552385923,7.948059120156307e-22,1.0,168.56099783961875,3.1254901450115815e-21,1.0,258.4937240153017,8.8677618637048e-50,1.0,338.73192389916517,9.301080648865085e-60,1.0,376.96255518626555,1.2310906199784453e-61,1.0,0.03246753246753247,30.799999999999997,30.53005169290376,4.332506096161677,0.012987012987012988,77.0,43.561807158683386,7.194898812035696,-0.1222796655807698,-0.011356418245188044
c_13658,0.1921400432802261,0.19023807975864587,0.17708581729271894,0.17627085955955357,88.8458037807352,9.069139800294698e-15,1.0,102.0217117308115,5.466077520616719e-13,1.0,112.48646921113739,1.8011970608299783e-11,1.0,87.22981874461226,1.893832111479987e-14,1.0,106.28141482029946,9.312229088574916e-14,1.0,125.00274447591025,1.4646311810651492e-13,1.0,0.01948051948051948,51.333333333333336,1620.733283359098,136.09669311253498,0.01948051948051948,51.333333333333336,1603.002765980085,153.40285024489947,0.00190196352158023,0.0008149577331653668
c_13690,0.13860365883063525,0.12492348747330465,0.09599473078542328,0.08689940942608539,43.0411413750542,4.889499435173039e-06,1.0,75.6507938957758,2.121413336847675e-08,1.0,87.85224736401283,1.3846394154761174e-07,1.0,35.38915821969325,0.00010713714194469782,1.0,69.73487879435133,2.0121382934633606e-07,1.0,81.10587214361982,1.3682686308346136e-06,1.0,0.08441558441558442,11.846153846153847,73.78162146927248,5.2406946843769635,0.08441558441558442,11.846153846153847,74.54514480289467,5.3307583375060545,0.0136801713573306,0.009095321359337896
c_1379,0.06726010879273261,0.06764499123969563,0.07165884090969031,0.06850244900182519,15.197998499467817,0.12500820379124855,0.0,21.529355207055573,0.3665850554767018,0.0,27.237911259817587,0.6107526183837153,0.0,13.085751382259273,0.21891681481682465,0.0,19.21640583188796,0.5078020561530143,0.0,27.575897360432936,0.5928997343784493,0.0,0.012987012987012988,77.0,82.10747939302327,5.491255649414069,0.012987012987012988,77.0,81.2064660750456,5.499044782209951,-0.0003848824469630113,0.003156391907865125
c_1387,0.0891012672681472,0.09573157711668569,0.1125456390638792,0.11118261575774428,31.833422157636537,0.0004268478398983717,1.0,42.192514917560146,0.002610142729714317,1.0,55.87698316400232,0.0028205272840591657,1.0,35.26665717175592,0.00011243295101069102,1.0,48.60093521270988,0.0003501252154844104,1.0,59.96611522008257,0.0009294200073039791,1.0,0.025974025974025976,38.5,4.095872512566824,0.3214069510340094,0.025974025974025976,38.5,4.200964052892228,0.333382163554952,-0.00663030984853849,0.001363023306134914
c_13873,0.17416347227593426,0.15147961816582411,0.14813414375456263,0.1402486256388177,75.14757200998098,4.453276737832269e-12,1.0,76.94031160917818,1.2899855183664728e-08,1.0,81.7813904164344,1.0919628975925136e-06,1.0,55.76522645244697,2.2715945828568713e-08,1.0,66.09223102229333,7.80877740789101e-07,1.0,71.72564483618554,2.8409586611359685e-05,1.0,0.006535947712418301,153.0,1773.965062030937,206.81277170112776,0.026143790849673203,38.25,1662.9601572020522,133.52886412581216,0.022683854110110147,0.007885518115744922
c_14106,0.046146095872393725,0.053631106248220685,0.07809509009644829,0.0771002171217057,24.40208801055927,0.006601738852863647,1.0,24.580118676368187,0.21796905897742222,0.0,24.795819032701587,0.7348926554184549,0.0,25.661144443021644,0.0042236753928194,1.0,29.094127722115182,0.08592244690770849,0.0,29.40171475931979,0.4965751049538516,0.0,0.032679738562091505,30.599999999999998,228.66986482381387,6.726807870921479,0.032679738562091505,30.599999999999998,232.4700480925988,8.255449581090705,-0.00748501037582696,0.000994872974742586
c_14135,0.22856329961161634,0.19069063108512932,0.13693112722004558,0.11778368895470817,106.78012539973231,2.375523431127022e-18,1.0,141.8513345047811,2.2531604474094813e-20,1.0,156.2812379398697,5.106800065566053e-19,1.0,76.89274543804997,2.0346932485043043e-12,1.0,90.23466182835868,6.744447914279938e-11,1.0,97.4449751147942,4.68118317041787e-09,1.0,0.05194805194805195,19.25,104.018451836019,27.599555561106207,0.05194805194805195,19.25,97.48095020290162,18.271058876367185,0.03787266852648702,0.019147438265337408
c_14296,0.7231005944786402,0.6795096332216405,0.14225998454775862,0.14734287172366084,867.316398189983,6.871177995234267e-180,1.0,1020.4246634659808,1.719130972943033e-203,1.0,1032.2809181102575,7.821818231738171e-198,1.0,770.9224692184034,3.668958799465253e-159,1.0,871.5855527095324,8.717677497312725e-172,1.0,905.1457458109215,5.045972070759155e-171,1.0,0.012987012987012988,77.0,189.48067306961036,114.47515296892776,0.012987012987012988,77.0,147.53043743626756,84.10873626169686,0.04359096125699968,-0.005082887175902218
c_14363,0.04747904980982294,0.046645380781588155,0.03762505291516891,0.03967619306206294,6.922301569398008,0.7327592419522826,0.0,17.96573085359427,0.5896658087046769,0.0,26.23141095851187,0.6632689754760164,0.0,7.01091099607169,0.7244144884270793,0.0,17.16918548650339,0.641961967083384,0.0,26.170128997657603,0.6664199501322595,0.0,0.01948051948051948,51.333333333333336,467.4692527527149,31.825871195959042,0.01948051948051948,51.333333333333336,469.1511264106847,42.37032916179169,0.0008336690282347847,-0.0020511401468940246
c_14388,0.16757289176058313,0.22006844800227468,0.16233279036459555,0.1573428911340755,80.11192599893648,4.773144576172808e-13,1.0,100.84352627207213,8.894973672893044e-13,1.0,114.5047852768734,8.375853402654163e-12,1.0,110.02252855816361,5.280215711550173e-19,1.0,130.42883864293736,3.2387373351315515e-18,1.0,141.06465366049795,2.5089801890121e-16,1.0,0.012987012987012988,77.0,14.166585658488321,1.1346670587912357,0.012987012987012988,77.0,17.303155453507852,1.6320279776961528,-0.052495556241691554,0.00498989923052004
c_14396,0.3486934465661292,0.5160573540076523,0.1451657490689121,0.1463687666145828,248.46011445566683,1.1438330563013924e-47,1.0,374.2176969266047,4.467170822536452e-67,1.0,428.1055813748142,5.677593800966314e-72,1.0,452.3716299753478,6.517980414547967e-91,1.0,616.8784776775277,7.982184478191631e-118,1.0,716.2939509831584,1.9609242529817406e-131,1.0,0.006493506493506494,154.0,135.26718497165422,26.305359333821844,0.006493506493506494,154.0,161.7440886438585,40.07166990432042,-0.16736390744152307,-0.0012030175456707037
c_14413,0.07137080116958408,0.08088615596635847,0.06577911891527263,0.06744451168871132,18.141106167837684,0.052629520450864255,0.0,23.28474860774785,0.27503003554932515,0.0,33.571165837529044,0.29829943021217004,0.0,21.922310687554344,0.015505307377685847,1.0,26.99673760784607,0.13535580486943832,0.0,36.814356172442025,0.1826155538769905,0.0,0.012987012987012988,77.0,289.5178972248685,29.21962666836566,0.012987012987012988,77.0,299.694103670318,26.162344642193716,-0.009515354796774386,-0.0016653927734386897
c_14416,0.14176105893261612,0.12058477574989308,0.10424294327665247,0.10152436668138146,58.254552105267514,7.741147028563328e-09,1.0,110.63022314926589,1.5072057278279413e-14,1.0,116.9886426149339,3.2459015719999535e-12,1.0,47.63809796322266,7.225913242151945e-07,1.0,88.88002612570246,1.1628604193140056e-10,1.0,96.64412630091117,6.243547669972169e-09,1.0,0.006493506493506494,154.0,850.6009793516405,122.57159842403641,0.006493506493506494,154.0,824.3914272083335,102.4717705599521,0.021176283182723035,0.0027185765952710134
c_14417,0.18576851729071733,0.19518309534013448,0.10724017717787045,0.10948166799654331,78.57551643618707,9.5429234390798e-13,1.0,84.7434234223431,6.061192212209315e-10,1.0,97.99791075937611,3.835069916412335e-09,1.0,84.66304583385295,6.082568613096242e-14,1.0,90.73411255322222,5.5145291301139284e-11,1.0,106.38079927816729,1.7779367267035305e-10,1.0,0.01948051948051948,51.333333333333336,134.08301355079695,16.117676195065158,0.01948051948051948,51.333333333333336,135.80649515929235,17.71174201767138,-0.009414578049417144,-0.0022414908186728644
c_14435,0.19500759939700296,0.26101149981150024,0.12118425848350918,0.1384913166669241,92.99009322104109,1.3646666483114958e-15,1.0,97.36678428392501,3.7168209302249724e-12,1.0,128.6201679606436,3.550786515975124e-14,1.0,144.9110652619921,4.1432425353855e-26,1.0,153.805821832157,1.1707021811119754e-22,1.0,183.455108935929,5.8717420332361666e-24,1.0,0.01948051948051948,51.333333333333336,4.53878397060047,0.5008745219526234,0.01948051948051948,51.333333333333336,4.688825368235081,0.7239450946464118,-0.06600390041449727,-0.017307058183414922
c_14471,0.19521446530615122,0.20501762359823159,0.10877058381532856,0.11231472347896865,93.65601068240508,1.0058739614779376e-15,1.0,127.1353330521565,1.3406613635427668e-17,1.0,168.36708855515437,3.389400923268987e-21,1.0,97.48209565145689,1.736845051857e-16,1.0,115.5728914802375,1.8719648325287966e-15,1.0,136.80005957389346,1.3871374516024319e-15,1.0,0.05921052631578947,16.88888888888889,21.728247133038163,2.7696283453995223,0.013157894736842105,76.0,19.049285674165894,1.8951914920744661,-0.009803158292080366,-0.003544139663640089
c_14820,0.1936460499802635,0.14958567104032422,0.13913496986370344,0.12184334908922594,86.51723383119452,2.6192122506831538e-14,1.0,90.4771812107704,6.116500298972218e-11,1.0,91.15964944977817,4.3764988488232985e-08,1.0,60.3888742516905,3.059196575280597e-09,1.0,61.24896470782737,4.555531646506685e-06,1.0,62.42349876485518,0.00046391055938629834,1.0,0.07142857142857144,13.999999999999998,117.53498653862698,23.606593933157264,0.07142857142857144,13.999999999999998,97.60654938370148,14.728668782873482,0.044060378939939276,0.017291620774477504
c_14855,0.17594544961469094,0.24347151117999463,0.10593984487470084,0.12104670318059052,90.77288396179425,3.762847292171887e-15,1.0,119.79221755127467,3.1156409695518764e-16,1.0,176.88178901680485,9.486846844533944e-23,1.0,114.19296147633118,7.594355368647657e-20,1.0,137.34490286260072,1.6112590311614497e-19,1.0,193.9453915965918,6.680874010907849e-26,1.0,0.01948051948051948,51.333333333333336,37.198310728466986,5.119613118244755,0.01948051948051948,51.333333333333336,33.88561052878097,5.6506460037372985,-0.06752606156530369,-0.015106858305889675
c_14886,0.22663545392779558,0.17719652029290392,0.1118465568499862,0.09221952732727313,141.37711888785648,2.2001544836457824e-25,1.0,199.50925558861297,1.4071846222968113e-31,1.0,243.47868599149064,2.7380657458977304e-35,1.0,116.04912192827504,3.1984360249431785e-20,1.0,143.942029124664,9.017937302352035e-21,1.0,166.3933339961817,7.727084724737424e-21,1.0,0.05844155844155845,17.11111111111111,41.3877541319303,6.097114834313009,0.05844155844155845,17.11111111111111,36.27897340008863,5.029949010640894,0.04943893363489166,0.01962702952271307
c_1494,0.07477003967696272,0.0656794444594446,0.067850275963508,0.06422783225116427,14.166157594499499,0.16554667247780586,0.0,18.96116997853193,0.5243512971049248,0.0,37.19064609489962,0.17165278866018244,0.0,12.422692403144,0.257762535519791,0.0,17.526716309153624,0.6185544079780118,0.0,36.63534902951437,0.18800761341962635,0.0,0.05844155844155845,17.11111111111111,86.40378512095226,4.800920108401877,0.05194805194805195,19.25,87.18405572551593,4.402070755434851,0.009090595217518121,0.0036224437123437286
c_14964,0.4868013641425897,0.50963283163096,0.18362225464995796,0.19244375167487804,392.00228512265625,4.737144924889245e-78,1.0,491.1571455809896,2.0638494246301633e-91,1.0,495.1382688675671,1.1984067804998634e-85,1.0,428.5353266679736,7.879464198040805e-86,1.0,531.842438705411,6.162969278812844e-100,1.0,536.8686189642076,3.2133188810233134e-94,1.0,0.006493506493506494,154.0,288.60526082849566,73.45519212030698,0.012987012987012988,77.0,317.38799881662436,77.56258135674183,-0.022831467488370283,-0.008821497024920077
c_15030,0.2881949756840816,0.44814773770351896,0.1184386328180572,0.13604180742976887,175.05879869916853,2.482796377939357e-32,1.0,238.2294284923723,2.672185091362356e-39,1.0,251.99269865034907,6.24831504035892e-37,1.0,345.6367115925722,3.3589219970286964e-68,1.0,498.2227844119284,6.854722273452995e-93,1.0,522.1477395242047,3.4290686042694463e-91,1.0,0.012987012987012988,77.0,183.4752716190973,28.456150519551016,0.012987012987012988,77.0,226.07434889618546,60.59778408464471,-0.15995276201943737,-0.01760317461171168
c_15035,0.01107796065180264,0.008432104521387441,0.011896446208590159,0.008697637082198744,0.21023446039058674,0.9999999020074656,0.0,0.23814430707025055,0.9999999999999999,0.0,0.33189352370921327,1.0,0.0,0.21175096111642316,0.9999998984858239,0.0,0.5599468906445968,0.9999999999993676,0.0,0.7449579860712345,1.0,0.0,0.05228758169934641,19.125,1292.5905408911606,17.667734185293615,0.0196078431372549,51.0,1276.295544285707,23.287562896794174,0.002645856130415198,0.003198809126391415
c_15072,0.08684121602043851,0.10206954840041685,0.06427082204924826,0.07200859881937395,26.622029607983375,0.0029877961489236274,1.0,29.83304968125783,0.07260439511983184,0.0,36.19171003301132,0.20186759824522174,0.0,34.47584042442119,0.00015336189081654236,1.0,37.060801662903515,0.011507122833122278,1.0,43.791371378331355,0.04980948308198231,1.0,0.05844155844155845,17.11111111111111,302.1002540552216,15.537821468554375,0.012987012987012988,77.0,322.640914148527,20.781006612325474,-0.015228332379978338,-0.007737776770125687
c_15179,0.23457431773383353,0.1981062043076676,0.15872571635883498,0.1483207455772621,160.5702879474163,2.4708092639752146e-29,1.0,205.5088468371542,9.122984888728005e-33,1.0,222.0926430707654,3.370855111008112e-31,1.0,129.86457332307288,4.97804532166391e-23,1.0,152.7724718658721,1.8486880530484817e-22,1.0,171.80221856922506,8.041227766798635e-22,1.0,0.05194805194805195,19.25,95.6032448539137,16.706658565903822,0.012987012987012988,77.0,73.72970378341272,17.143477346370002,0.03646811342616593,0.010404970781572875
c_15235,0.1592904097985712,0.12809441669139365,0.10875941929277769,0.10127909256447894,64.84281049609987,4.3438264824643363e-10,1.0,81.12609404834164,2.5259796935636e-09,1.0,113.3335520547917,1.306835723652371e-11,1.0,43.593587595887165,3.893552232249057e-06,1.0,51.05944464628045,0.00015592581024182416,1.0,67.68437950140319,9.844866487344496e-05,1.0,0.01948051948051948,51.333333333333336,23.27178386874758,3.1970496064859333,0.01948051948051948,51.333333333333336,20.732790394079235,2.7089597836363355,0.03119599310717755,0.00748032672829875
c_15282,0.07546523431719103,0.08278738768431389,0.06828373278824129,0.06865421770391568,16.537187540212773,0.08525293663709058,0.0,42.092373463463474,0.0026899287628725415,1.0,65.32046886107037,0.0001995588028406002,1.0,18.59536248970501,0.04571358256218986,1.0,44.600432770149915,0.0012497037860362934,1.0,72.3112550652829,2.3646175189980907e-05,1.0,0.01948051948051948,51.333333333333336,596.746864888244,77.32232351792054,0.01948051948051948,51.333333333333336,621.3848280622074,85.23652809195183,-0.007322153367122858,-0.0003704849156743878
c_15420,0.17051603139215205,0.14897387004067283,0.12259739259780655,0.10962118319515886,69.54219763899599,5.4341438918493616e-11,1.0,82.7217482201682,1.3485184164153535e-09,1.0,87.28961535756926,1.681308022875448e-07,1.0,55.70053151148718,2.3358231010251803e-08,1.0,74.51422665248289,3.282210199074366e-08,1.0,81.97552973440315,1.023252692971415e-06,1.0,0.032679738562091505,30.599999999999998,716.7666589805509,61.62289280337581,0.032679738562091505,30.599999999999998,695.4523354388579,65.94176884556916,0.02154216135147921,0.012976209402647695
c_15446,0.05478127032755923,0.03866194251275311,0.06718431416405396,0.053997415324406974,5.0733899735609755,0.8862218424146013,0.0,13.769946558531752,0.8419659490357971,0.0,14.217046293017127,0.9934700500808292,0.0,3.503299053539463,0.9669862442034485,0.0,10.068357200386053,0.9669154230416053,0.0,10.343975133203264,0.9996789298124632,0.0,0.05194805194805195,19.25,152.06696654700124,8.447749466842986,0.12337662337662339,8.105263157894736,139.98003536445407,6.4258364509813575,0.01611932781480612,0.013186898839646986
c_15486,0.18841884867418582,0.20418484465292588,0.09925866460664369,0.10412521598760609,85.2683665333296,4.620775381190144e-14,1.0,92.42238524542638,2.7869193777845773e-11,1.0,100.9453456309706,1.3158998380738377e-09,1.0,99.51547491526107,6.812779061869753e-17,1.0,104.98698985453285,1.596892853157082e-13,1.0,113.18471520882487,1.3826979237917638e-11,1.0,0.012987012987012988,77.0,1146.9914263602645,206.96202017670927,0.012987012987012988,77.0,1210.1723603851012,231.68132297332883,-0.015765995978740066,-0.004866551380962397
c_15527,0.09424057780944314,0.08787060466428295,0.08360580693443534,0.08180836670007882,23.621844897253602,0.00866994894737635,1.0,39.843737787315305,0.005227576846970784,1.0,50.45229282144625,0.011124825262465901,1.0,19.460651435665504,0.03478708670416976,1.0,29.0979170691878,0.0858491841913224,0.0,37.75490075574039,0.15614450228836657,0.0,0.006666666666666667,150.0,206.93727754588963,16.54753214268164,0.006666666666666667,150.0,191.4907924660119,15.409847654074674,0.00636997314516019,0.0017974402343565177
c_15555,0.22179495549296008,0.24421183516210215,0.1655301764689667,0.1777781886362451,105.71855030304715,3.883821600238406e-18,1.0,171.14624666214127,5.187422832213728e-26,1.0,188.71537658803584,6.255843922051047e-25,1.0,124.40020591057085,6.458985217496019e-22,1.0,189.9770636408661,1.0690492389593142e-29,1.0,204.772910780851,6.312667285256933e-28,1.0,0.11111111111111112,9.0,1652.4495924102773,187.15146973559592,0.11111111111111112,9.0,1718.1280680859986,195.70393038755415,-0.022416879669142076,-0.012248012167278388
c_15570,0.07060784773174811,0.06939046974693289,0.07739273843312074,0.07716846087549162,14.390532824105541,0.15591175297297616,0.0,21.340073723475587,0.37736475908914624,0.0,39.35544000255038,0.11796356219972869,0.0,14.259674385153048,0.16147315050546818,0.0,19.161117247606498,0.5113764883903834,0.0,37.665841089908795,0.15851900132580263,0.0,0.012987012987012988,77.0,16.04047719151602,1.6476062576071395,0.012987012987012988,77.0,16.120017071356404,1.571182704262473,0.001217377984815221,0.00022427755762911838
c_15604,0.0693849299612325,0.06848243350496905,0.07093940048462002,0.072167025106936,17.580650799897896,0.06246311450656825,0.0,29.178971538323534,0.08429471713291975,0.0,32.51476870922701,0.34398140595787335,0.0,17.025091639511437,0.07381060637983519,0.0,28.084379261228502,0.10741693639331727,0.0,33.68658222455587,0.2935355234821431,0.0,0.012987012987012988,77.0,2600.516085266969,119.9349921697461,0.012987012987012988,77.0,2626.0846251413527,148.2829292986584,0.0009024964562634463,-0.0012276246223159731
c_15616,0.48943586424316454,0.5541016425886414,0.1565062192462762,0.16319147021786365,473.3087016781744,2.2178876497637478e-95,1.0,486.9271519711064,1.5832280660279058e-90,1.0,714.8628238590666,3.900329386536228e-131,1.0,559.6956849612205,7.539326592115005e-114,1.0,578.9141187668339,7.916971510149246e-110,1.0,739.3396766704775,3.0208987968776544e-136,1.0,0.012987012987012988,77.0,32.873649279632225,11.045014520074286,0.012987012987012988,77.0,35.82196989913794,11.975450822252768,-0.06466577834547682,-0.006685250971587453
c_15630,0.452127978307051,0.5106170641243389,0.15108844476950453,0.15229596570246748,355.16617820674264,3.190632009216242e-70,1.0,385.65671702982456,1.9192302951766103e-69,1.0,471.6025346158608,7.843466111673515e-81,1.0,443.46141727392154,5.18249346279355e-89,1.0,536.2242254896319,7.417281311204998e-101,1.0,552.434874859728,1.9948022903765098e-97,1.0,0.012987012987012988,77.0,125.10010828961538,26.952447730397033,0.01948051948051948,51.333333333333336,155.8682722951453,31.930025642252392,-0.058489085817287956,-0.0012075209329629466
c_15640,0.2490313868078388,0.2802899205301156,0.13437152424071458,0.12621430808535916,196.42958222868717,8.958202140693948e-37,1.0,215.8469437676426,8.037808673595208e-35,1.0,234.15574226513186,1.685448060919825e-33,1.0,217.98029599434233,2.82879855309336e-41,1.0,222.51843106090124,3.752020016681935e-36,1.0,232.2475836944756,3.906526299608617e-33,1.0,0.05194805194805195,19.25,236.8432329147947,46.09465665511463,0.012987012987012988,77.0,229.18321601337567,44.604436072766035,-0.0312585337222768,0.008157216155355418
c_15642,0.05107992561089897,0.05037766055069707,0.050133589585940594,0.04888872700401024,5.6722205975424105,0.8420091738381814,0.0,9.625603295443433,0.9744639271605984,0.0,12.150384420118948,0.9984234869996101,0.0,5.80000388039497,0.8317767617092122,0.0,9.68608921005654,0.973513388168917,0.0,12.76323442268056,0.9975024926353981,0.0,0.05844155844155845,17.11111111111111,221.74463783499297,10.063863985455274,0.05844155844155845,17.11111111111111,224.37691722406856,10.999114908316574,0.0007022650602018995,0.0012448625819303505
c_15647,0.10495116667159458,0.15023707618969812,0.08535335781806899,0.10661351111390863,44.415298933902285,2.7717446801249047e-06,1.0,65.2833194404365,1.0517809299838531e-06,1.0,68.38410862723272,7.963172358687389e-05,1.0,58.437137943835076,7.151464965609786e-09,1.0,90.5613411352207,5.912456237003624e-11,1.0,97.72114365058047,4.237738732996619e-09,1.0,0.07142857142857144,13.999999999999998,93.31520625695076,7.411075407964966,0.012987012987012988,77.0,94.71855762726615,7.0980083228093935,-0.04528590951810353,-0.021260153295839634
c_15794,0.5525327880833851,0.21796725447523535,0.32443550749780947,0.1603211433259198,660.7352530352858,1.675774959444445e-135,1.0,837.1344369893236,1.8369926408261008e-164,1.0,853.8418250382172,3.0867695525297385e-160,1.0,134.1088078161004,6.767519999829495e-24,1.0,183.49572992813836,2.0058227501594799e-28,1.0,199.4857194408355,6.180769644214255e-27,1.0,0.03246753246753247,30.799999999999997,0.3795848016950029,0.11394950183653932,0.06493506493506494,15.399999999999999,1.6378870774563141,0.18262204608428878,0.3345655336081498,0.16411436417188968
c_15856,0.09132190971169118,0.10828089454203857,0.08701843077172013,0.09255023330035277,28.079336993128006,0.0017531913465592623,1.0,41.00922597098813,0.0037150853375109644,1.0,45.80121290883011,0.03245729558737614,1.0,33.557083666912916,0.00021946066257042131,1.0,54.167956009433,5.4621996311752484e-05,1.0,61.58061491511786,0.0005900754397505089,1.0,0.07189542483660132,13.909090909090908,297.7020439954816,17.658871319904932,0.058823529411764705,17.0,309.35851494799243,22.84688949230948,-0.016958984830347384,-0.00553180252863264
c_16008,0.6863390560003857,0.593416354214722,0.17171546634215135,0.16662080842329727,777.0629639444705,1.7575090759204882e-160,1.0,951.1076822468676,1.0301612523525034e-188,1.0,957.1734753046767,5.5504400143126786e-182,1.0,589.1867014184319,3.650318324091004e-120,1.0,661.5478838027188,2.983072095154746e-127,1.0,712.4814908017279,1.2245379441868676e-130,1.0,0.012987012987012988,77.0,491.03797726857755,246.8235541294896,0.012987012987012988,77.0,334.84193360935166,165.96885307778768,0.09292270178566364,0.005094657918854079
c_16048,0.10960786286473319,0.0897123748403349,0.07352716538501454,0.07279064033328739,35.91960734596634,8.689610212897305e-05,1.0,46.39271219019343,0.0007117623888388335,1.0,67.79324236494772,9.52610244267192e-05,1.0,31.041882462204732,0.000577453271186847,1.0,42.51997465846614,0.0023646939192141004,1.0,59.09668037697973,0.0011827285749265175,1.0,0.05194805194805195,19.25,187.18078053944714,24.332192409205195,0.006493506493506494,154.0,176.77381666865804,12.902038763650163,0.019895488024398292,0.0007365250517271521
