container_id,series,ar_order,n_forecasts,forecast_pearson_r,forecast_mae,residual_avg_abs_acf_1_10,residual_lb_reject_lag_20
c_10032,prophet_z,1,105,0.6194291686160063,0.7489094666421424,0.22187692369716944,1.0
c_10032,remaining_corr_z,1,105,0.6071635238340976,0.744981361773594,0.2219365569217972,1.0
c_10032,prophet_z,2,104,0.6121744898416965,0.6921558164510405,0.19386978804179975,1.0
c_10032,remaining_corr_z,2,104,0.6030292425333758,0.6829908592504268,0.19297576885765066,1.0
c_10032,prophet_z,5,101,0.6211320028033431,0.6033230995198026,0.089870768172453,0.0
c_10032,remaining_corr_z,5,101,0.6120224777826803,0.5892953254416068,0.09073530093294883,0.0
c_10034,prophet_z,1,105,0.9433077565615006,0.1888981308616077,0.06729236732280798,0.0
c_10034,remaining_corr_z,1,105,0.9512556456025831,0.19500031763606385,0.07476161769437467,0.0
c_10034,prophet_z,2,104,0.9424606631450463,0.18950684318237343,0.05935587741660446,0.0
c_10034,remaining_corr_z,2,104,0.9512926620584501,0.19402817011521126,0.06653646631047799,0.0
c_10034,prophet_z,5,101,0.9377433109176814,0.19509953252929677,0.07962932055012242,0.0
c_10034,remaining_corr_z,5,101,0.9470768910113238,0.19915524614907634,0.07213001420842478,0.0
c_10089,prophet_z,1,105,0.2822893677859976,0.4250008803710631,0.06560737324767071,0.0
c_10089,remaining_corr_z,1,105,0.21262897492033178,0.4168325921653015,0.07983101312794652,0.0
c_10089,prophet_z,2,104,0.2967579411332877,0.42993525161255786,0.06420383254271658,0.0
c_10089,remaining_corr_z,2,104,0.2475467044414404,0.4198951415982999,0.0740103221527873,0.0
c_10089,prophet_z,5,101,0.22932713770901036,0.43766358578690945,0.06186781131720899,0.0
c_10089,remaining_corr_z,5,101,0.1732515376866489,0.4253030904266037,0.075801340139899,0.0
c_10132,prophet_z,1,104,0.15156315936934614,1.2986133310665566,0.06326734170673812,0.0
c_10132,remaining_corr_z,1,104,0.13657460004566663,1.254645429957313,0.06764715543731416,0.0
c_10132,prophet_z,2,103,0.09494698217072685,1.297192000641019,0.06435078442826012,0.0
c_10132,remaining_corr_z,2,103,0.08370284113292761,1.2600136171627991,0.06973877403376787,0.0
c_10132,prophet_z,5,100,0.024816252226727745,1.330319661421896,0.06769668604600435,0.0
c_10132,remaining_corr_z,5,100,0.026335571774720866,1.2956992653364652,0.07142108972083369,0.0
c_1016,prophet_z,1,105,0.2905416214184017,0.20416824900937192,0.05249859024807033,0.0
c_1016,remaining_corr_z,1,105,0.24113436281807113,0.20098912730985563,0.05514791837383596,0.0
c_1016,prophet_z,2,104,0.27239041888193816,0.20685260884536058,0.05891272625840769,0.0
c_1016,remaining_corr_z,2,104,0.2194853857031739,0.20365512147644865,0.051171487932214155,0.0
c_1016,prophet_z,5,101,0.18173778225173537,0.2011677531298472,0.06813231048381332,0.0
c_1016,remaining_corr_z,5,101,0.133161703750329,0.19957194814876714,0.050805730785517166,0.0
c_10306,prophet_z,1,105,0.06533222544241017,0.8822676034549202,0.06896123680119863,0.0
c_10306,remaining_corr_z,1,105,0.09927834634652881,0.9345561418876427,0.0689455037057276,0.0
c_10306,prophet_z,2,104,0.05210141095011541,0.8868682741352406,0.0726603444708301,0.0
c_10306,remaining_corr_z,2,104,0.09087209897309848,0.9383725365187146,0.07326745162397477,0.0
c_10306,prophet_z,5,101,-0.006825421469864826,0.9161455695422346,0.0732443715319981,0.0
c_10306,remaining_corr_z,5,101,0.03446152681330226,0.9657233097432361,0.06898287258697008,0.0
c_10312,prophet_z,1,105,0.6416667642340378,0.07563535967646443,0.09583456031246067,0.0
c_10312,remaining_corr_z,1,105,0.6427488122396976,0.074975888030479,0.08861547896723972,0.0
c_10312,prophet_z,2,104,0.6513425569682111,0.07479809383996086,0.09752155390618356,0.0
c_10312,remaining_corr_z,2,104,0.6568217423921652,0.07419296385272524,0.10407343835821543,0.0
c_10312,prophet_z,5,101,0.6354676177122376,0.07368170467623733,0.07626788163072298,0.0
c_10312,remaining_corr_z,5,101,0.6455096020773751,0.07298698050246126,0.06879639129305837,0.0
c_10382,prophet_z,1,105,0.3150247007714632,0.5252489659100007,0.05845993924140501,0.0
c_10382,remaining_corr_z,1,105,0.2951634380157618,0.533702960900611,0.06091940665329763,0.0
c_10382,prophet_z,2,104,0.317351109367216,0.5342913038424925,0.05004190410471336,0.0
c_10382,remaining_corr_z,2,104,0.3135117520292076,0.5328938492820378,0.049516252613874115,0.0
c_10382,prophet_z,5,101,0.18058389967236732,0.5792125871914088,0.07414754832634143,0.0
c_10382,remaining_corr_z,5,101,0.1837368745704711,0.5752024007742341,0.06955588910915392,0.0
c_10393,prophet_z,1,105,0.6471532538701938,0.57339639853408,0.17407614168618593,1.0
c_10393,remaining_corr_z,1,105,0.6231645756319428,0.5589277734997421,0.2088734307809057,1.0
c_10393,prophet_z,2,104,0.6616056477479988,0.5270286900174367,0.11236219082592658,1.0
c_10393,remaining_corr_z,2,104,0.6449880007434778,0.5182519258029397,0.13882955602037822,1.0
c_10393,prophet_z,5,101,0.6532623478520403,0.5308355321469292,0.1375626407312551,1.0
c_10393,remaining_corr_z,5,101,0.6343775822905344,0.5209284307937664,0.15615862649882095,1.0
c_10641,prophet_z,1,105,0.3522513187031091,0.16767843658310164,0.07513712910603654,0.0
c_10641,remaining_corr_z,1,105,0.3928070849193943,0.17138483963087764,0.08246576216569587,0.0
c_10641,prophet_z,2,104,0.3651094458152662,0.16947645986915028,0.08143241652686602,0.0
c_10641,remaining_corr_z,2,104,0.41286688885745243,0.17192430445161674,0.08249684072553866,0.0
c_10641,prophet_z,5,101,0.280755495653383,0.1803693353950202,0.09940906398103484,0.0
c_10641,remaining_corr_z,5,101,0.37480830026031253,0.1830002472127991,0.09330546392209853,0.0
c_10695,prophet_z,1,105,0.2688464665176379,0.7592200734867377,0.06448418334453065,0.0
c_10695,remaining_corr_z,1,105,0.30895920591172543,0.7697541139685742,0.06076821985920129,0.0
c_10695,prophet_z,2,104,0.2621782928894244,0.7645370988556515,0.06599835262625434,0.0
c_10695,remaining_corr_z,2,104,0.30270562619771824,0.7770452091018506,0.06403959640351964,0.0
c_10695,prophet_z,5,101,0.25306716372106586,0.8132116222901654,0.06692425097667146,0.0
c_10695,remaining_corr_z,5,101,0.31806948477307334,0.8078837409661337,0.05711578648305227,0.0
c_10733,prophet_z,1,104,0.1329483976656129,0.9827247475755561,0.09288820862829764,0.0
c_10733,remaining_corr_z,1,104,0.18995855490183844,0.997751568377285,0.09988986247383128,0.0
c_10733,prophet_z,2,103,0.16842428672676943,1.007398083955283,0.10380179509686611,0.0
c_10733,remaining_corr_z,2,103,0.22068431657048482,1.0134880995596403,0.11023031468765081,0.0
c_10733,prophet_z,5,100,0.16661282959030443,1.013394807087139,0.10437330771523712,0.0
c_10733,remaining_corr_z,5,100,0.22872787958715107,1.017681092997867,0.10920356242561395,0.0
c_10878,prophet_z,1,105,0.3296506382690185,0.7259846404959894,0.10165528885646388,0.0
c_10878,remaining_corr_z,1,105,0.3006205266689427,0.7300686142079311,0.10445466136885036,0.0
c_10878,prophet_z,2,104,0.3445850506015645,0.7294406604870117,0.08178471033750759,0.0
c_10878,remaining_corr_z,2,104,0.321568018751334,0.7346014450827714,0.09094967181184019,0.0
c_10878,prophet_z,5,101,0.3222166359663631,0.7420047511493415,0.06267245766720897,0.0
c_10878,remaining_corr_z,5,101,0.29500823009488286,0.7423214788642397,0.06579526448953885,0.0
c_10898,prophet_z,1,105,0.3800828425943506,1.0851820891201387,0.09894545158722545,0.0
c_10898,remaining_corr_z,1,105,0.3876807421230168,1.0937512388696942,0.1004286917566514,1.0
c_10898,prophet_z,2,104,0.3630491353790059,1.0951098321836472,0.10636678141677343,0.0
c_10898,remaining_corr_z,2,104,0.37013198823514415,1.1041348153292065,0.10676517620471906,0.0
c_10898,prophet_z,5,101,0.2630407529961215,1.182475031579334,0.11698645231534903,1.0
c_10898,remaining_corr_z,5,101,0.27086504598355454,1.19395469685977,0.12244676720557841,1.0
c_11013,prophet_z,1,105,0.24076029803391685,0.46337011394165106,0.0935068572777758,1.0
c_11013,remaining_corr_z,1,105,0.2871302670283829,0.4382965739827181,0.09071154531476429,1.0
c_11013,prophet_z,2,104,0.17896312038375092,0.47608389190730027,0.10670404108734266,1.0
c_11013,remaining_corr_z,2,104,0.21109847542286,0.4550829007532779,0.10520966993810568,1.0
c_11013,prophet_z,5,101,0.20098181888351035,0.4867380078371028,0.09928686196398923,1.0
c_11013,remaining_corr_z,5,101,0.2100639605808806,0.4729855557258839,0.10429046096241153,1.0
c_11087,prophet_z,1,105,-0.0051093105588271084,0.6298134077829988,0.04251279464266487,0.0
c_11087,remaining_corr_z,1,105,0.019773009215793676,0.6715494431437338,0.037032486572179946,0.0
c_11087,prophet_z,2,104,-0.018441401649565786,0.6385888050389819,0.04386168545676551,0.0
c_11087,remaining_corr_z,2,104,0.010011753783585146,0.6790227577015471,0.03860857271500552,0.0
c_11087,prophet_z,5,101,-0.10304923824441224,0.6666376811890029,0.043960301487943595,0.0
c_11087,remaining_corr_z,5,101,-0.06696015448528939,0.7150283435503975,0.04006753637327672,0.0
c_11203,prophet_z,1,105,0.5605135640527256,0.3946246836906979,0.08752051636058304,0.0
c_11203,remaining_corr_z,1,105,0.47571017306719005,0.378846118645085,0.08669292752175248,0.0
c_11203,prophet_z,2,104,0.5780168829048122,0.3907568827777749,0.056237831908450796,0.0
c_11203,remaining_corr_z,2,104,0.4974769570792473,0.3799491536848785,0.05932996460352178,0.0
c_11203,prophet_z,5,101,0.546000359782453,0.4032126401417445,0.0658862176599533,0.0
c_11203,remaining_corr_z,5,101,0.46934378751437383,0.3925098234286653,0.06886467381790586,0.0
c_11307,prophet_z,1,105,0.33707913265112766,1.0822306437654459,0.09079217555233149,0.0
c_11307,remaining_corr_z,1,105,0.31401328828207725,1.129228578192468,0.0913459448780107,0.0
c_11307,prophet_z,2,104,0.3139057404382567,1.0895220449920267,0.09088929191890467,0.0
c_11307,remaining_corr_z,2,104,0.29430550430492275,1.1399676463574577,0.0934955550252826,0.0
c_11307,prophet_z,5,101,0.03723702656978686,1.1498106957698888,0.12382329040239133,1.0
c_11307,remaining_corr_z,5,101,0.03223952774026331,1.1995846790116367,0.12258695835644065,1.0
c_11327,prophet_z,1,104,0.34640070303956155,0.578802187873434,0.10292780090017309,1.0
c_11327,remaining_corr_z,1,104,0.342057183718778,0.5693274207374438,0.1010368518243598,1.0
c_11327,prophet_z,2,103,0.3434179828999709,0.5848316791167183,0.11056614079399119,1.0
c_11327,remaining_corr_z,2,103,0.3409742756144864,0.5759760054595225,0.1046748249740238,1.0
c_11327,prophet_z,5,100,0.31206823249247,0.6031000199799247,0.13653377395821994,1.0
c_11327,remaining_corr_z,5,100,0.319563925364443,0.5851491150639783,0.1345412858168284,1.0
c_11461,prophet_z,1,104,0.4175852876814091,0.3139364136914941,0.10104998895548964,0.0
c_11461,remaining_corr_z,1,104,0.3535016748367295,0.29383417951392315,0.08856538206846973,0.0
c_11461,prophet_z,2,103,0.40718075388479535,0.3172338556225822,0.1039211976448799,1.0
c_11461,remaining_corr_z,2,103,0.35017034008731784,0.2961564883389309,0.08136379164396881,0.0
c_11461,prophet_z,5,100,0.37476690192339207,0.3318296138585113,0.10313001568102217,0.0
c_11461,remaining_corr_z,5,100,0.31160151299972605,0.31040800684302056,0.08484301513920793,0.0
c_11735,prophet_z,1,105,0.6863589485276336,0.33667725614960564,0.09349170756067561,0.0
c_11735,remaining_corr_z,1,105,0.6612825417872863,0.3278150652399994,0.09567637844282648,0.0
c_11735,prophet_z,2,104,0.5993797698515584,0.3450792346263371,0.11812441686587863,0.0
c_11735,remaining_corr_z,2,104,0.571084024450105,0.33861712632571483,0.11987367290074742,0.0
c_11735,prophet_z,5,101,0.38576398308168525,0.47578397376655257,0.08938064880864294,0.0
c_11735,remaining_corr_z,5,101,0.3447961793619909,0.47074356562275804,0.08597813466497718,0.0
c_11752,prophet_z,1,104,0.34871513289788664,0.6311717065523177,0.05878335819111299,0.0
c_11752,remaining_corr_z,1,104,0.3558599428521827,0.6230611842102733,0.05958578253293993,0.0
c_11752,prophet_z,2,103,0.33867844226354504,0.6376262192877861,0.06213560206173233,0.0
c_11752,remaining_corr_z,2,103,0.3464131541956803,0.6305767509016658,0.06269359787433967,0.0
c_11752,prophet_z,5,100,0.2775962823420113,0.6461705675750308,0.09769660670620281,0.0
c_11752,remaining_corr_z,5,100,0.29058566275192205,0.64474205232545,0.09923704051791896,0.0
c_1181,prophet_z,1,104,0.28325202283768247,0.8202443861721562,0.09174071602277531,0.0
c_1181,remaining_corr_z,1,104,0.30988975120891316,0.8200653886913821,0.0893994055226687,1.0
c_1181,prophet_z,2,103,0.2746611237710313,0.8109598664880593,0.08524068750934957,0.0
c_1181,remaining_corr_z,2,103,0.2989390752239473,0.8079747248744338,0.08387616748934604,1.0
c_1181,prophet_z,5,100,0.31745300987347974,0.8517536808268151,0.0828682135674848,0.0
c_1181,remaining_corr_z,5,100,0.3148195948246454,0.8720103379103231,0.0835795380308256,0.0
c_1186,prophet_z,1,105,0.7841531902733045,0.2486683443499461,0.14239466687731328,1.0
c_1186,remaining_corr_z,1,105,0.7091724657737997,0.24814835472075217,0.12214110788920944,0.0
c_1186,prophet_z,2,104,0.781294627514578,0.24949128557347927,0.14891401787093095,1.0
c_1186,remaining_corr_z,2,104,0.709100297860412,0.24653632582885293,0.12483514991920201,0.0
c_1186,prophet_z,5,101,0.7731285168795857,0.2429117624424376,0.0923781126352367,0.0
c_1186,remaining_corr_z,5,101,0.6795045190596438,0.24931912528894606,0.10582154083160258,0.0
c_11996,prophet_z,1,105,0.28878905116990017,0.5527466125007588,0.07865622851569007,0.0
c_11996,remaining_corr_z,1,105,0.20016522540269488,0.5498006207119134,0.07362325306969196,0.0
c_11996,prophet_z,2,104,0.2844016695640101,0.5633846555535336,0.07119762527093781,0.0
c_11996,remaining_corr_z,2,104,0.18625461290193113,0.5605805475234196,0.06874640338817511,0.0
c_11996,prophet_z,5,101,0.27120395970999844,0.5747528432490887,0.0895145806252015,0.0
c_11996,remaining_corr_z,5,101,0.15156547565482584,0.5830394478092077,0.07436761377084478,0.0
c_12060,prophet_z,1,105,0.04138978269243632,1.4023844912148662,0.10978614396409492,0.0
c_12060,remaining_corr_z,1,105,0.03449910627373001,1.31679645729663,0.10941439084209534,0.0
c_12060,prophet_z,2,104,0.14159644142556244,1.3532434279397996,0.09310913150764391,0.0
c_12060,remaining_corr_z,2,104,0.12502120610005585,1.2737116236813242,0.09509167211621387,0.0
c_12060,prophet_z,5,101,0.049155379319138215,1.4300568713584234,0.11400104036980171,0.0
c_12060,remaining_corr_z,5,101,0.02958778218789752,1.36427402685673,0.10591886530602854,0.0
c_12158,prophet_z,1,104,0.5953739365528286,0.2972342403791187,0.08145335514385466,0.0
c_12158,remaining_corr_z,1,104,0.49367683867373946,0.2883014137386485,0.07912863964604622,0.0
c_12158,prophet_z,2,103,0.57017835975727,0.29574232433452996,0.08372234745859125,0.0
c_12158,remaining_corr_z,2,103,0.4615211072644354,0.2866109928378234,0.0764431617553418,0.0
c_12158,prophet_z,5,100,0.5838979122549863,0.29260998504159763,0.06379317365117514,0.0
c_12158,remaining_corr_z,5,100,0.4566054337045441,0.2798943739605047,0.06914516611301705,0.0
c_12164,prophet_z,1,105,0.10833159472023371,0.5578800267382992,0.0553368704701897,0.0
c_12164,remaining_corr_z,1,105,0.0684324788126755,0.5573293056656698,0.057229353271206505,0.0
c_12164,prophet_z,2,104,0.09569583844511088,0.5621207261137587,0.054242473940869895,0.0
c_12164,remaining_corr_z,2,104,0.057996917260927566,0.5633669003754894,0.06123959887598429,0.0
c_12164,prophet_z,5,101,-0.061958324883055624,0.5892561345575099,0.06909921802566733,0.0
c_12164,remaining_corr_z,5,101,-0.08960011452484631,0.5981054826454477,0.0822349341513911,0.0
c_12174,prophet_z,1,105,0.11876187462331614,1.0611584324466088,0.071664131070021,0.0
c_12174,remaining_corr_z,1,105,0.07907037082826332,1.0377402645337284,0.061205749173380175,0.0
c_12174,prophet_z,2,104,0.14047467005211986,1.0426549689147697,0.05511513483852718,0.0
c_12174,remaining_corr_z,2,104,0.12819701726987612,1.022569528290722,0.04410172099352636,0.0
c_12174,prophet_z,5,101,0.06007903265114958,1.0919802401797691,0.054287904112811335,0.0
c_12174,remaining_corr_z,5,101,0.025548921285247408,1.0741140918880705,0.043374841704295244,0.0
c_12189,prophet_z,1,105,0.2342412727481788,0.25546111412064354,0.07361643919046124,0.0
c_12189,remaining_corr_z,1,105,0.2929134374132883,0.273075871468742,0.0699363804346073,0.0
c_12189,prophet_z,2,104,0.11030028439194835,0.26358551706200395,0.09035805102996501,0.0
c_12189,remaining_corr_z,2,104,0.1937187675953339,0.2790793702771825,0.08235062874224315,0.0
c_12189,prophet_z,5,101,0.21237072175455088,0.24791441587171642,0.07926245856830447,0.0
c_12189,remaining_corr_z,5,101,0.26324618755601237,0.2615651879234852,0.08177572385763512,0.0
c_12193,prophet_z,1,104,0.2297697935824065,0.8607183207501811,0.07221508155997802,0.0
c_12193,remaining_corr_z,1,104,0.2351042014469954,0.8523689063295772,0.08146587335939628,0.0
c_12193,prophet_z,2,103,0.2445699578655512,0.8611397841126284,0.062145538216607156,0.0
c_12193,remaining_corr_z,2,103,0.23735811433387832,0.8551306307767401,0.07097244491468116,0.0
c_12193,prophet_z,5,100,0.20593220422121425,0.8840386652529358,0.06696307175925834,0.0
c_12193,remaining_corr_z,5,100,0.2054403967645314,0.8747796554621512,0.07171806530112294,0.0
c_12231,prophet_z,1,105,0.9637156733449657,0.4063361521579761,0.1518751692990306,1.0
c_12231,remaining_corr_z,1,105,0.9645189545412366,0.37603959857229824,0.13350553290030828,1.0
c_12231,prophet_z,2,104,0.9657894516543297,0.38737977154078934,0.10941722987511457,1.0
c_12231,remaining_corr_z,2,104,0.9656808118835222,0.3626617510920521,0.11318620386473477,1.0
c_12231,prophet_z,5,101,0.9664910041886277,0.38232982282194355,0.09495331399508837,0.0
c_12231,remaining_corr_z,5,101,0.9658831675445947,0.36619662272126036,0.09309288530490505,0.0
c_12237,prophet_z,1,103,0.9668585974829709,0.34542049525277685,0.08414877366274436,0.0
c_12237,remaining_corr_z,1,103,0.980376155354278,0.3670857310805305,0.10038431370912396,0.0
c_12237,prophet_z,2,102,0.9682730924438622,0.32432298408476823,0.05025197523891463,0.0
c_12237,remaining_corr_z,2,102,0.9810589306398884,0.3463511346407118,0.06188271252134757,0.0
c_12237,prophet_z,5,99,0.9684042512891742,0.32359235985637597,0.05002431478535393,0.0
c_12237,remaining_corr_z,5,99,0.9812487465344972,0.34671551240277454,0.05551901573609767,0.0
c_12441,prophet_z,1,104,0.27600103796707603,0.20191137296471415,0.15426813728623226,1.0
c_12441,remaining_corr_z,1,104,0.3255870775568137,0.19430741846220037,0.13089917950395086,1.0
c_12441,prophet_z,2,103,0.25630877123973006,0.2029373631675033,0.15590877972141964,1.0
c_12441,remaining_corr_z,2,103,0.30157346401673346,0.19562018699389783,0.13306295108988575,1.0
c_12441,prophet_z,5,100,0.2706108614590639,0.2064734643455615,0.14603796734554403,1.0
c_12441,remaining_corr_z,5,100,0.32209640965780995,0.19862208355619282,0.12279114160975109,1.0
c_12517,prophet_z,1,105,0.6738815767642761,0.3941770020722939,0.08339718580044071,0.0
c_12517,remaining_corr_z,1,105,0.6051453660941684,0.3820721726122511,0.07412065297448958,0.0
c_12517,prophet_z,2,104,0.6698612319731192,0.39426815015836014,0.08146523371021971,0.0
c_12517,remaining_corr_z,2,104,0.5978974155357062,0.38228537688645814,0.08246972067390362,0.0
c_12517,prophet_z,5,101,0.6432654556663726,0.4171254392754509,0.08043564068773364,0.0
c_12517,remaining_corr_z,5,101,0.5899416909541535,0.38907433295684274,0.08200975509250272,0.0
c_12624,prophet_z,1,105,0.20751033450713086,0.5161667289829031,0.08977985207974636,0.0
c_12624,remaining_corr_z,1,105,0.19487744113401806,0.5113202439783949,0.08660704830160644,0.0
c_12624,prophet_z,2,104,0.20980258528764079,0.5096782919998047,0.08585554050954612,0.0
c_12624,remaining_corr_z,2,104,0.18535494220428972,0.5085843800202675,0.08888372226156067,0.0
c_12624,prophet_z,5,101,0.1323206001611074,0.5354016663698218,0.10201956079561673,0.0
c_12624,remaining_corr_z,5,101,0.10734753589803495,0.5307152028362022,0.103419649264431,0.0
c_12767,prophet_z,1,105,0.2792509994498711,0.8899560520857778,0.0849079885193031,1.0
c_12767,remaining_corr_z,1,105,0.2642824545061552,0.9139732083927631,0.08469245524852723,1.0
c_12767,prophet_z,2,104,0.2510078401752741,0.9291558609600842,0.09359326983373774,1.0
c_12767,remaining_corr_z,2,104,0.2383302882550526,0.9565257264309134,0.09434612193212197,1.0
c_12767,prophet_z,5,101,0.2459650211151779,0.9316995201186942,0.07244685792520253,1.0
c_12767,remaining_corr_z,5,101,0.24407297908835546,0.9537036200489377,0.07794691506724802,1.0
c_12858,prophet_z,1,105,0.4014088911123149,0.4751297569010321,0.10226033201998079,0.0
c_12858,remaining_corr_z,1,105,0.398265340088802,0.46038434835620845,0.10008136382730279,0.0
c_12858,prophet_z,2,104,0.33948314719278605,0.4783586412030512,0.12265404969973312,0.0
c_12858,remaining_corr_z,2,104,0.34168210193988624,0.4588888685639414,0.11878922229620689,0.0
c_12858,prophet_z,5,101,0.3115242715573227,0.5157792797310138,0.1465008151854658,1.0
c_12858,remaining_corr_z,5,101,0.3120840098025349,0.5007577374740221,0.14038213021530127,1.0
c_1286,prophet_z,1,105,0.2061143554330569,1.1081663842307492,0.11358104337661319,1.0
c_1286,remaining_corr_z,1,105,0.21287672194820312,1.131028863125827,0.10398328178667937,1.0
c_1286,prophet_z,2,104,0.22476428478848706,1.1276531949342297,0.08802892649751035,0.0
c_1286,remaining_corr_z,2,104,0.22487186520543107,1.1474207121038642,0.09031718141553881,0.0
c_1286,prophet_z,5,101,0.24984013918383838,1.1921085993125466,0.09095126884639308,0.0
c_1286,remaining_corr_z,5,101,0.24930634431997792,1.1993568242917594,0.09493634313037666,0.0
c_12971,prophet_z,1,105,0.13577650320059514,0.821431482774341,0.0731440926984982,0.0
c_12971,remaining_corr_z,1,105,0.09043632318534083,0.7854468475866999,0.06516966060262945,0.0
c_12971,prophet_z,2,104,0.13330757141381216,0.8399742403976327,0.07440553522571866,0.0
c_12971,remaining_corr_z,2,104,0.08889963620821148,0.8043972813188598,0.06865615986341564,0.0
c_12971,prophet_z,5,101,0.11594364699288826,0.8674429211694823,0.08010029512463528,0.0
c_12971,remaining_corr_z,5,101,0.07529555454958423,0.8373319804075535,0.08365620567975979,0.0
c_12974,prophet_z,1,104,0.16716524606356475,0.866635903457073,0.1060053841235058,0.0
c_12974,remaining_corr_z,1,104,0.1676384889345949,0.8849802698987622,0.10500900519707732,0.0
c_12974,prophet_z,2,103,0.12494973180215521,0.875535529385757,0.11128014902931187,0.0
c_12974,remaining_corr_z,2,103,0.1255818344866209,0.9043615162816162,0.1151298954099563,0.0
c_12974,prophet_z,5,100,0.13396422257209326,0.9036096986582975,0.0853495024025541,0.0
c_12974,remaining_corr_z,5,100,0.13226961711653484,0.9239663636255573,0.08990237566711493,0.0
c_12993,prophet_z,1,105,0.4030713244136369,0.7056817034938013,0.08451619062674032,0.0
c_12993,remaining_corr_z,1,105,0.3257645492731548,0.7227910639593897,0.09059916384035122,0.0
c_12993,prophet_z,2,104,0.38128870025677253,0.7060739543349513,0.08870095070216462,0.0
c_12993,remaining_corr_z,2,104,0.28766704218354006,0.7302045367617005,0.09142283867372106,0.0
c_12993,prophet_z,5,101,0.3769682176094016,0.7070210889421608,0.07047242001868996,0.0
c_12993,remaining_corr_z,5,101,0.3073042052975459,0.7196250871812151,0.06886922079236943,0.0
c_12999,prophet_z,1,104,0.24379032476305107,0.4968267212629422,0.06268671031167625,0.0
c_12999,remaining_corr_z,1,104,0.19378793083095475,0.47744349801958236,0.061288016935955945,0.0
c_12999,prophet_z,2,103,0.21757562590319962,0.4992225885352607,0.07153878009463209,0.0
c_12999,remaining_corr_z,2,103,0.15652145732519254,0.4848750369712725,0.06276824853804616,0.0
c_12999,prophet_z,5,100,0.12790634076508894,0.5226792342123229,0.07133320283809844,0.0
c_12999,remaining_corr_z,5,100,0.03841993287601418,0.5121699521145552,0.06719283651905203,0.0
c_13020,prophet_z,1,105,0.6850527116901511,0.531090751200153,0.14442481025836798,1.0
c_13020,remaining_corr_z,1,105,0.7241022230656788,0.5481331668674556,0.17309760363883767,1.0
c_13020,prophet_z,2,104,0.7012364563382076,0.5115090242005746,0.12216539394570099,0.0
c_13020,remaining_corr_z,2,104,0.7395073537111683,0.5178570279344863,0.13748987739401858,1.0
c_13020,prophet_z,5,101,0.6706058317867005,0.5437246316050113,0.1502184486635984,1.0
c_13020,remaining_corr_z,5,101,0.7184891670251997,0.5470104894976694,0.1656210711977784,1.0
c_13044,prophet_z,1,104,0.38136562675231445,0.9763769982581068,0.055746377736972844,0.0
c_13044,remaining_corr_z,1,104,0.3612768805514105,0.9875034694239435,0.06258606145463391,0.0
c_13044,prophet_z,2,103,0.39140902381985443,0.9872923675527647,0.05186220169549349,0.0
c_13044,remaining_corr_z,2,103,0.3795989018286476,0.994569108000412,0.055422582797678,0.0
c_13044,prophet_z,5,100,0.3394813810838073,1.0268044604662547,0.08972198229560449,0.0
c_13044,remaining_corr_z,5,100,0.3170028729819707,1.0444338074328758,0.09776442499080709,0.0
c_13083,prophet_z,1,105,0.5243297858646192,0.7812882495067118,0.1098065987476737,1.0
c_13083,remaining_corr_z,1,105,0.5194854519395993,0.7938461169762984,0.10791045004685214,0.0
c_13083,prophet_z,2,104,0.5321199080507109,0.7860770127132413,0.11571029419559183,1.0
c_13083,remaining_corr_z,2,104,0.5238214128119928,0.7948927157676049,0.10889700235767544,0.0
c_13083,prophet_z,5,101,0.483772992863771,0.8098659953732673,0.144838989183643,1.0
c_13083,remaining_corr_z,5,101,0.46572823660003837,0.8081864238627846,0.146223482360667,1.0
c_13166,prophet_z,1,105,0.4087144291947012,0.53429693534605,0.07990692022684653,0.0
c_13166,remaining_corr_z,1,105,0.5388424369645404,0.548162500650377,0.07430938500798298,0.0
c_13166,prophet_z,2,104,0.3883345445751104,0.5476676521452095,0.06302480668380346,0.0
c_13166,remaining_corr_z,2,104,0.5170229314329616,0.5583164396975163,0.05796844075925025,0.0
c_13166,prophet_z,5,101,0.30544458416958875,0.5357631350163237,0.08571326589266505,0.0
c_13166,remaining_corr_z,5,101,0.44819695713014596,0.518707406995538,0.07588062278721976,0.0
c_13170,prophet_z,1,105,0.3188335733628048,0.4156971432961869,0.16254719374958798,1.0
c_13170,remaining_corr_z,1,105,0.32015413549400273,0.40922983123827317,0.14383474658144027,1.0
c_13170,prophet_z,2,104,0.33028324372300727,0.44556852714666334,0.056772767771699074,0.0
c_13170,remaining_corr_z,2,104,0.3472085720591941,0.4329855211256583,0.07015147908799718,0.0
c_13170,prophet_z,5,101,0.34495132560651837,0.44200895544403684,0.06671864114479366,0.0
c_13170,remaining_corr_z,5,101,0.33232657217460404,0.4419326125534203,0.07219693591110862,0.0
c_13229,prophet_z,1,105,0.1823060593961333,1.4140288350358092,0.08473114362957626,0.0
c_13229,remaining_corr_z,1,105,0.10050979313192092,1.3714290590140619,0.08111772002102327,0.0
c_13229,prophet_z,2,104,0.17031270015164107,1.4513337002197784,0.09887008250746293,0.0
c_13229,remaining_corr_z,2,104,0.09753175820580484,1.4024197668298557,0.08685470051855335,0.0
c_13229,prophet_z,5,101,0.2116981797482171,1.3981089937396067,0.09658223071598783,0.0
c_13229,remaining_corr_z,5,101,0.11382575610803405,1.4209233412418925,0.09879764607735128,0.0
c_13269,prophet_z,1,105,0.45121656173839714,1.2894702610578697,0.1136075079890341,1.0
c_13269,remaining_corr_z,1,105,0.440136554344267,1.3114554832000018,0.10875339724603719,1.0
c_13269,prophet_z,2,104,0.4195702815523864,1.3037882464610844,0.11982388181808776,1.0
c_13269,remaining_corr_z,2,104,0.4085473927388723,1.327132546368696,0.11398431003578899,1.0
c_13269,prophet_z,5,101,0.3869543659985258,1.3296446507248598,0.10998545467577933,1.0
c_13269,remaining_corr_z,5,101,0.3878280594886123,1.3300334578679576,0.10230784368721813,1.0
c_13308,prophet_z,1,105,0.9787171944148015,0.006032323447905106,0.44520163808639657,1.0
c_13308,remaining_corr_z,1,105,0.6882575477190265,0.057482593040708324,0.19727252617734256,1.0
c_13308,prophet_z,2,104,0.9995797047283532,0.001192375762626537,0.4663208010539722,1.0
c_13308,remaining_corr_z,2,104,0.6718831548742417,0.05248368945899513,0.18374983416272433,1.0
c_13308,prophet_z,5,101,0.9999999971873743,2.481794410015902e-06,0.6646475213486971,1.0
c_13308,remaining_corr_z,5,101,0.7465418639399777,0.0537128867693806,0.11671908553416872,1.0
c_13389,prophet_z,1,105,0.9091671863978593,0.28085590156794193,0.17479849200185246,1.0
c_13389,remaining_corr_z,1,105,0.9344766138160238,0.25566476095815144,0.0832632229525424,0.0
c_13389,prophet_z,2,104,0.9110121786010715,0.2787061281502495,0.10899739649928515,1.0
c_13389,remaining_corr_z,2,104,0.9336696038534064,0.25534433251464833,0.0811670470216371,0.0
c_13389,prophet_z,5,101,0.9227397039554581,0.2874448361833958,0.05650977544089599,0.0
c_13389,remaining_corr_z,5,101,0.9384251890819303,0.26580671714914306,0.05682809509879485,0.0
c_13403,prophet_z,1,105,-0.07509804251723466,0.3620692191196695,0.07877736946120165,0.0
c_13403,remaining_corr_z,1,105,-0.01575194797322739,0.38456485455501566,0.09283326430975972,0.0
c_13403,prophet_z,2,104,-0.07446840012125575,0.3661774612662278,0.08911271578449372,0.0
c_13403,remaining_corr_z,2,104,0.008396594190195273,0.3892033205099338,0.09805017434912991,0.0
c_13403,prophet_z,5,101,-0.10532282828569008,0.36557859687595295,0.08858805725319754,0.0
c_13403,remaining_corr_z,5,101,-0.02385608577100802,0.3916785746261088,0.09199358724648747,0.0
c_13441,prophet_z,1,104,0.5584673581847656,0.48522201518569463,0.09139939997951889,0.0
c_13441,remaining_corr_z,1,104,0.5237886685341261,0.47967262173600184,0.08215726978439016,0.0
c_13441,prophet_z,2,103,0.5687101834363466,0.479506282287704,0.07454936168717702,0.0
c_13441,remaining_corr_z,2,103,0.527788541960134,0.4747594151070199,0.06911471998304339,0.0
c_13441,prophet_z,5,100,0.5649758309334947,0.5115938505233403,0.04121970477731378,0.0
c_13441,remaining_corr_z,5,100,0.548627212625514,0.49411766113296507,0.027411947274358594,0.0
c_13607,prophet_z,1,105,0.09438318533414411,1.1147864230720324,0.1283791615311515,1.0
c_13607,remaining_corr_z,1,105,0.007014514250189296,1.0145225837116225,0.12245684796880278,0.0
c_13607,prophet_z,2,104,0.06509485907722312,1.1331487278495551,0.1406805129951888,1.0
c_13607,remaining_corr_z,2,104,-0.027959883914246798,1.0511650636500502,0.1383019309445418,1.0
c_13607,prophet_z,5,101,0.03174431171602862,1.2457468746386204,0.1381181081602293,1.0
c_13607,remaining_corr_z,5,101,-0.009931970153813821,1.2485273938458508,0.13976498749455396,1.0
c_13615,prophet_z,1,105,0.6806420522747303,0.20707859346540275,0.13376254276846683,1.0
c_13615,remaining_corr_z,1,105,0.8178529782618332,0.23378509321384838,0.13853019182442172,1.0
c_13615,prophet_z,2,104,0.6528964368415127,0.19511577655961798,0.13095686171654794,1.0
c_13615,remaining_corr_z,2,104,0.8032772998453749,0.21349153329500564,0.11422305245798432,1.0
c_13615,prophet_z,5,101,0.6366428920121125,0.1983227294643489,0.1310985526189115,1.0
c_13615,remaining_corr_z,5,101,0.7940828986576943,0.20806133722975623,0.11224408295151497,1.0
c_13658,prophet_z,1,105,0.28650395272070023,1.6817496632898474,0.1264784167957356,1.0
c_13658,remaining_corr_z,1,105,0.2706256875774745,1.668175430303034,0.1267309699908322,1.0
c_13658,prophet_z,2,104,0.24198691010023582,1.757232854882886,0.1388473166963457,1.0
c_13658,remaining_corr_z,2,104,0.22356915969018898,1.7547861427728608,0.14328173947687575,1.0
c_13658,prophet_z,5,101,0.16726295534201507,2.1021225637676952,0.1171839946719601,0.0
c_13658,remaining_corr_z,5,101,0.1582432258663331,2.1087909848516335,0.12481359261544003,0.0
c_13690,prophet_z,1,105,0.21569221239523076,0.3525593314777371,0.06491575569180136,1.0
c_13690,remaining_corr_z,1,105,0.11028543921925976,0.37621887434825263,0.06250840658295448,1.0
c_13690,prophet_z,2,104,0.21982065009256055,0.3613222266258559,0.06216053497013285,1.0
c_13690,remaining_corr_z,2,104,0.10846480333928228,0.3841463034503488,0.06293376318791523,1.0
c_13690,prophet_z,5,101,0.2616899560001652,0.43815850845862486,0.08334113588124435,1.0
c_13690,remaining_corr_z,5,101,0.16527818492302854,0.4558274896583391,0.08329552937502561,1.0
c_1379,prophet_z,1,105,0.13093656393908953,0.5068679677599941,0.0694735204223255,0.0
c_1379,remaining_corr_z,1,105,0.13829440895702483,0.5224016519631975,0.060807047989645514,0.0
c_1379,prophet_z,2,104,0.13350746989421677,0.5066771539123873,0.06360498291076946,0.0
c_1379,remaining_corr_z,2,104,0.131870702367467,0.5232624607390411,0.059529817879747135,0.0
c_1379,prophet_z,5,101,0.05264336282287091,0.5280040140005451,0.07920771642241091,0.0
c_1379,remaining_corr_z,5,101,0.05031665810940784,0.5444954061486236,0.07621802673913647,0.0
c_1387,prophet_z,1,105,0.4311864790453415,0.10598504245102966,0.09273253714706821,0.0
c_1387,remaining_corr_z,1,105,0.4571427768705496,0.1091728204168976,0.09653616578654321,0.0
c_1387,prophet_z,2,104,0.40696161302119127,0.10694895475838176,0.10215583659848329,0.0
c_1387,remaining_corr_z,2,104,0.4266141251470373,0.1095662322296531,0.10660725861493811,1.0
c_1387,prophet_z,5,101,0.3615484567184442,0.11158875435844574,0.09373168304815223,0.0
c_1387,remaining_corr_z,5,101,0.38128681216992033,0.11397912646334382,0.10049135967599014,0.0
c_13873,prophet_z,1,104,0.26812036981393134,1.9508438831107318,0.12311972458766898,0.0
c_13873,remaining_corr_z,1,104,0.16607661227391599,1.8189566311346026,0.1141851145546255,0.0
c_13873,prophet_z,2,103,0.17597907954324143,1.971011815485185,0.11095584477467627,0.0
c_13873,remaining_corr_z,2,103,0.07610773532677702,1.8529842679255797,0.10647357474509205,0.0
c_13873,prophet_z,5,100,0.1272283398961439,2.1766947715626372,0.09729143633568962,0.0
c_13873,remaining_corr_z,5,100,0.061044037855040575,2.0833498451557744,0.09432060349087013,0.0
c_14106,prophet_z,1,104,0.4292947494033907,0.34267030038052443,0.048952852624126256,0.0
c_14106,remaining_corr_z,1,104,0.4266374585703363,0.34776426826599827,0.05115506399137202,0.0
c_14106,prophet_z,2,103,0.4292496543850969,0.9701035206836762,0.01552128822733769,0.0
c_14106,remaining_corr_z,2,103,0.41570365830685896,0.6804090426092,0.023991888979100463,0.0
c_14106,prophet_z,5,100,-0.43419736666143244,375.76690181698825,0.029382041473360897,0.0
c_14106,remaining_corr_z,5,100,0.39598013432647045,65.32946488019876,0.06699872776513768,0.0
c_14135,prophet_z,1,105,0.49407946628948063,0.5140985109975329,0.15762195730344825,1.0
c_14135,remaining_corr_z,1,105,0.4442928710390105,0.4900391146277504,0.13874186375763028,1.0
c_14135,prophet_z,2,104,0.4984825350257567,0.5276017529496679,0.1359868134200514,1.0
c_14135,remaining_corr_z,2,104,0.44756205968173046,0.5071307123281096,0.11759115240267037,1.0
c_14135,prophet_z,5,101,0.5084192902842888,0.5201793817387984,0.0906419564699479,1.0
c_14135,remaining_corr_z,5,101,0.446750794754302,0.5020407543143971,0.07985309072828164,1.0
c_14296,prophet_z,1,105,0.9130813038091781,0.268753092813316,0.07712788661632547,0.0
c_14296,remaining_corr_z,1,105,0.8859597147018468,0.27996878234228495,0.08037591175303017,0.0
c_14296,prophet_z,2,104,0.9085168214497613,0.27217537513824497,0.081711776463929,0.0
c_14296,remaining_corr_z,2,104,0.8812583001972015,0.28270082966136606,0.08358197089037853,0.0
c_14296,prophet_z,5,101,0.9193152634495905,0.2534808418359006,0.07094042193806264,0.0
c_14296,remaining_corr_z,5,101,0.8969414220413512,0.26475229315792487,0.06961849106577372,0.0
c_14363,prophet_z,1,105,0.05487027412645118,0.9927881051371986,0.05836193648553091,0.0
c_14363,remaining_corr_z,1,105,0.046416869200268315,0.9959752741455132,0.05831763029354593,0.0
c_14363,prophet_z,2,104,0.048072431586886816,1.0384874201531569,0.06048243978883068,0.0
c_14363,remaining_corr_z,2,104,0.039613349225387895,1.0381762342511704,0.06125815009759876,0.0
c_14363,prophet_z,5,101,0.03165781199244962,1.087119994367635,0.06985964453052877,0.0
c_14363,remaining_corr_z,5,101,0.024346909879737953,1.0751554002795363,0.07036302228999998,0.0
c_14388,prophet_z,1,105,0.5440128675519026,0.20363544889764054,0.12602613004762997,1.0
c_14388,remaining_corr_z,1,105,0.595115724126236,0.21909888981362996,0.13197081128642463,1.0
c_14388,prophet_z,2,104,0.5489648799270326,0.20802151889682302,0.11320139790488684,0.0
c_14388,remaining_corr_z,2,104,0.5814898326045144,0.22268307229678014,0.12765546569808106,0.0
c_14388,prophet_z,5,101,0.5616350789195589,0.2094292220213112,0.11315461246717415,0.0
c_14388,remaining_corr_z,5,101,0.5620349184137072,0.2222931824877432,0.11733182770091213,1.0
c_14396,prophet_z,1,105,0.6411919727540508,0.41964163353064243,0.06315927826790257,0.0
c_14396,remaining_corr_z,1,105,0.7303958922295062,0.44795816722622744,0.06776136969164143,0.0
c_14396,prophet_z,2,104,0.6353602110753135,0.4191404693407454,0.06407255571876413,0.0
c_14396,remaining_corr_z,2,104,0.7295594527049174,0.4415956371376607,0.06454161702427617,0.0
c_14396,prophet_z,5,101,0.614661484446545,0.44217392102435366,0.05351180308682042,0.0
c_14396,remaining_corr_z,5,101,0.7162719782051443,0.4483525683335581,0.05721424043480554,0.0
c_14413,prophet_z,1,105,0.08414908620848023,0.9685910990712188,0.10231958308841524,0.0
c_14413,remaining_corr_z,1,105,0.15838047663006327,0.9879507785403739,0.0931983296448626,0.0
c_14413,prophet_z,2,104,0.1362889682578572,0.981147328818284,0.07934642142326487,0.0
c_14413,remaining_corr_z,2,104,0.20670432541977968,0.9874853783915319,0.07068663650649892,0.0
c_14413,prophet_z,5,101,0.13693412329462643,0.9646198813128743,0.07709246557556382,0.0
c_14413,remaining_corr_z,5,101,0.1962350180174095,0.9687800583597767,0.0701980003873507,0.0
c_14416,prophet_z,1,105,0.39802036492421056,1.5499696524047182,0.04915986912888458,0.0
c_14416,remaining_corr_z,1,105,0.3707444266944518,1.5524114900671058,0.04648588397138774,0.0
c_14416,prophet_z,2,104,0.39887793522427384,1.6272173187272625,0.05376496493315773,0.0
c_14416,remaining_corr_z,2,104,0.3745831021499883,1.6237082560320566,0.054431112704207016,0.0
c_14416,prophet_z,5,101,0.3993614853691995,1.7559928188208282,0.09119651896166622,0.0
c_14416,remaining_corr_z,5,101,0.3690279188081683,1.7620525878999111,0.092892031850178,0.0
c_14417,prophet_z,1,105,0.4858663388911827,0.45346297988860085,0.0675595807475187,0.0
c_14417,remaining_corr_z,1,105,0.4944427237957307,0.4519691714875763,0.06872612334819432,0.0
c_14417,prophet_z,2,104,0.4517902412447779,0.4731252093317557,0.06639957925687875,0.0
c_14417,remaining_corr_z,2,104,0.4632085136516742,0.47190460279889024,0.06769211721688002,0.0
c_14417,prophet_z,5,101,0.42917047436312683,0.4847558948427415,0.06538785844559085,0.0
c_14417,remaining_corr_z,5,101,0.4366503912912006,0.4880360167366833,0.06713015481971728,0.0
c_14435,prophet_z,1,105,0.4647522488227216,0.1072514083305145,0.0794996395807832,0.0
c_14435,remaining_corr_z,1,105,0.49740818289638933,0.10826149341803072,0.08727258468577381,0.0
c_14435,prophet_z,2,104,0.46854318581066734,0.1081840606888566,0.07578691683745561,0.0
c_14435,remaining_corr_z,2,104,0.5123063519933277,0.107927149304543,0.08126848560885577,0.0
c_14435,prophet_z,5,101,0.4989021080644231,0.10225913978112029,0.0771382818645392,0.0
c_14435,remaining_corr_z,5,101,0.5402762011635964,0.10167024219859834,0.07630094785957811,0.0
c_14471,prophet_z,1,103,0.3742805219205911,0.22752129166257828,0.09574652903828393,0.0
c_14471,remaining_corr_z,1,103,0.37528352648454205,0.2195133195397246,0.11447525025800409,0.0
c_14471,prophet_z,2,102,0.35555643223120537,0.2288138891715974,0.09564897614700502,0.0
c_14471,remaining_corr_z,2,102,0.36378976368418586,0.22133479145435053,0.11442267224131156,0.0
c_14471,prophet_z,5,99,0.3322501740440549,0.23624499674377475,0.09233657491747425,0.0
c_14471,remaining_corr_z,5,99,0.387708899728211,0.2247568144243732,0.10693740877753129,0.0
c_14820,prophet_z,1,105,0.4544489691677571,0.459110538242659,0.08060489022469347,0.0
c_14820,remaining_corr_z,1,105,0.38432462957989993,0.4549147224053998,0.07798355773796903,0.0
c_14820,prophet_z,2,104,0.4630615636426739,0.5037786118041183,0.07003214449673195,0.0
c_14820,remaining_corr_z,2,104,0.40940852265019717,0.49923323934291286,0.06134730605565673,0.0
c_14820,prophet_z,5,101,0.44212512801053244,0.5308977202730857,0.06839791367246471,0.0
c_14820,remaining_corr_z,5,101,0.3885590054456261,0.5229939518710786,0.06163800432558865,0.0
c_14855,prophet_z,1,105,0.632248209908499,0.32417751657482197,0.11016542728951773,0.0
c_14855,remaining_corr_z,1,105,0.5966749285325306,0.3159129392906794,0.14586220804859423,1.0
c_14855,prophet_z,2,104,0.6197189711375524,0.32862056364520714,0.0929113033354969,0.0
c_14855,remaining_corr_z,2,104,0.5881669585387774,0.31807678182529353,0.11878715078928151,1.0
c_14855,prophet_z,5,101,0.6101874323365086,0.3248568725790364,0.09928608875751918,0.0
c_14855,remaining_corr_z,5,101,0.5803476197536122,0.31705596331050206,0.09574938508594426,0.0
c_14886,prophet_z,1,105,0.7304249021902554,0.2694783319359882,0.08644039547337579,0.0
c_14886,remaining_corr_z,1,105,0.712788461831015,0.27411135412324084,0.07467455095523265,0.0
c_14886,prophet_z,2,104,0.7246904011244649,0.27313428509912907,0.0886643836100301,0.0
c_14886,remaining_corr_z,2,104,0.7055390385687861,0.2763618835099143,0.07702147360509268,0.0
c_14886,prophet_z,5,101,0.7177583009959896,0.2883606152281261,0.09177489208713077,0.0
c_14886,remaining_corr_z,5,101,0.6966799045240004,0.28523090842867005,0.09252630458534783,0.0
c_1494,prophet_z,1,105,0.14632124595350657,0.5667014511435582,0.08892105602390274,0.0
c_1494,remaining_corr_z,1,105,0.133190881332234,0.5543944637002665,0.0955922188088815,0.0
c_1494,prophet_z,2,104,0.14111720423960428,0.5790181298148913,0.07903212010996698,0.0
c_1494,remaining_corr_z,2,104,0.12963752841639226,0.566518674594388,0.08617593205141745,0.0
c_1494,prophet_z,5,101,0.13831919754040617,0.5898969350449997,0.08255986887339592,0.0
c_1494,remaining_corr_z,5,101,0.1203373513284184,0.5877260228870975,0.09005618458222922,0.0
c_14964,prophet_z,1,105,0.21320273756224736,0.6329040226337148,0.11491485596459805,0.0
c_14964,remaining_corr_z,1,105,0.34505343884779915,0.6812872328342896,0.10852119293398785,0.0
c_14964,prophet_z,2,104,0.18242376671773847,0.5881740378167956,0.128030404824544,1.0
c_14964,remaining_corr_z,2,104,0.3114944506693005,0.6151337529377174,0.12163235220461108,1.0
c_14964,prophet_z,5,101,0.1744548651256284,0.5501088651705409,0.13487650893685071,1.0
c_14964,remaining_corr_z,5,101,0.2938587246877112,0.5849289430613999,0.13313392061433213,1.0
c_15030,prophet_z,1,105,0.3291529599159167,0.5295167025747926,0.0841413071809908,0.0
c_15030,remaining_corr_z,1,105,0.4441633055116213,0.5646480332264214,0.0709827913087654,0.0
c_15030,prophet_z,2,104,0.32552497761557186,0.5400389005840229,0.07087408281613504,0.0
c_15030,remaining_corr_z,2,104,0.4537900483057552,0.5632671394766433,0.0625030969074735,0.0
c_15030,prophet_z,5,101,0.29121518828917,0.555013350644787,0.07217957002935434,0.0
c_15030,remaining_corr_z,5,101,0.42731328223201004,0.5665991680566198,0.060454220978449116,0.0
c_15035,prophet_z,1,104,0.012933969217131445,11.520783223185559,0.011972569519938083,0.0
c_15035,remaining_corr_z,1,104,0.025547062378315652,4.133850860869689,0.01938806773344152,0.0
c_15035,prophet_z,2,103,-0.008865784012448093,53.97337461970796,0.033755724144155744,0.0
c_15035,remaining_corr_z,2,103,0.03166743714047006,6.437139421374036,0.07572350765899692,1.0
c_15035,prophet_z,5,100,-0.01509548030933713,18189.150483015015,0.023443792076013204,0.0
c_15035,remaining_corr_z,5,100,0.03391559561014513,10.803251862953125,0.093009939287517,1.0
c_15072,prophet_z,1,105,0.2202767657379894,0.9738924015500393,0.07077775114078808,0.0
c_15072,remaining_corr_z,1,105,0.23445914774318594,0.9955805945547026,0.06969982474104035,0.0
c_15072,prophet_z,2,104,0.1894540835235961,1.0287111800946234,0.06662601375250095,0.0
c_15072,remaining_corr_z,2,104,0.196389180170513,1.0574379799632871,0.06237041905262738,0.0
c_15072,prophet_z,5,101,0.14734481611613431,1.1853945947762967,0.08554373034808982,0.0
c_15072,remaining_corr_z,5,101,0.15073764059524059,1.2203928960839079,0.09002324535634641,0.0
c_15179,prophet_z,1,105,0.7505046697680093,0.40843249427976,0.08825033435594551,1.0
c_15179,remaining_corr_z,1,105,0.6845505949493182,0.3924657687011558,0.08505911281253267,1.0
c_15179,prophet_z,2,104,0.7496084525030988,0.40941740541979965,0.10661072175393915,1.0
c_15179,remaining_corr_z,2,104,0.688411760399953,0.39029701331568967,0.08888599526227488,0.0
c_15179,prophet_z,5,101,0.7462702992947482,0.4075497122288256,0.09609231423454631,1.0
c_15179,remaining_corr_z,5,101,0.6685191989060233,0.39185338438675227,0.09448397105017455,0.0
c_15235,prophet_z,1,105,0.47421299169982073,0.25059514460433974,0.09150317593986952,0.0
c_15235,remaining_corr_z,1,105,0.39076555565889953,0.24612064423201402,0.08459076769060121,0.0
c_15235,prophet_z,2,104,0.4725987873662305,0.24907604288357527,0.08083598779348027,0.0
c_15235,remaining_corr_z,2,104,0.3858384072515892,0.24706121388893504,0.0771017515914623,0.0
c_15235,prophet_z,5,101,0.46333186092236034,0.24400498133001755,0.06867641012973572,0.0
c_15235,remaining_corr_z,5,101,0.3840132100547312,0.24257541172245278,0.06591912295540311,0.0
c_15282,prophet_z,1,105,0.1682431771708428,1.358960952569687,0.08715532019686933,1.0
c_15282,remaining_corr_z,1,105,0.24016084376057986,1.4194947312059099,0.08469485018377465,0.0
c_15282,prophet_z,2,104,0.11720628809892342,1.3707509240943987,0.09843570300023488,1.0
c_15282,remaining_corr_z,2,104,0.19091131494918148,1.4357843309387694,0.0938060777103111,1.0
c_15282,prophet_z,5,101,0.0045227339845041944,1.4756922054196777,0.09985144225324338,1.0
c_15282,remaining_corr_z,5,101,0.06971298562726481,1.5371431079989737,0.09009180155671498,0.0
c_15420,prophet_z,1,104,0.34771410208830067,1.6434753226229604,0.09000951509765093,0.0
c_15420,remaining_corr_z,1,104,0.33442369595070365,1.6650005086597714,0.08607503743491433,0.0
c_15420,prophet_z,2,103,0.37288868186474505,1.6377679540597023,0.0876362932838532,0.0
c_15420,remaining_corr_z,2,103,0.36258082222256227,1.659512661476256,0.07905652218512496,0.0
c_15420,prophet_z,5,100,0.3858154812787593,1.6245817219888588,0.07736281948001594,0.0
c_15420,remaining_corr_z,5,100,0.35688398586933934,1.6529111990614809,0.07770552511748462,0.0
c_15446,prophet_z,1,105,-0.16494301509955273,0.28520440778412826,0.057322825975787015,0.0
c_15446,remaining_corr_z,1,105,-0.4179047466575745,0.25669482504848506,0.04093507964870531,0.0
c_15446,prophet_z,2,104,-0.022088601825148046,0.2944158328048598,0.06320556450354661,0.0
c_15446,remaining_corr_z,2,104,-0.02519487573819458,0.2674402541814612,0.04346303293651262,0.0
c_15446,prophet_z,5,101,0.07246181421781854,0.32730047566926507,0.06461858537098415,0.0
c_15446,remaining_corr_z,5,101,0.08666031767819203,0.3021448427780067,0.04927707671830084,0.0
c_15486,prophet_z,1,105,0.49857512937344123,1.776898933836661,0.07690405572614342,0.0
c_15486,remaining_corr_z,1,105,0.5228033840799673,1.792128826827371,0.08270700736637596,0.0
c_15486,prophet_z,2,104,0.5004298308286685,1.759198368083229,0.07627370681733972,0.0
c_15486,remaining_corr_z,2,104,0.5307788987066493,1.7553984487597551,0.07677385906028683,0.0
c_15486,prophet_z,5,101,0.4762514602359164,1.7842526476925529,0.08479162989695108,0.0
c_15486,remaining_corr_z,5,101,0.5097342036998658,1.7841503362961317,0.08616517280703907,0.0
c_15527,prophet_z,1,101,0.20839387468068588,0.9524048224458682,0.0948673473540893,0.0
c_15527,remaining_corr_z,1,101,0.14849007994826469,0.9332893512228511,0.09486730722094404,0.0
c_15527,prophet_z,2,100,0.18389310991709876,0.9658928524338063,0.09170175972392874,0.0
c_15527,remaining_corr_z,2,100,0.12937892120573483,0.9458797552001359,0.09925622794746519,0.0
c_15527,prophet_z,5,97,0.08055643031627346,0.9814710384243811,0.0908210706840403,0.0
c_15527,remaining_corr_z,5,97,0.019083003679166512,0.9416249477612856,0.10389509651579013,0.0
c_15555,prophet_z,1,104,0.4705918094294097,2.1566327785753256,0.13024100211412568,1.0
c_15555,remaining_corr_z,1,104,0.4830998941291656,2.184386822516225,0.13571773501013018,1.0
c_15555,prophet_z,2,103,0.5086931498498438,2.286748739771387,0.10933006702834354,1.0
c_15555,remaining_corr_z,2,103,0.5282081721838807,2.2540493182819463,0.11561661913186574,1.0
c_15555,prophet_z,5,100,0.5212072756808978,2.2965573968858903,0.12027606844652765,1.0
c_15555,remaining_corr_z,5,100,0.552713841123306,2.2558483382051753,0.11816948086817018,0.0
c_15570,prophet_z,1,105,0.15593723751319238,0.26273311076361877,0.06383746544424286,0.0
c_15570,remaining_corr_z,1,105,0.17008124479905984,0.2650072549641132,0.058552331764932894,0.0
c_15570,prophet_z,2,104,0.14708607398319903,0.2634088188170915,0.06527807539582317,0.0
c_15570,remaining_corr_z,2,104,0.16205919924854995,0.2648306203538479,0.06014893975096417,0.0
c_15570,prophet_z,5,101,0.06287118102415708,0.2795480611710199,0.05572488597647861,0.0
c_15570,remaining_corr_z,5,101,0.08457632647733834,0.27857035742706115,0.050216190776928696,0.0
c_15604,prophet_z,1,105,-0.015479470628938535,1.9360778043141555,0.11502813335007205,1.0
c_15604,remaining_corr_z,1,105,-0.029828069495500348,2.071342257476339,0.1163320801083938,1.0
c_15604,prophet_z,2,104,-0.018635373572185657,2.0108824896100375,0.12139651079076172,1.0
c_15604,remaining_corr_z,2,104,-0.027888177028678476,2.1327945047303762,0.12273543091471158,1.0
c_15604,prophet_z,5,101,-0.011913196414677236,2.0186562244252486,0.08126460477787095,0.0
c_15604,remaining_corr_z,5,101,-0.011479998119756689,2.1355246249524495,0.08148245993385486,0.0
c_15616,prophet_z,1,105,0.8267805501456684,0.17914895323162344,0.10684364496955592,0.0
c_15616,remaining_corr_z,1,105,0.8444373174422033,0.17984069554827437,0.11248009970948303,0.0
c_15616,prophet_z,2,104,0.819016797772524,0.17920347143165247,0.07055953042330537,0.0
c_15616,remaining_corr_z,2,104,0.8445545961692971,0.18133239340722154,0.08075184969804997,0.0
c_15616,prophet_z,5,101,0.7904758987398812,0.1838746076957084,0.08127824893688729,0.0
c_15616,remaining_corr_z,5,101,0.8280655918703262,0.1871428856430463,0.08572863334695366,0.0
c_15630,prophet_z,1,105,0.7023700785360945,0.4335395634212455,0.07977993942519418,0.0
c_15630,remaining_corr_z,1,105,0.7669983658525599,0.45948228583798345,0.08339116864443971,0.0
c_15630,prophet_z,2,104,0.7009276713755667,0.4151223630548525,0.07490331151458159,0.0
c_15630,remaining_corr_z,2,104,0.7710029766003546,0.4369468372096406,0.07430093080568613,0.0
c_15630,prophet_z,5,101,0.6732761909990812,0.4120267648359873,0.05016679866214674,0.0
c_15630,remaining_corr_z,5,101,0.7610360295030882,0.4370401766226372,0.04666383923343816,0.0
c_15640,prophet_z,1,105,0.7816739343722918,0.40963906163549063,0.09880625700308367,1.0
c_15640,remaining_corr_z,1,105,0.7815973157261449,0.4123754600025857,0.08254833662914776,0.0
c_15640,prophet_z,2,104,0.7746696964995184,0.41524501049266244,0.09389562823903132,1.0
c_15640,remaining_corr_z,2,104,0.7730045496345656,0.4192529055714181,0.08402474452086997,0.0
c_15640,prophet_z,5,101,0.7564136328416085,0.40426415234172286,0.1101506723655717,1.0
c_15640,remaining_corr_z,5,101,0.7461352733539768,0.40431165407733577,0.10471126655460794,1.0
c_15642,prophet_z,1,105,-0.06290020028501225,0.7167520442704962,0.0680403481637112,0.0
c_15642,remaining_corr_z,1,105,-0.05840545501060536,0.7098625599616355,0.06372807124875086,0.0
c_15642,prophet_z,2,104,-0.034222531809997334,0.724814584337478,0.06510848877707501,0.0
c_15642,remaining_corr_z,2,104,-0.023743966197297177,0.7096426291299629,0.056615448170382845,0.0
c_15642,prophet_z,5,101,-0.22037753046826278,0.7901840191053289,0.06354884442891509,0.0
c_15642,remaining_corr_z,5,101,-0.20500349835628684,0.7669450070946425,0.06474644300414026,0.0
c_15647,prophet_z,1,105,0.4010927779028797,0.5564059051016292,0.0836972396109286,0.0
c_15647,remaining_corr_z,1,105,0.40398787233545536,0.5909021836091025,0.08714809314676523,0.0
c_15647,prophet_z,2,104,0.38936724008521656,0.566852533568454,0.08007713115235252,0.0
c_15647,remaining_corr_z,2,104,0.3901433142710505,0.6039859500609052,0.08732229068582792,0.0
c_15647,prophet_z,5,101,0.39422679936321625,0.5722379719440677,0.076822241584198,0.0
c_15647,remaining_corr_z,5,101,0.3692149931195183,0.616503167102178,0.07952439673135253,0.0
c_15794,prophet_z,1,105,0.9861885013046376,0.005807723424108048,0.49222892725847106,1.0
c_15794,remaining_corr_z,1,105,0.6974034234993498,0.040100038343070514,0.15039272225470088,1.0
c_15794,prophet_z,2,104,0.9996576366106539,0.0009962067207500299,0.495328617394196,1.0
c_15794,remaining_corr_z,2,104,0.7242230140905239,0.03806860415515116,0.11803629670523252,1.0
c_15794,prophet_z,5,101,0.9999999977524519,2.4709538136074575e-06,0.4798852157757899,1.0
c_15794,remaining_corr_z,5,101,0.6148698273326442,0.04366820806925082,0.1739963976661097,1.0
c_15856,prophet_z,1,104,0.15367960068615744,1.0842264210592338,0.09097788789518772,0.0
c_15856,remaining_corr_z,1,104,0.17616439699096803,1.1006425467484922,0.08909361355348204,0.0
c_15856,prophet_z,2,103,0.14033680187745254,1.0998919433059835,0.09209578605968458,0.0
c_15856,remaining_corr_z,2,103,0.16274280326156412,1.1154652666823228,0.09495786592089149,0.0
c_15856,prophet_z,5,100,0.14651379742279225,1.1155135155653904,0.08443844808202582,0.0
c_15856,remaining_corr_z,5,100,0.15699072685659618,1.1477895861195864,0.08432730708933894,0.0
c_16008,prophet_z,1,105,0.8518094814652661,0.6263134963091312,0.10321764083067797,0.0
c_16008,remaining_corr_z,1,105,0.7672232274372682,0.5838952955116449,0.1127217696621811,0.0
c_16008,prophet_z,2,104,0.8437955627023721,0.6257004552335471,0.09876826710124699,0.0
c_16008,remaining_corr_z,2,104,0.7580177605264264,0.5910415598494713,0.10721372132886635,0.0
c_16008,prophet_z,5,101,0.844528795887761,0.5339050809222265,0.06289844819892268,0.0
c_16008,remaining_corr_z,5,101,0.7728984991381194,0.5150172976823193,0.06510519238677233,0.0
c_16048,prophet_z,1,105,0.3449138412077048,0.7777726923273055,0.04596036648862388,0.0
c_16048,remaining_corr_z,1,105,0.3309171429976736,0.7687072919179984,0.029337996203696592,0.0
c_16048,prophet_z,2,104,0.31729963541868395,0.7792353046720812,0.03655690879915423,0.0
c_16048,remaining_corr_z,2,104,0.3060319281520003,0.7599909729781168,0.025430192253595447,0.0
c_16048,prophet_z,5,101,0.25827843168532977,0.8212834602745406,0.05001233472580746,0.0
c_16048,remaining_corr_z,5,101,0.24153484163962627,0.8011872638346658,0.04788525590153917,0.0
