ridge_pearson_r,ridge_r_squared,prophet_var,remaining_var,var_ratio_remaining_to_prophet,theoretical_min_var_ratio_if_orthogonal_error,container_id
0.030978281316501464,0.0009596539133243036,1.007864558586528,1.0142202081013985,1.0063060551745007,0.9990403460866757,c_10032
0.15919320644766188,0.025342476979087897,1.0607336416114552,1.0340342291965587,0.9748292960951677,0.9746575230209121,c_10034
0.3597087145525397,0.1293903593250405,0.37308205623572477,0.3279226584091807,0.8789558568369985,0.8706096406749595,c_10089
0.09929265011979685,0.009859030367812393,2.992094040283161,2.970752517971784,0.9928673624478203,0.9901409696321876,c_10132
0.19184726712192157,0.03680537390214993,0.09370664802789774,0.09029613242116197,0.9636043367411838,0.9631946260978501,c_1016
-0.2203162276788704,0.048539240178647865,1.062603686580271,1.1660239753161747,1.0973272444298932,0.9514607598213521,c_10306
0.16981346225209384,0.0288366119620433,0.016092436392258474,0.015795931187439924,0.9815748717228928,0.9711633880379567,c_10312
0.1476901867524465,0.021812391262972523,0.6069469565477926,0.5947194997813339,0.97985415919044,0.9781876087370275,c_10382
0.23328428516110927,0.05442155770312975,0.6617550775955698,0.6293899363456315,0.9510919638614118,0.9455784422968703,c_10393
-0.0943867218456252,0.00890885326076342,0.0956026910202871,0.10311749447973434,1.0786045181286015,0.9910911467392366,c_10641
0.046204286420575856,0.0021348360836346103,1.8546595248018505,1.885150388791333,1.0164401409432495,0.9978651639163654,c_10695
-0.15566866587949146,0.02423273353670075,1.697397623466859,1.8538620430530643,1.0921790023875688,0.9757672664632993,c_10733
0.17759661973276708,0.03154055934050507,1.118787331146585,1.0850641126101734,0.9698573467918604,0.968459440659495,c_10878
-0.09393467827737446,0.008823723783073846,2.2776187473780785,2.40471717693682,1.0558032066187781,0.9911762762169262,c_10898
0.09391395882284176,0.008819831661778417,0.6232702084696913,0.6234495515665258,1.0002877453380532,0.9911801683382215,c_11013
0.02749614505754129,0.0007560379930253524,1.4241272465314505,1.4590133455446936,1.0244964760685609,0.9992439620069746,c_11087
0.5035753905195309,0.2535881739368981,0.4710693663902085,0.39630076312327706,0.8412789949813948,0.7464118260631019,c_11203
0.10170977477589832,0.010344878284963962,4.373170002987324,4.3532095699306455,0.9954357061255237,0.989655121715036,c_11307
0.1976764487322379,0.03907597838338908,0.619205817543902,0.5951864493034216,0.9612093950671298,0.960924021616611,c_11327
0.2969895834342825,0.08820281266846865,0.22685969869287428,0.20763084067553725,0.9152389863509017,0.9117971873315314,c_11461
0.19432584035447842,0.03776253222947423,0.6550301708482319,0.6303267231307412,0.9622865498157117,0.9622374677705258,c_11735
0.011779992049815493,0.00013876821269371623,0.9985579117987592,1.0263164588847566,1.0277986351697863,0.9998612317873062,c_11752
0.004311825544709096,1.859183952800589e-05,1.5366641203718456,1.5639993744517648,1.0177886980749602,0.999981408160472,c_1181
0.555189642746807,0.3082355394133272,0.2838641395435958,0.20742890144078222,0.7307330252221779,0.6917644605866728,c_1186
0.37994222510372433,0.14435609441676914,0.5993550850162888,0.5320312498139994,0.8876728722499123,0.8556439055832309,c_11996
0.056727628346680256,0.003218023817839081,4.621582266833699,4.641446304967776,1.0042981033306773,0.9967819761821609,c_12060
0.564836145523824,0.3190398712902105,0.2764487890373855,0.21365729948642817,0.7728639370438127,0.6809601287097895,c_12158
0.23195417610611144,0.05380273981306496,0.4493763089868152,0.4277992469367943,0.9519844245935671,0.9461972601869351,c_12164
0.21777420929054997,0.04742560623212426,1.6609843085031244,1.5862409584752402,0.9550005682502547,0.9525743937678758,c_12174
-0.27649988405274495,0.0764521858811814,0.11689176269769677,0.13005915248941222,1.1126460024883764,0.9235478141188186,c_12189
-0.06716608284382289,0.004511282684583279,1.3180584419471204,1.3874054359021941,1.0526129887326012,0.9954887173154168,c_12193
-0.2568737712835355,0.06598413437342611,6.245765814681177,7.159415209452872,1.1462830054601292,0.9340158656265739,c_12231
-0.6838928577614714,0.4677094408971521,6.599079368728869,10.347421861114704,1.5680099121323114,0.532290559102848,c_12237
0.06645376911977725,0.004416103430224661,0.13368822957542653,0.13608649630110137,1.0179392511464276,0.9955838965697753,c_12441
0.4851386046754441,0.23535946574643685,0.38741822300944095,0.3052795840266237,0.7879845755711505,0.7646405342535632,c_12517
0.15432145657637603,0.02381511195985431,0.5941048855713558,0.5813004136959207,0.9784474556826428,0.9761848880401457,c_12624
-0.03089556068688493,0.0009545356701569896,1.3256256383415725,1.3793519724088648,1.0405290396574607,0.999045464329843,c_12767
0.09869151385559088,0.009740014907108288,0.4556859636628675,0.4516280967408339,0.9910950363943275,0.9902599850928917,c_12858
-0.027135389703473033,0.0007363293743593502,2.7786138235898807,2.871000597801161,1.0332492314789967,0.9992636706256407,c_1286
0.21985256001639164,0.048335148145761085,1.3711465432786136,1.3158312978543794,0.9596576706586246,0.9516648518542389,c_12971
-0.016558264054177596,0.0002741761084878699,1.3921868981462657,1.4279651444106767,1.0256993125794034,0.9997258238915121,c_12974
0.31705904008795843,0.10052643490149764,0.9242500144950677,0.8416551832985862,0.9106358345673337,0.8994735650985024,c_12993
0.247953585839649,0.06148098073074018,0.5087999299119624,0.4779729696922786,0.9394124126058393,0.9385190192692598,c_12999
-0.12988060779169325,0.01686897228033965,0.7321522719387841,0.8135787487737689,1.1112152211443154,0.9831310277196603,c_13020
0.10547700530802555,0.01112539864874925,2.074437077226084,2.0538459150790027,0.9900738555181363,0.9888746013512507,c_13044
0.1522697793628826,0.02318608570722095,1.4970762273197407,1.4626620269243664,0.9770123927109664,0.9768139142927791,c_13083
-0.17709860133710742,0.031363914595559705,0.4314659550910948,0.5017508164423575,1.1628978150464353,0.9686360854044402,c_13166
0.17994011378095726,0.03237844454750384,0.4187846528885078,0.4137535334068645,0.9879863804775513,0.9676215554524962,c_13170
0.20020671265571693,0.040082727792408804,4.573622710706351,4.399773420898579,0.9619887120551484,0.9599172722075912,c_13229
-0.04731422080733161,0.0022386354906049314,3.1379542048901268,3.222813950668894,1.0270430160027586,0.9977613645093951,c_13269
-0.08378172793465061,0.007019377935715814,0.001638586672114633,0.012001171525390668,7.32409931657926,0.9929806220642842,c_13308
-0.07068920583222521,0.004996963821190702,1.156509892249049,1.339325186341051,1.158074993838992,0.9950030361788093,c_13389
0.04010842332276166,0.0016086856214378516,0.31621400895575663,0.3298016696299052,1.0429698251479103,0.9983913143785621,c_13403
0.2901606535496757,0.08419320486837492,0.5010307756933963,0.4655430468768339,0.9291705608952873,0.9158067951316251,c_13441
0.20681613759190762,0.042772914768434867,3.802379644123945,3.6421110419293172,0.9578504470372123,0.9572270852315652,c_13607
-0.1995777210445163,0.03983126673732276,0.19824708891495946,0.28286887765378826,1.4268500950101133,0.9601687332626773,c_13615
0.10605694737098852,0.011248076085652628,10.524242099734405,10.409108870000553,0.9890601880265794,0.9887519239143474,c_13658
0.08438723073114865,0.007121204710472119,0.47910143811215905,0.4840593818369784,1.0103484217128538,0.9928787952895278,c_13690
0.11081282048489871,0.012279481183818388,0.5331654506040473,0.5273147147730235,0.9890264160507864,0.9877205188161816,c_1379
0.03026835279720286,0.0009161731810559383,0.026596574756927425,0.027278987356443046,1.0256579129362466,0.999083826818944,c_1387
0.2679571284696969,0.07180102269772563,11.594542889091093,10.86902063530753,0.9374255405561368,0.9281989773022744,c_13873
0.014177678714455126,0.00020100657373031396,1.494574279894208,1.5194120790365937,1.0166186448385448,0.9997989934262697,c_14106
0.25912077648372556,0.06714357680552886,0.6754444924416817,0.6329931831357248,0.9371505582161185,0.9328564231944712,c_14135
0.550374681058371,0.3029122895501036,1.2303939809714963,0.9579898534822568,0.7786041449307528,0.6970877104498965,c_14296
0.062099895081403046,0.003856396969121266,3.0355146282643823,3.0464358857836666,1.0035978273395865,0.9961436030308788,c_14363
-0.03320081311542002,0.0011022939915250462,0.09199081596420987,0.11235815229550547,1.221406192757544,0.9988977060084749,c_14388
-0.18893728078101305,0.03569729606892336,0.8783583439717805,1.050286289895185,1.1957378182872116,0.9643027039310766,c_14396
-0.03303092726082456,0.0010910421557098829,1.8799863456160297,1.9460656082488181,1.0351487992382922,0.9989089578442901,c_14413
0.19560882370492463,0.038262811911224284,5.523382982802862,5.3531910857684,0.969187018614433,0.9617371880887757,c_14416
-0.03402667466396745,0.0011578145886874845,0.8706689191610192,0.8818603581772233,1.0128538400417328,0.9988421854113125,c_14417
0.03942986095110218,0.0015547139346232526,0.029472623185717337,0.030446917975552486,1.033057620412536,0.9984452860653767,c_14435
0.3634736491043464,0.1321130935932295,0.14294899429630373,0.12532424785635457,0.8767060480088674,0.8678869064067705,c_14471
0.5263311474288759,0.2770244767537971,0.7632141983027726,0.6338087622318279,0.8304467653265426,0.722975523246203,c_14820
0.29921047529711653,0.08952690852752639,0.2415474722627726,0.22003643200507125,0.9109448753233067,0.9104730914724736,c_14855
0.3786331553845732,0.14336306635647836,0.26875165020733954,0.23557774935122489,0.8765629873136731,0.8566369336435217,c_14886
0.08224921930485139,0.006764934076257539,0.5610635397464434,0.5661302319838696,1.0090305141548066,0.9932350659237424,c_1494
-0.18249277145591516,0.033303611633660885,1.8740601352499717,2.0609610312767823,1.0997304688954823,0.9666963883663391,c_14964
-0.09491516044440906,0.009008887682187916,1.1913978676564763,1.4680152525726329,1.2321788484146554,0.9909911123178121,c_15030
0.1161899531456491,0.013500105211988134,8.448304188831111,8.34180094304384,0.9873935356248096,0.9864998947880119,c_15035
-0.1723994705112386,0.029721577432555428,1.961689961397543,2.0950708710943307,1.0679928593822057,0.9702784225674446,c_15072
0.5036562613159199,0.2536696295627302,0.6208002912591799,0.4787643102819009,0.7712050348926465,0.7463303704372698,c_15179
0.38349177914065424,0.14706594466846434,0.1511154796671921,0.1346285090524626,0.8908982014877666,0.8529340553315357,c_15235
-0.0527699312144716,0.002784665640380064,3.8749796421314553,4.034966415988359,1.0412871262902692,0.99721533435962,c_15282
0.1728470343261187,0.029876097275334454,4.68474940510164,4.545440100907567,0.9702632324276796,0.9701239027246655,c_15420
0.46659526118973665,0.21771113776471857,0.9874478347207873,0.9089612686003511,0.9205157342386302,0.7822888622352815,c_15446
-0.17269297099968883,0.02982286223269937,7.447996275066653,7.858262080422737,1.0550840508244497,0.9701771377673006,c_15486
0.27356997770802105,0.07484053270316714,1.3795818503059303,1.2766052831067456,0.925356681681229,0.9251594672968328,c_15527
-0.07998236660371683,0.006397178967531357,10.800324133400505,11.229595216248358,1.039746129611084,0.9936028210324687,c_15555
0.0518083812874349,0.002684108371624235,0.10415894280205211,0.10467543552828831,1.0049586978548521,0.9973158916283758,c_15570
0.03176605385010255,0.0010090821772076152,16.886468086149154,17.052497565852942,1.0098321021812708,0.9989909178227924,c_15604
-0.044252669299333955,0.001958298740116214,0.2134652550625469,0.2326101941502463,1.089686441393424,0.9980417012598838,c_15616
-0.25660658552909693,0.06584693973690174,0.812338365516983,1.0121316382801644,1.2459483403027878,0.9341530602630983,c_15630
0.1799901645141807,0.03239645932184183,1.5379430708752904,1.4882027013855563,0.9676578604034899,0.9676035406781581,c_15640
0.0220809064624318,0.0004875664302026624,1.439900245681772,1.4569929689874581,1.0118707690737236,0.9995124335697974,c_15642
0.13106207817850374,0.017177268336468227,0.6059428977724076,0.6150555690082219,1.0150388283604193,0.9828227316635317,c_15647
0.04011626354023867,0.0016093146004298826,0.0024648363746428755,0.010635630373092949,4.314943775784679,0.9983906853995701,c_15794
-0.07035463361895408,0.004949774471657264,1.9457649934345198,2.0219510780914534,1.0391548233800092,0.9950502255283428,c_15856
0.6299990754484489,0.3968988350659004,3.1885582939518033,2.1742982701905955,0.6819063883244347,0.6031011649340996,c_16008
0.24159872777359984,0.058369945261822,1.215459613892514,1.1478819264198572,0.9444015360936272,0.941630054738178,c_16048
