container_id,left_variant,right_variant,delta_day1_mae,delta_day1_rmse,delta_day1_mape,delta_peak_mae,delta_peak_rmse,delta_residual_mae_scaled,delta_residual_rmse_scaled,delta_residual_pearson_r,delta_residual_r2,delta_residual_std_ratio,delta_energy_recovery_ratio
c_10032,v0_baseline,v1_prophet,0.0021993129690376922,0.0010318083743966477,0.07801152786436738,-0.0023853137809055625,-0.004341788801884405,0.0003258241435611445,0.00015286049991061756,-0.0025234702786278568,-0.004895983688227412,0.01626331636367627,0.001080556624647679
c_10034,v0_baseline,v1_prophet,-0.07922033660878247,-0.1192167795199417,-1.338322852501193,,,-0.00259738808553385,-0.003908746869506291,0.05401293835837262,0.058881498369795726,0.05281637697515096,0.008815400133735857
c_10089,v0_baseline,v1_prophet,-0.0018258467463661,-0.0035305699208982855,-0.015036488394626346,0.03350305420290911,0.01447225176272493,-0.00013041762474043372,-0.0002521835657784549,0.03966020790656984,0.007642897868683107,0.032801866985866464,0.002783923741520422
c_10132,v0_baseline,v1_prophet,4.9352065464858264e-05,-0.003242287365989416,0.008594836428851949,-0.012750970532457995,-0.012555675179366288,1.2338016366214566e-05,-0.0008105718414973262,0.09124932635243155,0.008628048542796307,0.004182140608247044,0.0003610002653164166
c_1016,v0_baseline,v1_prophet,-0.001483938001759555,0.0011972344617939834,-0.10384744094273479,0.0034158831476815976,0.0032422945305403683,-0.0001059955715542564,8.551674727099584e-05,-0.06011321588939039,-0.004661488137115755,0.005496520579641513,0.0010423589011019198
c_10306,v0_baseline,v1_prophet,-0.00047085867698609674,-0.00019248819354628077,0.531776722378936,-0.00023139127998461628,-0.0007713863069059856,-0.0001345310505674463,-5.4996626727518705e-05,0.0882230360202921,0.0009707337581257303,0.01395368338827339,0.0005697049167907908
c_10312,v0_baseline,v1_prophet,0.001465770873716854,0.0021479676927333435,-0.09200309154763531,0.017651429113139994,0.01682369912275239,4.187916782048308e-05,6.137050550666587e-05,0.10181515932952573,-0.011892163459460647,0.02029116985657556,0.008751550665814848
c_10382,v0_baseline,v1_prophet,-0.00823254990919231,-0.002477475540717533,-0.26568031856065133,0.007373610836414857,0.01308844412147292,-0.0010290687386490527,-0.00030968444258969163,0.029823235416329696,0.006345605955581313,0.02972852492158118,0.0023908700337178152
c_10393,v0_baseline,v1_prophet,0.0035284759379297093,0.0036524138093665393,0.02045242405789871,-0.0037701275238455345,-0.004004235920997967,0.00016802266371093721,0.0001739244671127016,-0.03868967025527824,-0.004914948762319127,0.022706176318405255,0.0019951024860316033
c_10641,v0_baseline,v1_prophet,0.006345765534817138,0.005104660976277708,0.12488887252711578,0.013209893882291657,0.008493541291535012,0.000302179311181764,0.0002430790941084643,-0.01694112183864356,-0.017817368277720513,0.0056182758043667735,0.0006164989894311469
c_10695,v0_baseline,v1_prophet,-1.543061406061863e-05,-0.0032359646342460247,0.05037760235444466,-0.005243475974566536,-0.009233060419856276,-3.0861228121070727e-06,-0.0006471929268492549,0.05081796075660858,0.008440549254620233,0.0056184570495888125,0.0006206669249291452
c_10733,v0_baseline,v1_prophet,-0.005738861281618712,-0.009231180847348863,-0.014328669740729438,-0.01320584410897041,-0.01479438307240466,-0.0003586788301011695,-0.000576948802959304,-0.009874595208968606,0.008478788542680915,0.0332811152816931,0.001866427252936606
c_10878,v0_baseline,v1_prophet,0.0008965899345980688,0.0006214443811486392,0.0765148772385622,-0.0025984009334933944,-0.0022394100200551215,0.00017931798691961376,0.00012428887622972784,-0.08089624072929516,-0.002218607119035876,0.01285246549150942,0.0008055031071374028
c_10898,v0_baseline,v1_prophet,0.0007968242222067268,-0.0005227642141656386,0.0570446118061092,-0.003148516552755609,-0.0019923494066371727,0.00017707204937922327,-0.0001161698253701049,0.04246360904175026,0.0014736831648414217,0.01760952719066068,0.0013309163210211538
c_11013,v0_baseline,v1_prophet,0.017217072823556556,0.029719596955528615,0.08094639923361235,0.08676123197801644,0.0816511241816098,0.0003826016183012676,0.0006604354879006513,-0.06666300007202104,-0.017795693797644452,0.01413210324210322,0.0015798559689044812
c_11087,v0_baseline,v1_prophet,0.12322647416305088,0.040792940455048665,6.09903177005063,-0.03927361021779063,-0.019975795698847776,0.0013250158512156107,0.0004386337683338626,-0.04052099130248305,-0.006823190314881433,0.02248290998773332,0.002040875090614829
c_11203,v0_baseline,v1_prophet,0.012349641183427185,0.015820888422379387,0.09336245296548729,0.052280476539497744,0.029982331279606367,0.0004410586136938399,0.0005650317293706825,-0.135743814917689,-0.014862590491801386,0.024957974156473647,0.00256664778408891
c_11307,v0_baseline,v1_prophet,-0.011298438533363875,-0.005756866326325216,-0.14196476949281944,0.024966719790014302,0.007676747747503043,-0.0006646140313743276,-0.0003386391956662349,0.015506154214370349,0.0025924272183462937,0.015378252386470467,0.000693896803611461
c_11327,v0_baseline,v1_prophet,0.0012283102402737,-0.0025706033057362188,0.07274350714014588,0.0014862288251820122,-0.012466665764491847,0.0001364789155859636,-0.00028562258952623265,0.01942961158692985,0.006529384518829451,0.04004519494360826,0.005705957525465808
c_11461,v0_baseline,v1_prophet,-0.010654034597325612,-0.015041253905155205,-0.09177627419409262,-0.014450622988599005,-0.016723324415174545,-0.00024970393587481904,-0.0003525293884020786,-0.0014969249365744397,0.014852054892756983,0.0187563932689582,0.003466968101283407
c_11735,v0_baseline,v1_prophet,0.012129582105835812,0.012113829396107612,0.10555351296280868,0.019875418838168457,0.015275945010481351,0.0003432900595991342,0.00034284422819172433,-0.09611027863010638,-0.006940152563096547,0.002369674778617173,6.560726380249121e-05
c_11752,v0_baseline,v1_prophet,0.0033131978576880217,0.002968372158784538,0.25623783612596895,0.004270426367799174,0.004128259819243807,0.0006626395715376154,0.0005936744317568826,-0.07234106533022656,-0.009758491656246204,0.02113244930851614,0.0029128104581578364
c_1181,v0_baseline,v1_prophet,-0.014458630632894653,0.01664900032101002,-0.1645552822234606,0.1011504811103805,0.08475208563014291,-0.00019806343332733067,0.00022806849754811176,-0.04561985530662586,-0.0037815090259387674,0.00853814434740639,0.0004485628751935674
c_1186,v0_baseline,v1_prophet,0.0025692010950469912,0.014340205765557501,0.2717732136203157,-0.019984562905867476,-0.009178253804997594,0.00011368146438262006,0.0006345223790069632,-0.24318550640665337,-0.025687989210054996,0.04661015706378756,0.006437896302022673
c_11996,v0_baseline,v1_prophet,-0.009374330070333059,-0.008178091041956437,0.031410469614325365,0.08973711655198713,0.07277024408800647,-0.0004463966700158639,-0.0003894329067598429,-0.11169748380075656,0.009756660776335968,0.04709183729069582,0.00642787169885676
c_12060,v0_baseline,v1_prophet,-0.0007031703686637691,-0.000358193939822421,-3.0407712798812554,-0.0015453765983693968,-0.0007981797953606762,-0.0007031703686637691,-0.000358193939822421,0.01084490649219505,0.003085283233308367,0.003895012915972225,0.00019286922558210543
c_12158,v0_baseline,v1_prophet,-0.007674799933380605,-0.013598444393585929,0.049062766698548366,0.0025310934106079763,0.019648155890814145,-0.00018605575596073592,-0.0003296592580263255,0.006351131920928121,0.012871261058124972,0.027353176068173862,0.003497394625349074
c_12164,v0_baseline,v1_prophet,-0.0009681191383269505,0.0010289602265747266,-0.02213276215609916,-0.007310610705065779,0.0022854881916243297,-7.447070294822056e-05,7.915078665959863e-05,0.012548601234318129,-0.002153006288477144,0.025535373540603083,0.0029848708158723976
c_12174,v0_baseline,v1_prophet,-0.0058684419391694664,-0.005814831362113693,-0.11243610735278686,0.006437447254345807,-0.0014460415534192084,-0.0011736883878338822,-0.0011629662724227108,0.032595446474737,0.019265167190130716,0.05629389532606644,0.007792433024588166
c_12189,v0_baseline,v1_prophet,-0.0006409512497895231,0.001804463243609833,-0.03522752727142553,0.008393810068232588,0.008394851071550469,-4.689887193582917e-05,0.00013203389587389258,-0.15358513826674391,-0.007381138667349241,-0.0008925408294600395,0.00027037422358154204
c_12193,v0_baseline,v1_prophet,0.001248852805701972,0.0006313475375117061,0.056168350931351085,0.002781025274695703,0.002015379768382508,0.00037465584171059163,0.00018940426125352294,0.02240092188474558,-0.0031343834004338156,0.022153354197592186,0.002088270222947648
c_12231,v0_baseline,v1_prophet,0.13659117599944626,0.14026415469749853,1.9167679614497644,0.11376597391433485,0.1180209470804563,0.006026081294093266,0.006188124471948497,0.08460913169261186,-0.03958675129785205,0.044591379388617236,0.007054586444153202
c_12237,v0_baseline,v1_prophet,0.29097845706443337,0.35748253556149123,0.852183902730232,0.10438726522377184,0.13594905286438408,0.00519604387615058,0.006383616706455264,-0.42553113783879243,-0.07978510200619082,0.03201743884969668,0.0008454743011762318
c_12441,v0_baseline,v1_prophet,0.020859426598573982,0.00947114685282191,0.18001288661378112,0.03824992457440324,0.012624497943748203,0.0003284949070641516,0.00014915191894207536,0.08808671765979181,-0.007426783316756724,0.00679358698278941,0.0004969595970708918
c_12517,v0_baseline,v1_prophet,0.013940852838671747,0.012949210911532782,0.07040864342241893,0.02432374204677057,0.02099823922121291,0.0007535596129011682,0.0006999573465693437,-0.2736406610209291,-0.029552019127359497,0.006673567223600747,0.0004841135271366063
c_12624,v0_baseline,v1_prophet,-0.0011151518790736281,0.0009075639778327038,-0.059850044401825286,0.0002724237934066398,0.0014480979331629174,-0.00023896111694435979,0.0001944779952498532,0.042505002379757115,-0.0047146150718253566,0.03793238016205222,0.007440482011208312
c_12767,v0_baseline,v1_prophet,-0.0022796664443656134,0.001002838158148056,-0.058692829129562085,0.00872466664683702,0.010793707754087611,-0.00045593328887312545,0.00020056763162959457,0.059205205142460596,-0.003202938803344102,0.03441667292897006,0.005352399234530651
c_12858,v0_baseline,v1_prophet,-0.0036243642654198993,0.0005578544349721937,-0.21190401604715703,0.010960421229052941,0.012299942859441249,-0.00048324856872265093,7.438059132962999e-05,-0.0421113143537719,-0.002674873923000476,0.00023864488592937466,0.00038941672181155135
c_1286,v0_baseline,v1_prophet,-0.0026139730399942773,-0.0023909827295029995,-0.09355189144006815,-0.011135527752974772,-0.013184203082968082,-0.0006534932599985693,-0.0005977456823757499,0.12564922204499454,0.008569385079133629,0.021446461582645793,0.001514777171533656
c_12971,v0_baseline,v1_prophet,-0.0018756780527456884,-0.0015712797119353805,-0.06485465523561018,0.003415958647151829,-0.0001684991160750826,-0.00019743979502587217,-0.00016539786441421844,0.1262513836610289,0.002361821469548442,0.005464855610763923,0.0001187976187175097
c_12974,v0_baseline,v1_prophet,-0.0025604542842453393,-0.002559321085382704,-0.06988771455533538,-0.008243560506444814,-0.008603739909774255,-0.0005120908568490706,-0.0005118642170765242,0.060483731964205194,0.007308758627710965,0.02804597311118911,0.003413814461438954
c_12993,v0_baseline,v1_prophet,0.002809025835290413,0.004402033883091683,-0.16240406914570826,0.020793089526705444,0.055029388535526635,4.256099750439557e-05,6.66974830771383e-05,-0.12588283831321898,-0.0018930598530768616,0.003395816625582141,0.00010407905087647136
c_12999,v0_baseline,v1_prophet,0.001093361593232478,0.0027288976922339447,0.010801035815709348,0.01627136244981875,0.020433862774833944,3.9048628329728385e-05,9.746063186549803e-05,-0.07529480123706983,-0.002883004572757031,0.015024387933838299,0.0010043022495599804
c_13020,v0_baseline,v1_prophet,0.00867497847953358,0.011954465541392345,0.03248599437343991,0.039156819014593225,0.029889140123645852,0.0006673060368871941,0.0009195742724147776,-0.05275547364261466,-0.02692237844826506,0.038211221530559614,0.007845345349476309
c_13044,v0_baseline,v1_prophet,0.002377000865029344,0.0016451324206862017,0.2648595021638229,-0.0016209991223625764,-0.001255519584342002,0.000594250216257336,0.0004112831051715504,-0.04969681721504904,-0.004855821328412779,0.017019886946679563,0.0013716711555642356
c_13083,v0_baseline,v1_prophet,-0.013855948716713029,-0.012456917650799815,-0.19717394264657706,0.01962587940007765,0.019528091216514554,-0.0015395498574125588,-0.0013841019611999794,0.012114643427354355,0.02445422192170721,0.04475964198226677,0.006225888373461699
c_13166,v0_baseline,v1_prophet,-0.0012230464928415508,-0.002150469825324741,0.01597100075221114,-0.010083848413794727,-0.0039531388077267415,-5.824030918292339e-05,-0.00010240332501544602,-0.018932415803693314,0.0032541057699346787,0.024111438990672415,0.0012795221120820803
c_13170,v0_baseline,v1_prophet,0.03264868850483316,0.027505517324911466,0.12061304993959787,0.05167729280656186,0.05000894305935333,0.001053183500155902,0.0008872747524164976,-0.019885009447254326,-0.044261509596139614,0.018504894981913128,0.0014328737376847508
c_13229,v0_baseline,v1_prophet,-0.004915587021410817,-0.0069068518353772035,-0.03525795064341075,-0.011183248982615801,-0.011196798371754468,-0.0005783043554601075,-0.0008125708041620272,-0.0573286583205635,0.006101195292126382,0.010439135727660094,0.00038123228734844616
c_13269,v0_baseline,v1_prophet,-9.946183334363923e-05,0.0007882721267155057,0.007382903765282833,-3.6206765798851848e-06,8.293214602850263e-05,-3.3153944447888994e-05,0.000262757375571826,-0.03477798399831078,-0.002939192849053418,0.00873968347209736,0.0003959543543503522
c_13308,v0_baseline,v1_prophet,-6.713541271826306e-05,-0.00011029900679880144,-0.6713541271826244,-6.713541271826306e-05,-0.00011029900679880144,-0.00026854165087305225,-0.00044119602719520576,0.3956460552144477,0.5587510766575612,0.05108689259772686,0.0032380536891154395
c_13389,v0_baseline,v1_prophet,0.19283288017032785,0.19836577341382267,1.7341233470402244,0.13173099990895443,0.16787396585072667,0.0035931592578322125,0.0036962566474625647,-0.08939827711457515,-0.09344159870456559,0.054689904179062776,0.003475186864660327
c_13403,v0_baseline,v1_prophet,-0.003298883677866571,-0.003342161485703099,-0.19466192417814554,0.0014528185092785861,-0.0010186230152799958,-0.0004712690968380895,-0.00047745164081473834,0.05087917669981457,0.016317351435822358,0.024992220828124627,0.00261064969670951
c_13441,v0_baseline,v1_prophet,-0.007304689103369122,-0.007767409475637699,-0.054487256458576105,0.0016205813735723495,-0.002683050606262949,-0.00036523445516845054,-0.0003883704737818877,0.13840293926928013,0.015468053442958984,0.028935720327551453,0.0022831184656731144
c_13607,v0_baseline,v1_prophet,-0.0043150907982247855,-0.0006930088243173316,-0.12691294588506707,-0.002786398881289287,-0.0007439575991634584,-0.0003082207713017704,-4.95006303084522e-05,-0.07021001336223529,0.00041212303300874886,0.005766964226719989,0.00012081916414860535
c_13615,v0_baseline,v1_prophet,0.07376146855540355,0.10291220463183581,1.6713724909559744,0.16389602158795302,0.10006222907278417,0.0008781127208976613,0.0012251452932361129,-0.13780097475764405,-0.06928533414390659,0.0384517868027138,0.0040192589548705086
c_13658,v0_baseline,v1_prophet,0.0009615331298540308,0.0005922393458073216,0.012090555625725585,0.005166720593874796,0.0007118185568790736,0.00016025552164236623,9.870655763472014e-05,0.08048363564377127,-0.00046900264094107413,0.0031070029337690614,6.904490833665514e-05
c_13690,v0_baseline,v1_prophet,-0.028182035693173013,-0.02699487400050904,-1.0714476083505566,0.019983426425659534,-0.03236094667576772,-0.0007828343248103588,-0.0007498576111252472,0.1888026712933769,0.02995094790641628,0.04083043412892943,0.0042537462278965195
c_1379,v0_baseline,v1_prophet,-0.004289097646221596,-0.003660696239134009,-0.1568737101391573,-0.007426945149973108,-0.005422922254679219,-0.0007148496077035993,-0.0006101160398556821,0.04892410801731378,0.013492967471750772,0.02646350862485107,0.0037638584340424722
c_1387,v0_baseline,v1_prophet,0.0072094984897393966,0.010527826118205741,0.23041074281242047,0.008270665846066505,0.01398836810762294,0.0003003957704058105,0.0004386594215919082,-0.20730156135005665,-0.051839464804178004,0.015649676686029027,0.0023693952919206468
c_13873,v0_baseline,v1_prophet,0.004105016781490667,0.0031792630381932696,0.07800734461755354,0.005418406414296584,0.0036210138626326938,0.0005864309687843294,0.00045418043402756236,0.0066903697149501284,-0.002281888823483902,0.002336499595392707,2.529224405001433e-05
c_14106,v0_baseline,v1_prophet,5.261235361784036e-05,1.569214515078493e-05,0.508073992293248,5.261235361784036e-05,1.569214515078493e-05,0.00015783706085352456,4.7076435452347853e-05,0.09121113777155039,-0.0005620746503411933,0.00628956769109114,0.00016953626190073328
c_14135,v0_baseline,v1_prophet,-0.027441822851599795,-0.0373075165312291,-0.09891439563351323,-0.02564845844062802,-0.029839764577730854,-0.001016363809318535,-0.0013817598715269996,0.05544739148691691,0.026637058144489467,0.02480147012243368,0.0024014695435087864
c_14296,v0_baseline,v1_prophet,0.012456101539590758,0.004871988175525921,0.17444277057795432,0.011448724451563308,0.004865257964644876,0.00047908082844577704,0.00018738416059715934,-0.04509007165558587,-0.005180075691620267,0.010909029363151124,0.000253914970987437
c_14363,v0_baseline,v1_prophet,-0.0035777318659468427,-0.0010068158469140887,-0.14441089968737586,-0.003909259069976967,-0.0016115427740310828,-0.000841819262575691,-0.0002368978463327398,0.0031794311174951906,0.0021628107421285403,0.006666037855305548,0.00034569879789799786
c_14388,v0_baseline,v1_prophet,0.006686532640221454,0.0014584278553299024,0.10098262435059269,0.008017097928171513,-0.0029890227458047036,0.00020262220121882932,4.419478349484626e-05,-0.051725213456675634,-0.004176336769067035,0.04102038444659761,0.006755625170490844
c_14396,v0_baseline,v1_prophet,0.06689264569460152,0.06905060214986936,0.47910478231881726,0.04050435706193811,0.0029425437477113014,0.0031853640806953215,0.003288123911898533,-0.037277004706883,-0.08014196207463886,0.0824489420536165,0.010710386569890642
c_14413,v0_baseline,v1_prophet,0.0023744190054154624,6.196660130075582e-05,0.13524413968869098,-0.00028702772473665483,-0.001393660206159053,0.0005936047513538656,1.5491650325188955e-05,-0.07800452654839644,-0.0001891403443174955,0.022967407598201713,0.0011529767860124834
c_14416,v0_baseline,v1_prophet,0.0015516093160385935,0.0020393576746288167,0.0693690721944975,-0.0003485368894569074,0.003380410077048257,0.0007758046580192968,0.0010196788373144083,-0.19584143285091626,-0.007581038743484481,0.005548204807000048,0.00023101026842841033
c_14417,v0_baseline,v1_prophet,-0.0029263864408526352,-0.001414416179605249,-0.02174087080195619,0.005532803528088603,0.008670033913069197,-0.00010090987727077311,-4.8772971710520086e-05,0.09805092051646175,0.001537924157438031,0.006140411775009413,0.000556467714742534
c_14435,v0_baseline,v1_prophet,0.0040251647900304555,0.002439150879092633,0.11650909890854244,-0.014102327705052375,-0.011101319661832587,0.0001284627060647997,7.784524082210531e-05,-0.06034723778431779,-0.008958041459191435,0.030921895487546786,0.005073572994756072
c_14471,v0_baseline,v1_prophet,0.009924967852563027,-0.0005855278799984376,0.028394460007870492,0.005848908213710757,-0.018770778787598807,0.00018045396095569405,-1.0645961454516795e-05,0.005337693996825821,0.0005802403536088185,0.004902479086986412,0.0002478192244718913
c_14820,v0_baseline,v1_prophet,0.023898285149627885,-0.0071180374015029635,0.29585599862618395,-0.14840857574017718,-0.25102659814813766,0.0006207346792111296,-0.00018488408835072578,0.0074254512741760426,0.0034691609901672527,0.0011632281014959112,7.220014126703422e-05
c_14855,v0_baseline,v1_prophet,0.0017251647429854522,0.0011271816244565747,0.03146249875968543,0.01256207987214153,0.008593829714386603,0.0001078227964365977,7.044885152853592e-05,-0.02284337288267875,-0.004028365549096469,0.027288119313494896,0.001706230277232245
c_14886,v0_baseline,v1_prophet,0.030999088494234828,0.0027027953548288686,0.13316856704320656,0.0562869608635268,-0.028103211540011497,0.0008610857915065245,7.507764874524481e-05,-0.0030487124927472686,-0.003404847562881841,0.1331267635088918,0.039360548780196764
c_1494,v0_baseline,v1_prophet,-0.0009274214738625997,0.0001333949918499444,-0.07488743719047619,-0.0011918563216437583,-0.0003992198860771623,-0.0001854842947725116,2.6678998369986107e-05,-0.00920131229134321,-0.0006748663963818125,0.01673204304025069,0.0009517586126638244
c_14964,v0_baseline,v1_prophet,0.0130664841537671,0.015465412372910325,0.10766289019868935,0.041875548176903976,0.025703360442672185,0.0007466562373581176,0.0008837378498806059,-0.08108241592816046,-0.010092543065099102,0.011103949940683297,0.0005089698532311658
c_15030,v0_baseline,v1_prophet,-0.021435618759897856,-0.02491876661578285,-0.11415522798205657,-0.026383827813415195,-0.031267415937596965,-0.0009121539897828657,-0.001060373047480162,0.16000740838227634,0.027513640221325186,0.008941119434611192,0.0004951851451662269
c_15035,v0_baseline,v1_prophet,-4.16159118638397e-05,-1.4820539904883412e-05,-0.40544091002439586,-4.16159118638397e-05,-1.4820539904883412e-05,-0.0001664636474553588,-5.928215961953365e-05,0.04703509492494864,0.0002936033530092086,-4.082356875016128e-05,-2.6484222401230935e-07
c_15072,v0_baseline,v1_prophet,0.0022797880931948455,0.0005221940366264555,0.013980341507359384,-0.0029640885606765366,-0.004611080338433382,0.00016681376291671768,3.820931975309638e-05,0.08319746080097071,-0.0004336623668148576,0.006070061651202514,0.0003258947265883858
c_15179,v0_baseline,v1_prophet,0.03849489764711578,0.029985116027474668,0.7394386708305589,-0.10207030210100743,-0.10305212349723547,0.001581982095086934,0.0012322650422249976,0.04895372389888916,-0.038838368318199645,0.05694567102334651,0.006646885548017111
c_15235,v0_baseline,v1_prophet,-0.020126936903833714,-0.024111944157112264,-0.089603370737521,-0.02074619771467834,-0.03175237758027616,-0.0005160753052265016,-0.0006182549783874947,0.3414766436200866,0.033486285647682745,0.02702124781351504,0.00274571779901644
c_15282,v0_baseline,v1_prophet,-0.00030884328225511126,0.0014573073209163123,-0.07723202123690243,0.005810266890330151,0.009173135187311554,-0.00015442164112755563,0.0007286536604581562,-0.13713565359043606,-0.007220016740451474,0.00425858041558267,0.00024265070140747276
c_15420,v0_baseline,v1_prophet,-0.01756999041617635,-0.011658395731132254,-0.10100851252095566,-0.025066999390089162,-0.030071262186300185,-0.002342665388823495,-0.0015544527641509487,0.01444937991114903,0.013313727393755914,0.02675277411250336,0.0020634184793173944
c_15446,v0_baseline,v1_prophet,0.0009038141903915664,0.0010901678341477816,4.275309640311889,0.0009038141903915664,0.0010901678341477816,0.00018076283807830912,0.000218033566829548,-0.11857352815179545,-0.004751549436438074,0.006125167491485567,0.0002369763770748985
c_15486,v0_baseline,v1_prophet,0.00022136079830181732,-0.0003295788552406531,0.023390188578552795,-0.0036848239775282288,-0.002537055503774699,4.427215966038012e-05,-6.591577104816948e-05,0.021495908745405683,0.0005550178069226863,0.012198797241519274,0.0010495687524331822
c_15527,v0_baseline,v1_prophet,0.007321202885393063,0.007156679928351117,0.0020696703142277784,-0.003225908083004825,-0.0037179982945740875,0.00015744522334179556,0.00015390709523335766,0.2966434409240286,-0.00387945083510588,0.03283283685944416,0.0009522554188285364
c_15555,v0_baseline,v1_prophet,0.008915634744729006,0.004468009481890078,-16.506065326951102,0.022977120970608667,0.0253512606967774,0.0017831269489458346,0.0008936018963779935,-0.11873197146207612,-0.0050212894140038156,0.006767405348786244,0.00028738453492491644
c_15570,v0_baseline,v1_prophet,0.0028614573574088364,0.005847981261445145,-0.009634569973922424,0.011633870504422106,0.03079215230192145,0.00011445829429634208,0.00023391925045780637,-0.07046186346233524,-0.014584605871101886,0.04306797384807909,0.009830816635744087
c_15604,v0_baseline,v1_prophet,0.0028021702045180064,-0.0025430289838741515,0.2211763646816749,0.0023203269830749385,-0.0038925013185964197,0.0009340567348393447,-0.0008476763279580135,0.04264364886763239,0.003011466498169746,0.00627407524142105,0.00019709798638512953
c_15616,v0_baseline,v1_prophet,0.00021374853479039224,-0.00128498698368551,-0.06268433311529265,0.007834549839913052,-0.0014688791527694978,1.0178501656687988e-05,-6.118985636598129e-05,0.11092644898283352,0.0025665753580241812,0.00672730719972587,0.0002565262694326463
c_15630,v0_baseline,v1_prophet,-0.0015946128361672418,-0.0007923317952573949,-0.01699888810809469,-0.002845103651957781,-0.001792389471472644,-0.00014496480328791972,-7.203016320520006e-05,0.010801138847799277,0.0016827694071679389,-0.0006276980626692807,-8.270094195799991e-06
c_15640,v0_baseline,v1_prophet,-0.025076094466385257,-0.02228641706875223,-0.7873502645382047,-0.05711670592427254,-0.05835875803701995,-0.0005117570299262297,-0.0004548248381378295,-0.002071338137346612,0.006731678925999907,0.0093540388424803,0.0004219270327535503
c_15642,v0_baseline,v1_prophet,0.0003427310654160465,0.002049061574341482,0.0005312222812960954,0.009000573608800022,0.009737702744174737,4.8961580773720925e-05,0.00029272308204877917,-0.17216688085090207,-0.007372854718531441,0.004717241029817326,0.0003905181208933738
c_15647,v0_baseline,v1_prophet,0.019637608424306396,0.019883624675623768,0.5109212995808967,0.017635792214423462,0.020424493660479603,0.0011901580863215855,0.001205068162159012,0.028272008956188442,-0.039097700961409965,0.06167595262048551,0.007175478611375096
c_15794,v0_baseline,v1_prophet,-0.00078653447010563,-0.0007275975606432991,-7.86534470105633,-0.00078653447010563,-0.0007275975606432991,-0.0003370862014738414,-0.0003118275259899866,0.1516612118190554,0.28006975403127754,0.08704142415561444,0.013652937808207647
c_15856,v0_baseline,v1_prophet,-0.0017697354544597976,-0.0007649705774790405,-0.13282465584851622,-0.0007395244804149215,0.00037764458761180286,-0.0003932745454355291,-0.0001699934616620491,0.05308082620708196,0.002170072480567109,0.006726268338493106,0.00022037993804398576
c_16008,v0_baseline,v1_prophet,-0.016865253069511255,-0.009817488975558675,-0.09845280006146595,-0.008320242081989448,-0.008898469923744656,-0.0004324423863977245,-0.0002517304865527481,-0.1395221807671372,0.005735145698741562,0.010009905802901078,6.465699912795501e-05
c_16048,v0_baseline,v1_prophet,-0.03152651886127211,-0.05675791795800489,-0.4601250700207693,-0.05877346472698264,-0.0607354041548005,-0.0008520680773316941,-0.0015339977826487883,0.01280691505017545,0.03185356583395338,0.05455929048770438,0.006171835749417138
