container_id,origin_index,ph_statistic,ph_alarm,ph_lambda
c_10032,200,0.0,False,50.0
c_10034,200,0.0,False,50.0
c_10089,200,0.0,False,50.0
c_10132,200,0.0,False,50.0
c_1016,200,0.0,False,50.0
c_10306,200,0.0,False,50.0
c_10312,200,0.0,False,50.0
c_10382,200,0.0,False,50.0
c_10393,200,0.0,False,50.0
c_10641,200,0.0,False,50.0
c_10695,200,0.0,False,50.0
c_10733,200,0.0,False,50.0
c_10878,200,0.0,False,50.0
c_10898,200,0.0,False,50.0
c_11013,200,0.0,False,50.0
c_11087,200,0.0,False,50.0
c_11203,200,0.0,False,50.0
c_11307,200,0.0,False,50.0
c_11327,200,0.0,False,50.0
c_11461,200,0.0,False,50.0
c_11735,200,0.0,False,50.0
c_11752,200,0.0,False,50.0
c_1181,200,0.0,False,50.0
c_1186,200,0.0,False,50.0
c_11996,200,0.0,False,50.0
c_12060,200,0.0,False,50.0
c_12158,200,0.0,False,50.0
c_12164,200,0.0,False,50.0
c_12174,200,0.0,False,50.0
c_12189,200,0.0,False,50.0
c_12193,200,0.0,False,50.0
c_12231,200,0.0,False,50.0
c_12237,200,0.0,False,50.0
c_12441,200,0.0,False,50.0
c_12517,200,0.0,False,50.0
c_12624,200,0.0,False,50.0
c_12767,200,0.0,False,50.0
c_12858,200,0.0,False,50.0
c_1286,200,0.0,False,50.0
c_12971,200,0.0,False,50.0
c_12974,200,0.0,False,50.0
c_12993,200,0.0,False,50.0
c_12999,200,0.0,False,50.0
c_13020,200,0.0,False,50.0
c_13044,200,0.0,False,50.0
c_13083,200,0.0,False,50.0
c_13166,200,0.0,False,50.0
c_13170,200,0.0,False,50.0
c_13229,200,0.0,False,50.0
c_13269,200,0.0,False,50.0
c_13308,200,0.0,False,50.0
c_13389,200,0.0,False,50.0
c_13403,200,0.0,False,50.0
c_13441,200,0.0,False,50.0
c_13607,200,0.0,False,50.0
c_13615,200,0.0,False,50.0
c_13658,200,0.0,False,50.0
c_13690,200,0.0,False,50.0
c_1379,200,0.0,False,50.0
c_1387,200,0.0,False,50.0
c_13873,200,0.0,False,50.0
c_14106,200,0.0,False,50.0
c_14135,200,0.0,False,50.0
c_14296,200,0.0,False,50.0
c_14363,200,0.0,False,50.0
c_14388,200,0.0,False,50.0
c_14396,200,0.0,False,50.0
c_14413,200,0.0,False,50.0
c_14416,200,0.0,False,50.0
c_14417,200,0.0,False,50.0
c_14435,200,0.0,False,50.0
c_14471,200,0.0,False,50.0
c_14820,200,0.0,False,50.0
c_14855,200,0.0,False,50.0
c_14886,200,0.0,False,50.0
c_1494,200,0.0,False,50.0
c_14964,200,0.0,False,50.0
c_15030,200,0.0,False,50.0
c_15035,200,0.0,False,50.0
c_15072,200,0.0,False,50.0
c_15179,200,0.0,False,50.0
c_15235,200,0.0,False,50.0
c_15282,200,0.0,False,50.0
c_15420,200,0.0,False,50.0
c_15446,200,0.0,False,50.0
c_15486,200,0.0,False,50.0
c_15527,200,0.0,False,50.0
c_15555,200,0.0,False,50.0
c_15570,200,0.0,False,50.0
c_15604,200,0.0,False,50.0
c_15616,200,0.0,False,50.0
c_15630,200,0.0,False,50.0
c_15640,200,0.0,False,50.0
c_15642,200,0.0,False,50.0
c_15647,200,0.0,False,50.0
c_15794,200,0.0,False,50.0
c_15856,200,0.0,False,50.0
c_16008,200,0.0,False,50.0
c_16048,200,0.0,False,50.0
c_10032,296,0.1268483752595041,False,50.0
c_10034,296,0.1419244497779092,False,50.0
c_10089,296,0.07255870743709958,False,50.0
c_10132,296,0.0918156036390172,False,50.0
c_1016,296,0.0032453182640215274,False,50.0
c_10306,296,0.002279496166734678,False,50.0
c_10312,296,0.004893144863680536,False,50.0
c_10382,296,0.0,False,50.0
c_10393,296,0.5487642151452897,False,50.0
c_10641,296,0.4487138740995468,False,50.0
c_10695,296,0.011448244375877773,False,50.0
c_10733,296,0.073887486980177,False,50.0
c_10878,296,0.036986835549994,False,50.0
c_10898,296,0.021423807090801054,False,50.0
c_11013,296,0.8471098681006114,False,50.0
c_11087,296,1.8318380963715795,False,50.0
c_11203,296,0.9127095769604011,False,50.0
c_11307,296,0.15790023496210226,False,50.0
c_11327,296,0.10530942704935009,False,50.0
c_11461,296,0.0,False,50.0
c_11735,296,0.007906952120231073,False,50.0
c_11752,296,0.04672903789773165,False,50.0
c_1181,296,0.6158644654740203,False,50.0
c_1186,296,0.08347617261193863,False,50.0
c_11996,296,0.4151831598807719,False,50.0
c_12060,296,0.012526384817637574,False,50.0
c_12158,296,0.12046320442960201,False,50.0
c_12164,296,0.1283793478331975,False,50.0
c_12174,296,0.0008637302182209526,False,50.0
c_12189,296,0.03344487248140771,False,50.0
c_12193,296,0.048710775331352325,False,50.0
c_12231,296,0.037380612469358206,False,50.0
c_12237,296,3.3873082624053543,False,50.0
c_12441,296,0.2030239436640987,False,50.0
c_12517,296,1.0511853650043843,False,50.0
c_12624,296,0.01878760793668394,False,50.0
c_12767,296,0.06818727277977787,False,50.0
c_12858,296,0.015971353673840786,False,50.0
c_1286,296,0.02685551077034543,False,50.0
c_12971,296,0.004088986828674317,False,50.0
c_12974,296,0.018272192787223033,False,50.0
c_12993,296,0.6589163952433602,False,50.0
c_12999,296,0.03219919128402882,False,50.0
c_13020,296,0.0406658774640939,False,50.0
c_13044,296,0.0,False,50.0
c_13083,296,0.03826245535620055,False,50.0
c_13166,296,0.4551397659303772,False,50.0
c_13170,296,1.445232033623534,False,50.0
c_13229,296,0.029790738442156853,False,50.0
c_13269,296,0.0009418165910745112,False,50.0
c_13308,296,0.0,False,50.0
c_13389,296,3.0311441221955215,False,50.0
c_13403,296,0.06070828027131742,False,50.0
c_13441,296,0.06386278068178874,False,50.0
c_13607,296,0.08283747578500156,False,50.0
c_13615,296,0.24717587212781067,False,50.0
c_13658,296,0.013797177730244529,False,50.0
c_13690,296,0.048441492067694665,False,50.0
c_1379,296,0.03208426635178919,False,50.0
c_1387,296,0.14670670957668702,False,50.0
c_13873,296,0.0652200315995235,False,50.0
c_14106,296,0.0,False,50.0
c_14135,296,0.004099197731830877,False,50.0
c_14296,296,0.2454823435582355,False,50.0
c_14363,296,0.03859812406993641,False,50.0
c_14388,296,0.16776922874790567,False,50.0
c_14396,296,0.7680348047867532,False,50.0
c_14413,296,0.018855810659525133,False,50.0
c_14416,296,0.0,False,50.0
c_14417,296,0.29638344331206834,False,50.0
c_14435,296,0.2049166989388833,False,50.0
c_14471,296,1.0137211315824084,False,50.0
c_14820,296,0.09187954114788244,False,50.0
c_14855,296,0.08901290075438784,False,50.0
c_14886,296,0.02325079522731233,False,50.0
c_1494,296,0.05311904716029426,False,50.0
c_14964,296,0.21631457098245332,False,50.0
c_15030,296,0.1852873356867092,False,50.0
c_15035,296,0.0,False,50.0
c_15072,296,0.2696551152080723,False,50.0
c_15179,296,0.49416544096377335,False,50.0
c_15235,296,0.29241388125938406,False,50.0
c_15282,296,0.0075265500831096545,False,50.0
c_15420,296,0.06148367893507734,False,50.0
c_15446,296,0.012233747453661573,False,50.0
c_15486,296,0.043739942301941344,False,50.0
c_15527,296,3.7260542312784812,False,50.0
c_15555,296,0.0011525102249544438,False,50.0
c_15570,296,0.047102146595837675,False,50.0
c_15604,296,0.04347156707382322,False,50.0
c_15616,296,0.02900808706745728,False,50.0
c_15630,296,0.3179314377182524,False,50.0
c_15640,296,0.7664287720475603,False,50.0
c_15642,296,0.04060782984596912,False,50.0
c_15647,296,0.19540984017630947,False,50.0
c_15794,296,0.0,False,50.0
c_15856,296,0.005388590207229764,False,50.0
c_16008,296,0.0,False,50.0
c_16048,296,0.13083477691115364,False,50.0
c_10032,392,0.2691204971545178,False,50.0
c_10034,392,0.18577336188066174,False,50.0
c_10089,392,0.11684648445547441,False,50.0
c_10132,392,0.12702222096491933,False,50.0
c_1016,392,0.059806263804621854,False,50.0
c_10306,392,0.009058490088649344,False,50.0
c_10312,392,0.1259101684607733,False,50.0
c_10382,392,0.0510519561841254,False,50.0
c_10393,392,0.7641075098976225,False,50.0
c_10641,392,0.5075162125205402,False,50.0
c_10695,392,0.017876218536382774,False,50.0
c_10733,392,0.1997112254350515,False,50.0
c_10878,392,0.02690858332942792,False,50.0
c_10898,392,0.01617391706415317,False,50.0
c_11013,392,1.2251794795409352,False,50.0
c_11087,392,1.6952356369336323,False,50.0
c_11203,392,1.3597564268848796,False,50.0
c_11307,392,0.24162419871994512,False,50.0
c_11327,392,0.1604751387771819,False,50.0
c_11461,392,0.3004557991359422,False,50.0
c_11735,392,0.3901134634915526,False,50.0
c_11752,392,0.07009886051070702,False,50.0
c_1181,392,0.9150122022440799,False,50.0
c_1186,392,0.10503037248151426,False,50.0
c_11996,392,1.1555086720552283,False,50.0
c_12060,392,0.04039148059641186,False,50.0
c_12158,392,0.6162509987292747,False,50.0
c_12164,392,0.1824116291149236,False,50.0
c_12174,392,0.025368283262545817,False,50.0
c_12189,392,0.06568710142349266,False,50.0
c_12193,392,0.06475622989536939,False,50.0
c_12231,392,1.6601968995213987,False,50.0
c_12237,392,3.250616159197307,False,50.0
c_12441,392,0.8510731033188483,False,50.0
c_12517,392,1.4765987261176057,False,50.0
c_12624,392,0.03204227887303152,False,50.0
c_12767,392,0.09549625477393953,False,50.0
c_12858,392,0.023055761932770983,False,50.0
c_1286,392,0.05325639236372982,False,50.0
c_12971,392,0.05920422335569632,False,50.0
c_12974,392,0.033328886905401374,False,50.0
c_12993,392,0.8014444703413098,False,50.0
c_12999,392,0.06710593693132927,False,50.0
c_13020,392,0.08433914314918334,False,50.0
c_13044,392,0.05974038731677784,False,50.0
c_13083,392,0.06159062325613641,False,50.0
c_13166,392,0.6672483233528793,False,50.0
c_13170,392,1.804204270407301,False,50.0
c_13229,392,0.08255648964713047,False,50.0
c_13269,392,0.003356538873210084,False,50.0
c_13308,392,0.0,False,50.0
c_13389,392,3.9078220930845795,False,50.0
c_13403,392,0.0790268090050671,False,50.0
c_13441,392,0.08523668976374832,False,50.0
c_13607,392,0.10456822640821462,False,50.0
c_13615,392,0.2712180150850373,False,50.0
c_13658,392,0.05041938774928945,False,50.0
c_13690,392,0.37556311438315126,False,50.0
c_1379,392,0.039104074276254126,False,50.0
c_1387,392,0.19430328421076337,False,50.0
c_13873,392,0.09969232498608716,False,50.0
c_14106,392,0.0,False,50.0
c_14135,392,0.3332658728918412,False,50.0
c_14296,392,0.3284165456307575,False,50.0
c_14363,392,0.04267850996234308,False,50.0
c_14388,392,0.311264687418067,False,50.0
c_14396,392,0.9005271887029973,False,50.0
c_14413,392,0.01947182357681865,False,50.0
c_14416,392,0.004265597371337002,False,50.0
c_14417,392,0.3919476947384365,False,50.0
c_14435,392,0.27235858311895544,False,50.0
c_14471,392,1.402652737916239,False,50.0
c_14820,392,0.185078289197805,False,50.0
c_14855,392,0.1719633419779648,False,50.0
c_14886,392,0.035129333901619327,False,50.0
c_1494,392,0.05885391393664358,False,50.0
c_14964,392,0.25496025122224986,False,50.0
c_15030,392,0.24104060812960537,False,50.0
c_15035,392,0.0,False,50.0
c_15072,392,0.41151746804106104,False,50.0
c_15179,392,0.5269277077266584,False,50.0
c_15235,392,0.2808379458244413,False,50.0
c_15282,392,0.017507411426979928,False,50.0
c_15420,392,0.14370839680869807,False,50.0
c_15446,392,0.022084703464267445,False,50.0
c_15486,392,0.08233256249366927,False,50.0
c_15527,392,4.943943354857067,False,50.0
c_15555,392,0.19406668394389226,False,50.0
c_15570,392,0.0691066011369571,False,50.0
c_15604,392,0.09405853657034213,False,50.0
c_15616,392,0.07905005614245869,False,50.0
c_15630,392,0.4483643671456392,False,50.0
c_15640,392,11.89299162494921,False,50.0
c_15642,392,0.09649872136802173,False,50.0
c_15647,392,0.32945837102805176,False,50.0
c_15794,392,0.0,False,50.0
c_15856,392,0.04539216197384561,False,50.0
c_16008,392,0.09176516797473233,False,50.0
c_16048,392,0.16852038568678507,False,50.0
c_10032,488,0.5157564088241182,False,50.0
c_10034,488,1.1616526098836215,False,50.0
c_10089,488,0.11721544538881457,False,50.0
c_10132,488,0.17146765666992647,False,50.0
c_1016,488,0.10377954252995426,False,50.0
c_10306,488,0.012855453763409855,False,50.0
c_10312,488,0.19760908602467686,False,50.0
c_10382,488,0.08263408232704085,False,50.0
c_10393,488,0.8461107229816546,False,50.0
c_10641,488,0.5527522892602525,False,50.0
c_10695,488,0.03876525012058043,False,50.0
c_10733,488,0.6622598993573171,False,50.0
c_10878,488,0.053627863832506235,False,50.0
c_10898,488,0.025677739142388138,False,50.0
c_11013,488,1.4195889143352738,False,50.0
c_11087,488,1.8506071246861309,False,50.0
c_11203,488,1.4950239053847307,False,50.0
c_11307,488,0.20561379031037597,False,50.0
c_11327,488,0.1603112464163533,False,50.0
c_11461,488,0.18599155330436845,False,50.0
c_11735,488,0.4139526268539536,False,50.0
c_11752,488,0.09157367328421784,False,50.0
c_1181,488,1.3353204740279911,False,50.0
c_1186,488,0.9536145381266666,False,50.0
c_11996,488,1.558312348242982,False,50.0
c_12060,488,0.06613446248630546,False,50.0
c_12158,488,1.0118395622126088,False,50.0
c_12164,488,0.1889521660672222,False,50.0
c_12174,488,0.0429461492212514,False,50.0
c_12189,488,0.05289721164465556,False,50.0
c_12193,488,0.0721361254065001,False,50.0
c_12231,488,4.420999290535072,False,50.0
c_12237,488,19.361713214316776,False,50.0
c_12441,488,1.1664650110989039,False,50.0
c_12517,488,1.7055547585208382,False,50.0
c_12624,488,0.03467621485212114,False,50.0
c_12767,488,0.1268793549897047,False,50.0
c_12858,488,0.06836279603286567,False,50.0
c_1286,488,0.05283406482334874,False,50.0
c_12971,488,0.1036939268610181,False,50.0
c_12974,488,0.05241553752348272,False,50.0
c_12993,488,1.2064829584132752,False,50.0
c_12999,488,0.6951339830585751,False,50.0
c_13020,488,0.1593846849909214,False,50.0
c_13044,488,0.08259459539474336,False,50.0
c_13083,488,0.10740933624530924,False,50.0
c_13166,488,1.1180498961971335,False,50.0
c_13170,488,2.1063368745195334,False,50.0
c_13229,488,0.11487917404085468,False,50.0
c_13269,488,0.004807410290656904,False,50.0
c_13308,488,0.0,False,50.0
c_13389,488,7.624665419361935,False,50.0
c_13403,488,0.09558597916686701,False,50.0
c_13441,488,0.06583531977397727,False,50.0
c_13607,488,0.1245578981100951,False,50.0
c_13615,488,2.580435345046519,False,50.0
c_13658,488,0.11126220145799814,False,50.0
c_13690,488,0.5368408778779707,False,50.0
c_1379,488,0.042166530709846446,False,50.0
c_1387,488,0.2707713409054153,False,50.0
c_13873,488,0.11959149054841267,False,50.0
c_14106,488,0.0,False,50.0
c_14135,488,0.3935463005710187,False,50.0
c_14296,488,0.3747979914744285,False,50.0
c_14363,488,0.07052518839777261,False,50.0
c_14388,488,0.48549431807386656,False,50.0
c_14396,488,2.9782147765146654,False,50.0
c_14413,488,0.023963825858826785,False,50.0
c_14416,488,0.07092000482333224,False,50.0
c_14417,488,1.4906669796751215,False,50.0
c_14435,488,0.3307786633394144,False,50.0
c_14471,488,1.435714925879882,False,50.0
c_14820,488,0.23819951999836575,False,50.0
c_14855,488,0.19647018365827285,False,50.0
c_14886,488,0.33539472766835765,False,50.0
c_1494,488,0.05141947807516745,False,50.0
c_14964,488,0.3926707048318123,False,50.0
c_15030,488,0.19062091529421588,False,50.0
c_15035,488,0.0,False,50.0
c_15072,488,0.5206683962729627,False,50.0
c_15179,488,2.166777615636491,False,50.0
c_15235,488,0.3699557610185128,False,50.0
c_15282,488,0.0344382933315794,False,50.0
c_15420,488,0.14707130106781097,False,50.0
c_15446,488,0.02483013019372571,False,50.0
c_15486,488,0.0628798975253092,False,50.0
c_15527,488,4.844754103939562,False,50.0
c_15555,488,0.1861404934722557,False,50.0
c_15570,488,0.3890414720263622,False,50.0
c_15604,488,0.12927104252376104,False,50.0
c_15616,488,0.07690258998646127,False,50.0
c_15630,488,0.4855869938549856,False,50.0
c_15640,488,16.523497018956096,False,50.0
c_15642,488,0.10277579688577343,False,50.0
c_15647,488,1.0474552461497515,False,50.0
c_15794,488,0.013229166666666667,False,50.0
c_15856,488,0.07671249686435033,False,50.0
c_16008,488,0.20197099372918403,False,50.0
c_16048,488,0.41331070227337663,False,50.0
c_10032,584,0.7269312713112352,False,50.0
c_10034,584,2.7149596145503043,False,50.0
c_10089,584,0.10662791444736897,False,50.0
c_10132,584,0.17394028406866036,False,50.0
c_1016,584,0.13621048453115692,False,50.0
c_10306,584,0.01323923898712515,False,50.0
c_10312,584,0.3104332882725269,False,50.0
c_10382,584,0.10790004404787813,False,50.0
c_10393,584,0.9388738140940261,False,50.0
c_10641,584,0.5952839287730441,False,50.0
c_10695,584,0.07792897629838647,False,50.0
c_10733,584,0.7054851910998384,False,50.0
c_10878,584,0.06119753509068111,False,50.0
c_10898,584,0.028233443846110044,False,50.0
c_11013,584,1.2440814247884022,False,50.0
c_11087,584,2.4862662556607065,False,50.0
c_11203,584,1.6291614419786893,False,50.0
c_11307,584,0.654981881814125,False,50.0
c_11327,584,0.17548566275842326,False,50.0
c_11461,584,0.2521162545224591,False,50.0
c_11735,584,0.7170876065923152,False,50.0
c_11752,584,0.10863047964270556,False,50.0
c_1181,584,2.007258055777635,False,50.0
c_1186,584,1.0199591783871838,False,50.0
c_11996,584,1.8632885342339027,False,50.0
c_12060,584,0.07473001976131578,False,50.0
c_12158,584,1.1992428697854896,False,50.0
c_12164,584,0.20445854678251907,False,50.0
c_12174,584,0.043771594409007915,False,50.0
c_12189,584,0.07655546103572097,False,50.0
c_12193,584,0.08148154342046943,False,50.0
c_12231,584,7.036462501343299,False,50.0
c_12237,584,24.802764002132815,False,50.0
c_12441,584,1.4371392021395375,False,50.0
c_12517,584,1.7607256925196637,False,50.0
c_12624,584,0.03806034939102421,False,50.0
c_12767,584,0.1350091460493672,False,50.0
c_12858,584,0.10307065778200604,False,50.0
c_1286,584,0.13339525921178824,False,50.0
c_12971,584,0.12399182061632852,False,50.0
c_12974,584,0.05529889216431229,False,50.0
c_12993,584,1.669635927889928,False,50.0
c_12999,584,0.7857707845490937,False,50.0
c_13020,584,0.1640219868801127,False,50.0
c_13044,584,0.08651643717746779,False,50.0
c_13083,584,0.15392745579503075,False,50.0
c_13166,584,1.256955412914032,False,50.0
c_13170,584,2.1058066882709494,False,50.0
c_13229,584,0.3003579751760327,False,50.0
c_13269,584,0.06957718805208181,False,50.0
c_13308,584,0.0,False,50.0
c_13389,584,7.629365515045397,False,50.0
c_13403,584,0.09494158841208301,False,50.0
c_13441,584,0.3397298367148336,False,50.0
c_13607,584,0.9520583928999292,False,50.0
c_13615,584,5.193574519248421,False,50.0
c_13658,584,0.4684086415313652,False,50.0
c_13690,584,0.761109891536109,False,50.0
c_1379,584,0.042550588072471925,False,50.0
c_1387,584,0.31554951752016047,False,50.0
c_13873,584,1.0250529093764649,False,50.0
c_14106,584,0.0,False,50.0
c_14135,584,0.2621514059151353,False,50.0
c_14296,584,2.456783293150235,False,50.0
c_14363,584,0.08427822492315401,False,50.0
c_14388,584,0.5053569319286286,False,50.0
c_14396,584,3.0062103455997056,False,50.0
c_14413,584,0.02851222254542202,False,50.0
c_14416,584,0.09304398775851093,False,50.0
c_14417,584,2.179474221929593,False,50.0
c_14435,584,0.38454621631247077,False,50.0
c_14471,584,1.4931014226527213,False,50.0
c_14820,584,0.24627414786876645,False,50.0
c_14855,584,0.27296830633246627,False,50.0
c_14886,584,0.34386009798570893,False,50.0
c_1494,584,0.09419013094886591,False,50.0
c_14964,584,0.7479187297808131,False,50.0
c_15030,584,1.4272413788704381,False,50.0
c_15035,584,0.009130203140572255,False,50.0
c_15072,584,0.6276159125890235,False,50.0
c_15179,584,2.3791722281558463,False,50.0
c_15235,584,0.45074126172787643,False,50.0
c_15282,584,0.053972221164759374,False,50.0
c_15420,584,0.1523936812784049,False,50.0
c_15446,584,0.024953645249296334,False,50.0
c_15486,584,0.13223892896682843,False,50.0
c_15527,584,5.192601940247039,False,50.0
c_15555,584,0.20310752647105113,False,50.0
c_15570,584,0.40271398531686764,False,50.0
c_15604,584,0.22221534297971934,False,50.0
c_15616,584,0.3035535977649355,False,50.0
c_15630,584,0.3994769330730793,False,50.0
c_15640,584,21.762406700072724,False,50.0
c_15642,584,0.16056952006837855,False,50.0
c_15647,584,1.0743184245612623,False,50.0
c_15794,584,0.02180709951059218,False,50.0
c_15856,584,0.11697120409383155,False,50.0
c_16008,584,6.343109640682843,False,50.0
c_16048,584,0.4925094283151987,False,50.0
