container_id,hybrid_day1_mae,global_day1_mae,delta_day1_mae,hybrid_day1_rmse,global_day1_rmse,delta_day1_rmse,hybrid_day1_mape,global_day1_mape,delta_day1_mape,hybrid_train_steps,global_train_steps,hybrid_validation_steps,global_validation_steps
c_10032,0.3531221154126398,0.8135422079099549,0.4604200924973151,0.4327977328186703,1.0116342800286102,0.5788365472099399,10.397754968183348,23.879625284733574,13.481870316550227,614,614,154,154
c_10034,3.6561898548874816,6.504191973970996,2.8480021190835143,4.107339381144937,7.410873580268894,3.3035341991239573,69.09120345194393,90.60087388816775,21.50967043622383,613,613,154,154
c_10089,0.767384200123057,0.9946638299359216,0.22727962981286465,1.024064625455502,1.2764777234701137,0.25241309801461176,7.732747936443928,10.267316092417271,2.534568155973343,614,614,154,154
c_10132,0.6161709487152378,0.6645563102430767,0.0483853615278389,0.7626872448676484,0.7937106669473543,0.031023422079705876,21.675027361908448,25.84510255420785,4.1700751922994,611,611,153,153
c_1016,0.3478017208669357,0.3640375917156537,0.01623587084871797,0.5139317804109284,0.5735541347415278,0.05962235433059948,14.290074087889778,14.474371674745552,0.1842975868557737,614,614,154,154
c_10306,0.3498958781742383,0.346672213739819,-0.0032236644344192933,0.4010295572516438,0.4172344491729839,0.016204891921340114,1522.751599498606,1188.574673998603,-334.1769255000031,614,614,154,154
c_10312,0.3192895326828834,0.4691326975115333,0.1498431648286499,0.4103126315689475,0.5911662663597108,0.18085363479076333,23.986002314390813,35.64250537572171,11.656503061330898,614,614,154,154
c_10382,0.5509489858687353,0.5670947362979254,0.016145750429190087,0.7926803926062403,0.7970414150084341,0.004361022402193715,14.592026490627566,15.197615584377385,0.6055890937498187,614,614,154,154
c_10393,1.1531114679365286,1.5552987151675757,0.40218724723104704,1.4936879473947569,2.112898092369458,0.619210144974701,10.145024875459027,13.38292135004448,3.237896474585453,614,614,154,154
c_10641,0.5863754414484974,0.9274216334025066,0.3410461919540092,0.7703941902754676,1.2633648965377609,0.4929707062622932,11.588750739499892,17.601373873977344,6.012623134477453,613,613,154,154
c_10695,0.63970343114487,0.6048463097876973,-0.03485712135717278,0.8904394867651344,0.8454449244649661,-0.044994562300168295,19.658345216812855,19.66328607323019,0.004940856417334771,614,614,154,154
c_10733,1.7676144136357277,2.834604682745757,1.0669902691100293,2.231522023365973,3.509141557622097,1.2776195342561238,4.612660031685286,7.218420763458276,2.60576073177299,611,611,153,153
c_10878,0.4118594789730776,0.4114207963148753,-0.000438682658202294,0.5572886780074063,0.5769649469372191,0.01967626892981278,19.81110147595898,20.136629544248063,0.3255280682890813,614,614,154,154
c_10898,0.5882831983095519,0.568020410504606,-0.020262787804945837,0.7765384401543982,0.7460306054512051,-0.03050783470319307,20.49634508329809,20.23379172490256,-0.26255335839552885,614,614,154,154
c_11013,2.733269214823506,4.293277836508221,1.5600086216847147,4.04162076383406,5.515957889239738,1.474337125405678,10.883295063065953,17.676056853007793,6.79276178994184,612,612,154,154
c_11087,6.341315955758329,6.929827322562535,0.5885113668042061,12.143608317798146,11.847125277657064,-0.29648304014108184,207.99544643124003,252.8092322924191,44.81378586117907,614,614,154,154
c_11203,1.4382352439657524,2.0113665809233985,0.5731313369576461,2.327395812928256,2.932424920614466,0.6050291076862102,7.941284871601323,11.545522097862538,3.6042372262612146,612,612,154,154
c_11307,2.599772794136848,2.544108198748695,-0.05566459538815316,4.427834255988572,4.677663100116183,0.24982884412761042,21.43252282172822,19.148826088145512,-2.2836967335827083,614,614,154,154
c_11327,0.6761880078960535,0.7217837792067301,0.0455957713106766,0.8348698183787383,0.9288742794976514,0.09400446111891314,10.8008119965218,12.29101274958479,1.4902007530629895,612,612,153,153
c_11461,1.4544164221832905,2.700024541881349,1.2456081196980586,2.0343420952109654,3.454360044629724,1.4200179494187584,11.734932370577924,25.809205194348166,14.074272823770242,609,609,153,153
c_11735,2.081541006767186,2.7725197248988684,0.6909787181316824,4.383919986397988,4.581780929897904,0.1978609434999159,15.752291983137551,23.4738493124944,7.72155732935685,613,613,154,154
c_11752,0.4919711095589451,0.4487488387773434,-0.04322227078160168,0.6081134757258618,0.6225988672368181,0.014485391510956291,35.69204009360279,30.086214999241335,-5.605825094361457,612,612,153,153
c_1181,5.491862429044893,7.055913628869587,1.5640511998246938,8.96833995329392,10.22034881140725,1.2520088581133297,21.611556620056923,44.58438980906875,22.97283318901183,609,609,153,153
c_1186,0.9899183458354428,1.997407667338848,1.007489321503405,1.17486422950655,2.4294098621911493,1.2545456326845994,12.660585753029494,22.61598748017676,9.955401727147265,613,613,154,154
c_11996,1.3379557047956772,1.747551343838374,0.4095956390426969,1.6551429506370745,2.0953778863250543,0.4402349356879798,13.95790959918067,17.655294915521015,3.6973853163403447,613,613,154,154
c_12060,0.1393219184435442,0.1802579314240978,0.040936012980553604,0.2378292161176445,0.2469515303346055,0.009122314216961025,533.964054228503,955.2427513321531,421.2786971036502,614,614,154,154
c_12158,1.9106663974913136,4.020762854152256,2.1100964566609424,2.30898771468804,5.055006556094251,2.746018841406211,6.787862265102428,13.314785003654316,6.526922738551889,611,611,153,153
c_12164,0.7588075810014022,0.8304649117920135,0.07165733079061132,0.9877322833694504,1.0590380150514405,0.07130573168199006,10.76692901907045,11.536001733714093,0.7690727146436434,614,614,154,154
c_12174,0.5749557041623001,0.667573923865954,0.09261821970365391,0.7553018590539455,0.8790657569007055,0.12376389784676001,9.081618127389412,10.538438699230191,1.4568205718407796,614,614,154,154
c_12189,0.4024761780560019,0.5432471326655811,0.14077095460957922,0.5173666973243207,0.7003668977816099,0.18300020045728915,13.432714898815576,16.515130144853725,3.082415246038149,614,614,154,154
c_12193,0.316933921865914,0.3227718359894223,0.005837914123508259,0.4207564636224599,0.4022037544920033,-0.01855270913045659,12.673227391040568,13.44444698254194,0.7712195915013726,610,610,153,153
c_12231,7.85918750959097,10.035881229407256,2.176693719816286,8.6255976350485,13.009594188129672,4.383996553081172,109.14685799570096,57.59552786485037,-51.55133013085059,614,614,154,154
c_12237,17.675737610789266,13.624608235889012,-4.051129374900254,22.827999641939517,15.96660668148455,-6.8613929604549675,53.914758789478704,26.039377051573027,-27.875381737905677,608,608,152,152
c_12441,1.8266581067639935,2.5848506920867496,0.758192585322756,3.360683822518409,3.772772148295751,0.4120883257773422,12.392895074274769,19.083403080812236,6.690508006537467,611,611,153,153
c_12517,1.1290802073804955,1.8524646706051295,0.723384463224634,1.3714012899737709,2.5129200245068577,1.1415187345330868,6.0046544443293515,9.805105928032637,3.8004514837032852,613,613,154,154
c_12624,0.2778658534523479,0.3046366393566131,0.026770785904265237,0.3942650505298057,0.4319593383785207,0.03769428784871498,13.85514034977224,15.211282388156684,1.3561420383844442,613,613,154,154
c_12767,0.5226328974446229,0.5677131259882893,0.045080228543666334,0.6445162966860847,0.6928766232188074,0.04836032653272271,11.194594833926509,12.19048680597811,0.9958919720516022,614,614,154,154
c_12858,0.3102623125022321,0.3217490331994163,0.011486720697184205,0.4178256137016864,0.4310410809774472,0.013215467275760784,13.753997749104045,14.142612543109609,0.388614794005564,614,614,154,154
c_1286,0.3933469189181538,0.3958231000436678,0.0024761811255139543,0.5570774020285941,0.569444941654516,0.012367539625921853,18.86380194416001,19.607369080867123,0.7435671367071137,612,612,154,154
c_12971,0.965601286616744,0.9566755819651817,-0.008925704651562394,1.343063431910597,1.3982595369250543,0.055196105014457375,22.727513091244944,21.659544928193597,-1.0679681630513471,614,614,154,154
c_12974,0.5617758974284702,0.5393464567405838,-0.022429440687886437,0.7094902000407403,0.6872534593082413,-0.022236740732498927,20.721965521254067,20.73725872520935,0.01529320395528444,612,612,153,153
c_12993,5.087813574401984,4.2279125043639425,-0.8599010700380418,5.906397488126685,5.13293425555969,-0.7734632325669946,149.67601312526224,97.0435620091308,-52.63245111613145,613,613,154,154
c_12999,1.4379966922043337,2.2649921695391337,0.8269954773348,1.974744277423105,3.061562115651459,1.086817838228354,5.665187203643635,8.485934993291178,2.820747789647543,612,612,153,153
c_13020,0.9742188058469138,1.2273989333046809,0.2531801274577671,1.1856310022704477,1.4662955615670188,0.2806645592965711,5.3714327051342705,6.906794589318606,1.5353618841843355,613,613,154,154
c_13044,0.5339166952754063,0.5223692974282637,-0.011547397847142649,0.6789273891780856,0.6836051456891423,0.00467775651105673,37.22565481811777,34.999408460920094,-2.226246357197674,612,612,153,153
c_13083,0.7873580024877608,0.8799214780330656,0.09256347554530486,1.0541661998694418,1.1058010344066465,0.05163483453720463,10.347841672258502,12.134616458135994,1.7867747858774923,614,614,154,154
c_13166,1.2816950852422158,1.3979926857683396,0.11629760052612381,1.6070277600446568,1.8467131815294509,0.2396854214847941,10.107143495434707,9.75342235744118,-0.3537211379935279,614,614,154,154
c_13170,2.1748403333377255,3.0650235275427504,0.8901831942050249,2.7620471102946387,3.753403919753192,0.9913568094585532,11.201425506308995,15.224251678053072,4.022826171744077,614,614,154,154
c_13229,1.3682773426796315,1.4605825068458678,0.09230516416623624,2.5988738463196355,2.6912785466254263,0.09240470030579084,10.305493139743325,11.229915462427687,0.9244223226843626,614,614,154,154
c_13269,0.4228511237817396,0.4524501141574648,0.029598990375725165,0.5415910511069288,0.5557902704479835,0.014199219341054614,16.243639157552863,18.544947405252906,2.3013082477000424,614,614,154,154
c_13308,0.0034893799599411,0.0029262188230253,-0.0005631611369158003,0.0036901197358387,0.0036272054094715,-6.291432636719961e-05,34.89379959941172,29.262188230253138,-5.631611369158584,614,614,154,154
c_13389,7.303697650318969,6.201519349997952,-1.1021783003210173,8.25280660481358,7.80515396421974,-0.4476526405938399,71.52689312639038,28.939366852695542,-42.587526273694834,613,613,154,154
c_13403,0.3621327608287283,0.2702376822906512,-0.0918950785380771,0.4677154010833438,0.4367464920821859,-0.030968909001157896,16.805453404329064,11.612958041330849,-5.192495362998216,613,613,154,154
c_13441,0.8516851662629631,1.52947532998191,0.6777901637189468,1.168539401814063,1.9118281269370376,0.7432887251229747,6.532313337521618,12.154022462741889,5.621709125220271,610,610,153,153
c_13607,1.9487738511850403,2.06031530642951,0.11154145524446957,4.213097224270485,4.247249654519879,0.03415243024939407,26.004437193332347,28.651929595769403,2.647492402437056,614,614,154,154
c_13615,5.11771195099985,2.4091816470026965,-2.7085303039971538,5.679948497248,4.138860633632024,-1.5410878636159753,105.11289714273772,31.19928051565469,-73.91361662708303,614,614,154,154
c_13658,1.198094241714626,1.2121832619110744,0.01408902019644831,2.786390005592991,2.8073197347285244,0.02092972913553348,16.68487532056413,17.124147016641547,0.4392716960774159,613,613,154,154
c_13690,0.8677710262455225,1.3914658384190666,0.5236948121735441,1.8019900280088412,2.388430353803433,0.5864403257945916,24.175645900219138,44.5604599817844,20.38481408156526,614,614,154,154
c_1379,0.4154447102658969,0.4038797175836941,-0.01156499268220279,0.5314688705224896,0.5149457785428628,-0.01652309197962676,16.114780778487262,15.474394634364522,-0.6403861441227399,614,614,154,154
c_1387,0.366080610074976,0.4263681942390071,0.06028758416403113,0.5007372583671237,0.5983766753545228,0.09763941698739909,11.699186332451482,13.56638466033637,1.8671983278848874,613,613,154,154
c_13873,1.7445021238700509,1.8994915352927313,0.1549894114226804,3.587369695088656,3.7156164407767185,0.12824674568806227,23.808679694778668,27.052788331025507,3.244108636246839,612,612,153,153
c_14106,0.0095160960928243,0.0116870292310977,0.0021709331382733996,0.0571844252706054,0.0577216853050896,0.000537260034484198,18.976740244816085,40.174543990876074,21.19780374605999,608,608,153,153
c_14135,2.0393188248570997,4.029360111554464,1.9900412866973642,3.0833878855579204,4.814646607940406,1.7312587223824858,8.098684864700566,15.93267971931093,7.8339948546103635,614,614,154,154
c_14296,3.7667114656976137,4.331523454851574,0.5648119891539602,4.7713198231684055,5.3435951999833025,0.5722753768148969,32.9264587173493,38.873465466203236,5.947006748853937,614,614,154,154
c_14363,0.4956213173775666,0.4815883462627728,-0.01403297111479379,1.0296269413663652,0.988378433291068,-0.04124850807529723,13.7715629909292,14.45097486511778,0.6794118741885811,613,613,154,154
c_14388,0.6856642714785378,1.2869946711593203,0.6013303996807825,0.8125581756284331,1.547008234952769,0.7344500593243358,8.83917285696669,14.5484826479614,5.709309790994711,613,613,154,154
c_14396,2.308907351522688,2.011738377809525,-0.2971689737131631,2.7376817447293127,2.628258807733353,-0.10942293699595984,14.976838661910092,9.99046186194265,-4.9863767999674415,613,613,154,154
c_14413,0.5446677448275717,0.5208129042552577,-0.023854840572314018,0.713855997721813,0.7303298064354321,0.016473808713619142,19.040212251832457,17.29350713717704,-1.7467051146554162,614,614,154,154
c_14416,0.3211772898042424,0.3065713885757658,-0.014605901228476603,0.5370792362585728,0.5398534756884348,0.002774239429861991,12.801875671581213,11.849463276544627,-0.9524123950365855,614,614,154,154
c_14417,1.313010649346013,1.286211205853356,-0.02679944349265706,1.8679760037029212,1.6845319974934418,-0.18344400620947932,12.159934588317016,12.758495341007183,0.5985607526901671,614,614,154,154
c_14435,0.4496021835145554,0.5332736707632504,0.083671487248695,0.5415493071356067,0.6334780839276353,0.0919287767920286,10.713914599482766,12.015462056492115,1.3015474570093488,614,614,154,154
c_14471,1.9473653041301315,3.224648966959544,1.2772836628294126,2.5768139284735523,4.068054379394505,1.491240450920953,8.767216883142593,17.65724914393546,8.890032260792866,608,608,152,152
c_14820,2.60264111651728,4.982377286752065,2.3797361702347852,3.956012019700766,6.7958485575210705,2.8398365378203043,12.301270185201464,21.61732110120521,9.316050916003746,613,613,154,154
c_14855,0.6183490623074328,0.8483588481942812,0.2300097858868484,0.8051643511504825,1.1390265633161718,0.33386221216568934,9.346155406883968,12.070255713288464,2.7241003064044964,613,613,154,154
c_14886,1.2293075639475546,3.110876355568569,1.8815687916210144,1.5875821437746158,3.842830242770544,2.255248098995928,5.73833305500163,15.093487273297264,9.355154218295635,613,613,154,154
c_1494,0.2855411812130649,0.2890779612792863,0.0035367800662214344,0.4020178339478417,0.3970305783378014,-0.004987255610040264,20.6437349508632,21.092619604810523,0.4488846539473208,613,613,154,154
c_14964,2.703873173705539,2.7004290156894264,-0.0034441580161126417,3.3395106099746386,3.316048930869899,-0.02346167910473973,26.28998832716168,24.24586691129583,-2.044121415865849,612,612,154,154
c_15030,3.9941850577040015,4.535636155141725,0.5414510974377231,4.71397405761117,5.305533416120284,0.5915593585091132,20.060597199768836,23.04077688115917,2.980179681390336,613,613,154,154
c_15035,0.016180087653978,0.0130550952259606,-0.0031249924280173993,0.1011525634648175,0.1023658254369702,0.0012132619721526988,59.787879290754645,27.171022533245075,-32.61685675750957,609,609,153,153
c_15072,1.411504472927695,1.3989227443933487,-0.01258172853434636,2.651616030765826,2.532011107999811,-0.11960492276601498,14.527719930630925,15.430085065537783,0.9023651349068587,614,614,154,154
c_15179,2.3439769314522265,2.420780262461415,0.07680333100918846,2.7149355069641516,3.210692843508494,0.4957573365443424,28.5853637295311,20.768738765235643,-7.816624964295457,613,613,154,154
c_15235,1.1802258508078405,2.6022546192010245,1.422028768393184,1.5049706378051688,3.4311583313380445,1.9261876935328757,5.643796997409258,11.53672571106551,5.892928713656251,613,613,154,154
c_15282,0.3334504235754721,0.3291052861346139,-0.004345137440858238,0.4157216049093624,0.4116693614612179,-0.004052243448144477,26.64185406550481,26.412379254720044,-0.22947481078476528,613,613,154,154
c_15420,1.4721818242445934,1.5831693982084591,0.11098757396386572,1.7527792571972216,1.952650588524787,0.1998713313275653,49.53221208460341,49.65215349978872,0.1199414151853091,611,611,153,153
c_15446,0.1230533734111749,0.1069461258513102,-0.016107247559864687,0.4596008301765383,0.4734508439036867,0.013850013727148391,572.8035998405571,417.2045250015799,-155.59907483897723,614,614,154,154
c_15486,0.9715679718831606,1.0325703307986258,0.06100235891546524,1.2175349882028164,1.3438766363055918,0.12634164810277548,27.065236480455436,27.12393786798292,0.05870138752748488,614,614,154,154
c_15527,6.049891637914481,4.989657688140869,-1.060233949773612,7.231107561824119,6.512261015801389,-0.7188465460227302,14.625457235251972,12.393732613767302,-2.2317246214846698,600,600,150,150
c_15555,1.507903408552788,1.4775575903199971,-0.030345818232790922,1.7752129332127815,1.8414822329965568,0.06626929978377527,5935.5469571825915,6419.703937904135,484.15698072154373,610,610,153,153
c_15570,0.6273207398798786,0.7999445647001268,0.17262382482024818,0.793291608007338,1.0312181048058784,0.2379264967985404,10.632687339766951,12.704604431569514,2.071917091802563,614,614,154,154
c_15604,0.7278810956687553,0.7262138231760926,-0.0016672724926626303,1.875173111250514,1.8047311397415473,-0.07044197150896658,25.635346383978113,29.45049296935836,3.8151465853802478,614,614,154,154
c_15616,0.9473663474899222,1.920488445626365,0.9731220981364427,1.4418029128849672,2.5405598762961636,1.0987569634111964,11.489296631814618,29.32226076329769,17.832964131483074,614,614,154,154
c_15630,1.176833647601012,1.2518214900342244,0.07498784243321244,1.509164906341514,1.5603219314430812,0.051157025101567166,15.39603786406557,16.297427484493408,0.9013896204278371,613,613,154,154
c_15640,4.035472079409838,8.111424615979194,4.075952536569356,6.55698947809748,9.45783864256063,2.9008491644631498,72.15267884253753,223.8463726202804,151.69369377774285,614,614,154,154
c_15642,0.4199703240485711,0.5025872637828191,0.08261693973424805,0.5533452791902751,0.6214446621165866,0.06809938292631146,8.172594300235184,9.527459253509608,1.354864953274424,613,613,154,154
c_15647,1.3394742197533331,1.4713246986269952,0.13185047887366208,1.595373883503916,1.867357977707509,0.27198409420359315,25.761682043174904,24.856661081518165,-0.9050209616567386,614,614,154,154
c_15794,0.0198025054350426,0.0271763414099647,0.0073738359749221,0.0233077771791835,0.0337218774784218,0.0104141002992383,198.02505435042627,271.76341409964755,73.73835974922127,612,612,154,154
c_15856,0.5700643531441346,0.5534818467442636,-0.016582506399871022,0.7187403041045665,0.7232249006984116,0.004484596593845147,35.40395489342602,33.10225504406946,-2.3016998493565595,608,608,153,153
c_16008,11.473186098620042,11.823492195208866,0.35030609658882383,13.265731589267828,13.866651285903725,0.6009196966358967,40.33973984855392,40.723727972029835,0.38398812347591615,614,614,154,154
c_16048,3.161732461011121,4.6682579166359375,1.5065254556248164,4.154859404813412,5.767533347988279,1.6126739431748671,28.79292409058833,41.570242628371105,12.777318537782776,614,614,154,154
