container_id,left_variant,right_variant,delta_day1_mae,delta_day1_rmse,delta_day1_mape,delta_forecast_mae_scaled,delta_forecast_rmse_scaled,delta_forecast_pearson_r,delta_forecast_r2,delta_forecast_std_ratio,memory_score,memory_class,pct_capture_within_96,pct_capture_within_192,pct_capture_within_288,acf_lag_96,acf_lag_192,acf_lag_288,integrated_autocorr_time,decorrelation_lag_0p1
c_10032,g96,g288,-0.01794043431679415,-0.019175445447681683,-0.7076798393672057,-0.0026578422474825003,-0.0028408079613875953,-0.03860227194659702,0.161348009569374,-0.2109999876560975,0.4187429909036068,low,0.5812570090963932,0.6960769417456308,0.7264167518712555,0.3935638715987509,0.06298342475804536,-0.20373131346687,-2.2471685659989475,189.0
c_10034,g96,g288,-2.525441815080638,-2.6023400972777515,-26.22517218773192,-0.08280138115223439,-0.08532263391780401,-0.008141896138444404,2.207506054922649,-0.0908829352715601,0.6420311811492786,medium,0.3579688188507214,0.62477361920558,0.8041631061872595,0.782272177561452,0.6152337289209355,0.492697527475436,-1.3297652477701511,23.0
c_10089,g96,g288,0.300960041306637,0.37952837356192104,2.5963007752864637,0.021497138695195095,0.0271091621606339,-0.01707295310620538,-0.13344692148648674,-0.0003325472759956316,0.668953881296281,high,0.33104611870371903,0.5825199953776877,0.7592975127526042,0.7571083836146886,0.6293816785607969,0.5185678251074036,1.2638326421162498,20.0
c_10132,g96,g288,0.0030081628097428093,0.003668944357248183,0.1178051540510836,0.0007520388397904976,0.0009172336144941118,0.080386838170592,-0.010190218488798294,0.06977036151348881,0.6870086696536746,high,0.3129913303463254,0.4884036096472592,0.6384503781189467,0.028035949040675964,0.00990333125717322,-0.014278419234456703,0.23546818542018144,2.0
c_1016,g96,g288,0.06344332363870403,0.06205603048222785,2.712620866326464,0.004531665530706198,0.004432572948861804,-0.0747459262735588,-0.2867367710491593,0.22336931408215255,0.570662740400776,low,0.429337259599224,0.5590274352667287,0.7067653248229775,-0.0025757133665318334,-0.003389513399762716,-0.0023746307352277593,-0.07100984172862845,2.0
c_10306,g96,g288,-0.006858117878437098,-0.0030780886884680947,-33.08951792196672,-0.0019594621456539008,-0.0008794535545431914,0.02191317745595639,0.0164700756156113,-0.003119062298987507,0.6804237357906551,high,0.319576264209345,0.5105813435262612,0.6731750180697393,-0.015002154648968466,0.03730311267104036,-0.0064004532268021755,0.3056581794291837,3.0
c_10312,g96,g288,-0.07144009371081161,-0.08106911080380619,-6.227167581374694,-0.0020411456519800995,-0.002316260469554101,0.2012598715844686,0.8648462655810156,-0.07926547309544985,0.723009514807632,high,0.276990485192368,0.9035618474105709,0.9304094182393928,-0.010738039172311586,-0.01488751778414902,0.0049727775361123215,-0.025902742797068834,3.0
c_10382,g96,g288,0.04738975978559912,0.06750024072697647,0.4458343422109543,0.005923718809046699,0.008437529939023608,-0.053372816460601435,-0.1381290789702196,0.16723603494384642,0.6624415139730748,medium,0.3375584860269252,0.5616811986356686,0.7402517283252898,0.45048514720706795,0.3940397660228723,0.32574517516551005,1.7613187052646406,19.0
c_10393,g96,g288,0.14334068336972483,0.10934306980928232,0.2213016371372607,0.006825745733195401,0.0052068112918459,-0.015037871372534206,-0.02096174259153316,0.008396441212628059,0.6604699248317261,medium,0.33953007516827394,0.5787270278365219,0.7558479553097353,0.6917042085476645,0.6323933608796661,0.5071846725688555,-0.43985838087450624,20.0
c_10641,g96,g288,0.15483723829189922,0.238124327449319,2.7143946993767525,0.007373201198846296,0.011339253276041898,-0.5460841138167649,-0.7119543802626198,-0.05580272382731272,0.578636003016862,low,0.42136399698313803,0.6383811096877076,0.7269432110077901,0.19779702427695078,0.12371582523552517,0.13390858439712272,1.9816522450194949,14.0
c_10695,g96,g288,0.007503146926561954,0.016971583448503247,0.1910062394574652,0.0015006364323199017,0.0033943234082666196,-0.1388842408363454,-0.0417047243345956,-0.026074561516320788,0.5372783442778564,low,0.46272165572214363,0.6023899785048029,0.7007117504313508,0.07861960057607228,-0.0049648911692312435,-0.032212028189982624,-0.8168423666429747,8.0
c_10733,g96,g288,0.3612766265869145,0.33604091733084474,0.907875031782563,0.02257978885124129,0.0210025596405799,0.10862730879643678,-0.3968505527141004,-0.026473233397217688,0.3563393785479303,low,0.6436606214520697,0.7360420545618493,0.8391462830868149,0.2062273079377954,0.04728205796411513,0.017136147320133573,7.023339047237052,114.0
c_10878,g96,g288,0.012266794012652404,0.02059129950953531,0.2770727178262504,0.002453352190140201,0.00411825298852421,-0.1562569278414635,-0.0690447991171768,0.002972842237779799,0.6273986713053602,medium,0.3726013286946398,0.5014180638516267,0.6101116597513744,0.07105656863970719,0.033414240286045956,0.030314402000899996,0.9216891175053801,3.0
c_10898,g96,g288,0.014403449164496651,0.02097911306152478,0.429849416869704,0.003200765946351103,0.004662023491817019,-0.169246857896514,-0.058922418152378704,0.0547092120637538,0.6542125255367781,medium,0.34578747446322194,0.5513450696448582,0.6581551796219219,-0.04569290202896466,0.018625652825130984,0.03153838559238186,-0.029708025255043236,2.0
c_11013,g96,g288,0.564126779635747,1.0079070639437173,2.1606051594431186,0.0125361423525545,0.0223979271897589,-0.03196172211256254,-0.11036405749787725,0.013097369452464758,0.6569815217767903,medium,0.3430184782232098,0.5948292801489847,0.7599705098218859,0.7908448910230012,0.6279564464323277,0.5091046997951689,-1.5085251308512007,20.0
c_11087,g96,g288,0.14853888957036876,0.28542826042499314,5.757282847637242,0.001597192585874499,0.003069120702135192,-0.1854243926716922,-0.048845936789445196,-0.041884190736154986,0.6129626112232041,low,0.387037388776796,0.5587462725658555,0.6792414172858067,-0.006148106254746692,0.028203393284374084,0.007849966112594307,0.08342069449152811,3.0
c_11203,g96,g288,1.4434785031610065,1.480172467761161,7.912605614275533,0.05155280435093801,0.0528633038895511,-0.022315806619650047,-0.2296893807916226,0.017501884038392035,0.659289332810827,medium,0.340710667189173,0.5723960941375311,0.7374757089496041,0.7719108452910047,0.6454974184026362,0.5342048293781744,1.6613903325091863,20.0
c_11307,g96,g288,0.08601499597231532,0.13055331889320865,0.4577397096226754,0.005059706951108023,0.007679609795658848,-0.018454659317752087,-0.04944145486635369,-0.047119607096048316,0.586029638420883,low,0.413970361579117,0.6413111262436293,0.7457170210897248,0.33816632510087674,0.2359246655733014,0.16646082687133268,2.0243636222836145,11.0
c_11327,g96,g288,0.11315999664957566,0.10810804485898207,1.190517931387376,0.012573327920711697,0.012011996704124409,-0.016297300799816283,-0.09063231175756536,0.1296305882032468,0.6527402132424363,medium,0.3472597867575637,0.5910141839796144,0.7467555631424531,0.5916957345486485,0.49080131188606524,0.393353088584607,-0.7512843611011943,18.0
c_11461,g96,g288,0.20216599520709755,0.19459950409883664,0.38103999946644507,0.004738263300775203,0.004560923613654608,-0.006887902715709937,-0.03670923618877597,0.07375503754716517,0.6607607057426312,medium,0.3392392942573688,0.5891319488689107,0.7550882410154303,0.7396490667478883,0.6152491162990125,0.4921829884372654,1.1253126225129675,21.0
c_11735,g96,g288,0.39412897328535745,0.21014921944391052,4.3428918184942695,0.011154595042034199,0.005947619823581413,-0.0559118264637786,-0.14612522643848075,0.00914071241157649,0.6213677763020344,medium,0.37863222369796556,0.5764714733623948,0.750987678759426,0.2510608953871956,0.22300796780488102,0.2215798201295393,2.946575387994308,20.0
c_11752,g96,g288,-0.01675889309909606,-0.0029128899068491254,-2.1809115523422022,-0.0033517801409795045,-0.0005825783086340908,0.035713809197503,0.0093618275360998,0.011229673325161005,0.5914945210404681,low,0.4085054789595319,0.6199852458701701,0.7349823775442139,0.04317439924943554,-0.029864835414136075,-0.003633938515377651,0.01612447592989774,3.0
c_1181,g96,g288,0.38038193268908493,0.9202036882748708,-5.772254375560447,0.0052107148728463976,0.012605531900426792,-0.06120743806380524,-0.12390534502080541,0.10321709754364705,0.6671698500980614,high,0.3328301499019386,0.5891649727583642,0.7722929808000641,0.5343360325474441,0.4861083551518447,0.40223584994862943,1.1657404673589267,17.0
c_1186,g96,g288,0.6031102431869058,0.8489471299855436,0.3317379983589639,0.026686297192216005,0.03756403672159511,-0.004909166901011175,-0.07455362087271933,0.009324048896929171,0.6666794710427202,high,0.3333205289572798,0.5773206216075943,0.7467639536306616,0.8506590145463534,0.7100561296622327,0.5792132895555853,0.7791638270856787,21.0
c_11996,g96,g288,0.19157083945141862,0.3823541649742199,-0.22504143595187998,0.009122421809536208,0.0182073405597883,-0.04340802607954275,-0.1515220249437147,0.09914066004851607,0.6565293097281848,medium,0.34347069027181526,0.5883760796271679,0.747170684024102,0.6512223150241994,0.5401746799468204,0.4289346605012559,-0.29853024240037573,20.0
c_12060,g96,g288,-0.0050438172960032834,-0.00824489363162939,-6.9846948899879635,-0.0050438172960032834,-0.00824489363162939,0.1600107868503704,0.07086018981511111,-0.03898203403833858,0.5203404052534555,low,0.4796595947465445,0.6668396190457058,0.7351414532781948,0.08204975594453058,0.01204729239353032,-0.031280028983818764,0.021505090942510297,7.0
c_12158,g96,g288,0.7319108049074812,1.0300667785711441,1.9240420641849934,0.017743296894207297,0.024971317469607,-0.01285024770219767,-0.07281094623202222,0.06301975106508695,0.667133023194471,high,0.332866976805529,0.5806563149742717,0.755045227896343,0.844011920209477,0.7171446335947629,0.594653012210085,0.8900662895642331,19.0
c_12164,g96,g288,0.08564122683472108,0.08858809340724605,1.1673080922066177,0.006587783634885498,0.006814466136958505,-0.1706252488284629,-0.1946579339876363,0.08864864948081241,0.661531179589951,medium,0.33846882041004894,0.5230616083964976,0.6526887957120682,0.06234868962744362,0.016285134337273927,-0.015086097621182196,-0.6259755069788207,3.0
c_12174,g96,g288,0.07508340146806503,0.10187206138498817,0.7388577876234237,0.015016686812870994,0.020374415675666502,-0.05398120276338225,-0.2452488294721068,-0.31181552677606095,0.6435146463748457,medium,0.3564853536251543,0.5853667478032595,0.7344955572834098,0.4647936199309751,0.3544410903621328,0.27654540717065557,4.238230034863417,21.0
c_12189,g96,g288,0.06637296411726218,0.061870291810302125,2.024218208468076,0.0048565578124507985,0.004527093820808702,0.0624365258051545,-0.338128846273654,0.25970541801088576,0.5870662855372819,low,0.41293371446271815,0.6500691719916171,0.818118088690037,0.02773929774346233,0.049137763987171255,0.024711853990345617,0.0038672839585489616,2.0
c_12193,g96,g288,-0.029827696581681495,-0.021829987527823225,-1.5584866951191554,-0.008948313755293591,-0.006549002901632295,0.2004541168976866,0.10843620692608069,-0.052722771913154415,0.6404461962250644,medium,0.3595538037749356,0.4996026971709142,0.6364023710529588,-0.029034144963221445,-0.044504683770439715,0.0071222945999775975,-0.03828074519380276,2.0
c_12231,g96,g288,-0.38158582109543815,-0.2892703827869276,-4.043628560370294,-0.01683466813604667,-0.012761929492348889,0.04209122618724148,0.12047161690651187,-0.01747650828732991,0.46399634131071776,low,0.5360036586892822,0.7219811665474589,0.7483336018491304,0.69328325469473,0.2913932442651181,-0.08489733599565137,10.68639572970909,141.0
c_12237,g96,g288,0.2668758365843047,0.18451971744774376,0.34307638233596904,0.004765644953179604,0.0032950011000292267,0.01565585371385636,-0.013321960456528503,-0.0124876524231744,0.5896934275822132,low,0.41030657241778684,0.6259874596341692,0.7794455650632115,0.5023757298250656,0.22073925048738255,0.317418721488181,3.0446533575372765,27.0
c_12441,g96,g288,0.451882102423244,0.3880331415227505,3.1821799458788718,0.0071162528126995014,0.006110757295891403,-0.07219616107223992,-0.14302547560231169,0.030946352109134212,0.6594733552631512,medium,0.3405266447368488,0.5737225900672913,0.7599517538379458,0.5035796605563617,0.41905147264543813,0.3535242810986448,1.0599552455216164,18.0
c_12517,g96,g288,0.3717549112108023,0.4751381443585312,1.6282239651023929,0.020094874427533604,0.025683161489460107,-0.011546566957371884,-0.07668984528663902,0.07120672471827161,0.667489808622507,high,0.33251019137749305,0.5801970560979623,0.7562093121263018,0.7977234251297677,0.6650012548824044,0.5412025657734103,7.332320206667993,20.0
c_12624,g96,g288,-0.0013086497783660889,0.008834907393433622,-0.08577302081400084,-0.00028042519642480085,0.0018931953624434922,0.017843647416019695,-0.0476434351188378,0.0865898240561786,0.6721045469714862,high,0.32789545302851375,0.47816356255466685,0.6597655645195595,0.01336728407516561,0.038466926677033664,-0.03328280051158795,0.07890133179274905,2.0
c_12767,g96,g288,0.023618780904346104,0.021299808312247537,0.334336903916979,0.004723754007783201,0.004259957262629316,-0.1312464258336635,-0.0701513551759351,0.003645845105016976,0.6284337507199236,medium,0.3715662492800765,0.5443177644781731,0.6718784870335336,0.03623947189578453,0.033105642821723145,-0.015765935748788793,-1.2812510519181957,2.0
c_12858,g96,g288,0.007771527187691862,0.04181603537501177,-0.17740676182216042,0.0010362055135407985,0.005575472793862599,-0.2397679308727021,-0.2116806249473328,0.2469733468985715,0.684994958378681,high,0.315005041621319,0.5309929194382875,0.6418998619218996,0.024373929681702884,-0.02857840130122767,-0.04552088665999145,0.20244071201069347,2.0
c_1286,g96,g288,-0.004678340007861492,-0.005377973061257091,-0.13337070418497632,-0.001169580500572906,-0.0013444878546473027,-0.0013117178691657017,0.0190319305037222,-0.05774098990049409,0.5751537810714236,low,0.4248462189285764,0.6295579885292987,0.7057441314724755,0.0027694796495663734,0.03570986462006825,-0.04412784180852198,0.4628445464309072,4.0
c_12971,g96,g288,0.007115565240383037,0.0014932987692870547,0.029375114269370783,0.0007490072472902953,0.00015719076573109114,0.04995606438191161,-0.0021955579178888004,0.010526243576541791,0.6923582566183849,high,0.3076417433816151,0.5530840134581578,0.7115285322255401,0.06690721909912693,0.04334181300453932,0.047692635845088524,0.361434655014909,2.0
c_12974,g96,g288,-0.005401009652349575,-0.0047740502905492255,-0.36722565563155385,-0.0010802052677091056,-0.0009548135747423081,0.0244838668327164,0.0142950469523226,-0.02945104718754689,0.6381271779957061,medium,0.36187282200429394,0.5538534707926356,0.7596649882717392,0.12411628982808352,0.07738515322066862,-0.013460660915357891,-0.8511072058735127,4.0
c_12993,g96,g288,-0.06384960975911813,-0.0884012222948023,-2.570259780595194,-0.0009674185131260116,-0.0013394126538402995,0.1138495047116162,0.0358475961438807,0.01306531504397998,0.5799361509060599,low,0.42006384909394007,0.5507216680041265,0.6748345097966992,0.013091897243717735,-0.05903415840465408,0.02752182827698571,-0.5765995775705512,4.0
c_12999,g96,g288,1.2166963749461703,1.2930565125800104,5.259105914711821,0.04345343701471201,0.046180590770879104,-0.028264758854126715,-0.17131037347214606,0.027005923054265746,0.6669682236204032,high,0.3330317763795968,0.5771751073221316,0.7447764874789167,0.7975150721863922,0.6721919048952022,0.5451645492614117,0.529408136311508,20.0
c_13020,g96,g288,0.3925917314158547,0.4717647124982436,2.104395682945718,0.0301993677340862,0.03628958719481601,-0.020292153343520525,-0.18228320008084697,-0.030690944397970377,0.6633913009976814,high,0.3366086990023186,0.5803238632144946,0.7467029957206482,0.7486154215028302,0.603126368690107,0.48452874140054547,2.37040137702831,20.0
c_13044,g96,g288,-0.0016093448632292784,-0.003828719293973437,-0.01610565857468771,-0.00040233706951969817,-0.0009571806839943908,0.08838051284298849,0.011618768910238102,0.039223010144063306,0.6890190589314947,high,0.31098094106850527,0.48566143721722155,0.6126990655966436,0.014467685181579348,0.021292196563264705,0.01899350193980301,0.10254966218657824,2.0
c_13083,g96,g288,0.048096269369125366,0.11348003784171845,0.18302032675114255,0.005344028248348204,0.012608893608567012,-0.06465026715283695,-0.12328016900589311,-0.10557293006511559,0.6522769226629207,medium,0.3477230773370793,0.5889991163410842,0.7294219573554276,0.4914486552838168,0.42127407255038396,0.3029275960776579,1.960345350599427,24.0
c_13166,g96,g288,0.2831979233909532,0.42138771689802224,1.4788872387913532,0.013485616882478596,0.0200660804999718,-0.02075186798979267,-0.11506173435730238,-0.026301194100867398,0.655036515698306,medium,0.34496348430169405,0.5889304587874296,0.7498749793991213,0.7164028761266698,0.5554156262923415,0.45148757894493224,0.6167178934064204,21.0
c_13170,g96,g288,0.4403049366341696,0.8161549418476564,1.8749825128907283,0.01420339131598461,0.02632758395169381,-0.04087171256155531,-0.1184523037775741,-0.0069888509158332335,0.6617961408582937,medium,0.33820385914170625,0.5838397358681681,0.7532981875331327,0.7679247457712205,0.6314343064921246,0.5174278732556711,-2.3845164999442527,21.0
c_13229,g96,g288,0.13014683855904474,0.12699180366611307,0.9801386421932019,0.0153113869828434,0.0149401980521911,-0.0398131023967315,-0.12062192781618514,-0.06230891943958239,0.6721847569877721,high,0.3278152430122278,0.5861193128761336,0.7777030394603941,0.38904692839722416,0.37632526348522916,0.28844913545772516,1.4978349046832786,20.0
c_13269,g96,g288,-0.02465020202928131,-0.021539556458917697,-1.3088169705719324,-0.008216728085513991,-0.007179847634926795,0.07528655804738979,0.0842794738364545,0.06696851216882271,0.6233614565147629,medium,0.376638543485237,0.5852120714121937,0.6897321236971157,0.05714699996038601,0.08174377932324783,0.03869168698451679,-0.09585129059887887,6.0
c_13308,g96,g288,-0.00036982145441780004,-0.0005972680404174998,-3.698214544177361,-0.001479285817670999,-0.0023890721616699005,,,,0.6856562488544657,high,0.3143437511455343,0.6809311720138806,0.7085338124869158,-0.0014667535853976523,-0.000325945241199486,-0.0004889178617992097,-0.01548239895697523,1.0
c_13389,g96,g288,3.033906211214208,3.4438247868435568,11.131056273230694,0.05653241428667451,0.0641706486331538,-0.02031657144569532,-0.2357212747876194,-0.06730059825581003,0.626479219635441,medium,0.3735207803645591,0.5939420267029087,0.7147491666595579,0.7343063437289656,0.4896965125179326,0.34465507116715494,0.493834562606827,25.0
c_13403,g96,g288,-0.02123535747329386,0.018906916734591883,-1.413528988413594,-0.0030336227844512953,0.0027009854729114907,-0.0450477534200713,-0.09113375930606099,0.20007646894173028,0.6792588522914784,high,0.3207411477085215,0.5285814823572594,0.7048929658875703,-0.004601365181316718,-0.04334797444511362,-0.04402507153224347,0.044848135454715554,2.0
c_13441,g96,g288,0.31122521261374203,0.47593779122277713,2.26728963432039,0.015561256649283095,0.023796886008574006,-0.0007789191714928645,-0.08793712987766811,-0.015671678606159256,0.6631571155224341,high,0.3368428844775659,0.576701820773651,0.7424654749022233,0.7818817486971881,0.6534274558357481,0.5268853767027025,0.896769632091921,22.0
c_13607,g96,g288,0.08106454848139366,0.04447247791211506,1.6392310890974926,0.005790324314995099,0.003176604931954541,-0.11724570488827481,-0.027213412861798236,-0.011825496310114897,0.2590336203168304,low,0.7409663796831696,0.7681386807940906,0.8442399931473692,-0.0018455876428079153,0.03343634099906979,-0.011576426799038008,0.3907112012660807,11.0
c_13615,g96,g288,-0.03748094124926471,0.16187108755810575,-0.7456907090486453,-0.0004462009419320019,0.001927037804038502,-0.0908092117105746,-0.07234793159211009,-0.0659750805367102,0.44933476470037614,low,0.5506652352996239,0.6798267744063252,0.7296099667661192,0.08535962216934637,0.023263987391757054,0.008273079647053212,-0.1395989918612468,14.0
c_13658,g96,g288,0.0014389049675727072,0.03477435903161652,-0.5996607111024055,0.00023981226884101092,0.005795726591725003,0.016702779134549102,-0.028659891250570488,0.008391833282036715,0.6079615786499901,low,0.3920384213500099,0.6205714000543222,0.768018553116022,0.16464661784794699,0.1248276361542335,0.098736892120574,0.5108917210109749,12.0
c_13690,g96,g288,0.09395401544041104,0.113269039674464,3.268053524707568,0.0026098340101552014,0.003146362833946703,-0.08473595410063905,-0.07200399535929511,-0.041521629690852324,0.6588231386246868,medium,0.3411768613753133,0.5560557140437806,0.7079216778007495,0.3869256129011974,0.26397788724128834,0.2254934468052508,-0.26333982024272484,12.0
c_1379,g96,g288,0.015812272117251502,0.013298746223214142,0.6137684208385785,0.002635375348969307,0.0022164559120236987,-0.1304500770669608,-0.055934315077634605,0.009529045978886624,0.6944435926257013,high,0.3055564073742987,0.476436528633276,0.7216610023602401,0.03722569611870751,0.05959061153234738,0.043318076987811927,0.07600574441517172,3.0
c_1387,g96,g288,0.10597280371520251,0.17769862641001444,2.7571912275769854,0.0044155324792007,0.007404108461712501,-0.296389023156828,-0.6813740149535692,0.007119227505490433,0.6301034049614822,medium,0.3698965950385178,0.6067915822524406,0.785694190836628,0.11867084994572784,0.10646911326088383,0.07872621584382383,0.0657020524709836,8.0
c_13873,g96,g288,0.07018174976110436,0.023269603743398815,1.616535953625327,0.010025966712938872,0.0033242284293131252,0.0643409751976623,-0.017308401169384313,0.0059666305457265895,0.19034243948917073,low,0.8096575605108293,0.8270537929025777,0.8500138782852392,0.02277343249066334,-0.0203019782237826,-0.01133838416128812,0.5546602613662195,18.0
c_14106,g96,g288,-0.0006031772077600989,-0.0009162065470252959,-4.866341404658662,-0.0018095315414636964,-0.0027486196713913114,0.1586229613284601,0.0329573279880515,-0.012084487842980995,0.6916565925461646,high,0.3083434074538353,0.3092391840827332,0.30970170288905724,-0.0015852139732026004,-0.0009218765324123244,-0.0013828147986184992,0.11079951310554526,2.0
c_14135,g96,g288,0.7005294925636716,0.778488290505015,3.2145272503161646,0.025945537065950097,0.02883289727117261,-0.015281069524471835,-0.16601547924194127,0.07630690491976755,0.6682561054971647,high,0.33174389450283526,0.585235425449752,0.7647875728339331,0.8108192177782996,0.678927147789772,0.5556879672922822,1.1752942151136114,18.0
c_14296,g96,g288,0.1944554415014057,0.29795810214587615,1.2769545421444093,0.007479055866233014,0.011459925717769492,-0.4435675683927118,-0.25919383511284777,0.019097316015293103,0.21375054550316142,low,0.7862494544968386,0.8411655787986104,0.8746157551737194,0.22494815513689137,0.060535921045486545,0.037735600183650755,2.43436851665237,32.0
c_14363,g96,g288,0.029882830050256437,0.02347563129633634,0.5064770637368294,0.0070312545038273,0.005523679685277505,-0.04218617591857993,-0.0427583168997058,0.0501217504586674,0.6570315861496501,medium,0.3429684138503499,0.5873924124073274,0.7389497283611732,0.2799186639324823,0.21888978739353424,0.20270070139071508,0.26972239020800126,16.0
c_14388,g96,g288,0.22612138644412716,0.27889418175887504,2.581558612465784,0.006852160310492898,0.0084513366242134,-0.08265393242460473,-0.1704864266051106,0.02875106966064611,0.648704457510707,medium,0.3512955424892929,0.5810718973094094,0.7300602021028985,0.5279423847867553,0.42520293230646333,0.32828323668753223,1.082640413176719,21.0
c_14396,g96,g288,0.8636634631289377,1.1044675660350975,4.082145406789245,0.04112682563715331,0.052593686402039624,-0.028239080633384428,-0.22137448478447086,-0.0169120123971247,0.6329473115709353,medium,0.3670526884290647,0.5896624736303071,0.7173220868466338,0.7305600733076151,0.5087236163747123,0.35913026091326106,-0.12089540479244398,23.0
c_14413,g96,g288,0.015590661929713368,0.027718909194618724,0.20565368055815014,0.0038976636197831926,0.006929731140948608,-0.04257603903544788,-0.0804138287567906,-0.03316372616706331,0.4938920790752336,low,0.5061079209247664,0.6779061240424744,0.7235742321176484,0.10913628941009387,0.09525902510698886,0.03266986495786472,2.4013458040005844,12.0
c_14416,g96,g288,0.00038808236519499717,0.0025108735533061477,-0.015036078623552385,0.00019404785707599626,0.001255441076647379,-0.03139531384456169,-0.009469503365346504,0.011323363541513802,0.5205207759693221,low,0.4794792240306779,0.6067846150593694,0.7140811302881144,-0.06939095733668292,0.03609965385493671,0.0005608378815386072,1.8716461766096852,4.0
c_14417,g96,g288,0.05142497022946668,0.09165342475669735,0.13676905357194613,0.0017732723573243986,0.003160460982071199,-0.08889464760295751,-0.07492091695451664,0.09337247496010026,0.4373475405084336,low,0.5626524594915664,0.6842490287368568,0.764195241610309,0.23559456039511886,0.15911311022932265,0.10821241298863099,0.1006045187885718,25.0
c_14435,g96,g288,0.0834133352630983,0.14094868234656066,1.7436710740773105,0.0026621271820194,0.004498361439171698,-0.2817318799548019,-0.608180849299738,0.03803193825229079,0.7277662893374168,high,0.2722337106625831,0.335960754725106,0.8632637326803999,0.015192655035152984,0.02128810986908796,-0.0052496054924758406,0.14193837701243772,2.0
c_14471,g96,g288,0.38273092442088696,0.8503124011374306,-1.119902121776077,0.006958743306129701,0.015460223670695397,-0.09031027399806946,-0.16208349136614197,0.23352068418319694,0.6596356016821201,medium,0.34036439831787996,0.5820673792710334,0.749453751374166,0.718609958690799,0.5726157803012544,0.44426903932795814,-2.4539358311826094,20.0
c_14820,g96,g288,0.703750587171978,0.6885359327112006,2.4772632027576265,0.018279231941541893,0.01788404571160851,-0.05199316822839117,-0.09955804207539987,0.015031177749364355,0.671581705404219,high,0.32841829459578104,0.5780332652548723,0.7578422545198968,0.8441603049020246,0.7307175986632093,0.6062436840202379,0.18574500758204326,21.0
c_14855,g96,g288,0.11377571937110698,0.10913062222278014,1.6100883482448012,0.007110982499499298,0.006820663593985102,-0.013068938188332546,-0.06915450012949498,0.12943166343218104,0.6482985431252968,medium,0.35170145687470317,0.5800219259563237,0.7250033717729061,0.6359068316744607,0.4852201701683498,0.3629289512364347,-0.16390430290002822,23.0
c_14886,g96,g288,0.20510466198126442,0.5981114787905888,-1.576559670611374,0.005697359064490398,0.016614212055556105,0.004059764510646824,-0.03550186101596564,0.04655928757459471,0.6675959059076304,high,0.33240409409236954,0.5758663577610904,0.7452573930453471,0.8429563811194674,0.7129243539020512,0.5868559257061973,0.668285347493395,20.0
c_1494,g96,g288,-0.008779879411061509,-0.00216946928550249,-0.9707644774957913,-0.0017559772675546995,-0.00043389619938269397,0.0601801072792896,0.011655563724951794,0.006620343212823204,0.7405356141808522,high,0.25946438581914777,0.5001327599213345,0.7193662948036145,-0.02425320897842901,-0.03015815696030589,-0.034055783895462204,0.3783134521531284,2.0
c_14964,g96,g288,-0.02746853232383728,-0.017286063295359533,-0.6638287612326152,-0.0015696284316835118,-0.0009877774227229907,0.09319160841682539,0.008939032394636698,-0.010399596476317094,0.4845890934306115,low,0.5154109065693885,0.6605954803838937,0.6999823047187299,0.14243221059223135,0.04965219289536808,0.05614180635686193,-0.4630683429388105,19.0
c_15030,g96,g288,0.911966181463665,0.8591133529811419,4.695939137962636,0.038807067068829804,0.03655801110876092,-0.018489238732465663,-0.4742362025904155,0.0070728507010413555,0.6552052336818817,medium,0.3447947663181183,0.5815234156404805,0.741819569101538,0.7081507210328533,0.5339051757301854,0.41441867188373666,3.7054239367682165,22.0
c_15035,g96,g288,-5.3912826842800535e-05,-0.00022892339725148758,-0.3125910516246222,-0.0002156513073715005,-0.0009156935890060058,0.0498437322201503,0.0045282185524212005,-0.0017737044329386997,0.01191158148246585,low,0.9880884185175342,0.9895147050220342,0.990262620184253,0.23149924520105633,-0.0005812034423695401,-0.0008718051635543119,-0.01418169422304505,1.0
c_15072,g96,g288,0.1357376542356281,0.13285550755774844,0.6934681579053326,0.0099320254076605,0.00972113745508868,0.0028848934659675973,-0.09970242749448101,-0.0051318439771209645,0.6755147736187717,high,0.3244852263812284,0.5762294693063905,0.7508361021060758,0.48234888759014566,0.4299043558246798,0.3416499062937962,1.1799177464072015,19.0
c_15179,g96,g288,0.43648484452731084,0.5665430173646677,4.281149579767156,0.017937735349022793,0.0232825911356921,-0.007015792931518217,-0.12588629992405387,0.016746347057621236,0.6493440974214886,medium,0.3506559025785115,0.5831182985673464,0.7257034558094793,0.7239624340478081,0.5672887638724629,0.41995951147531557,1.302699237239862,19.0
c_15235,g96,g288,0.2971134781837468,0.6236035879600887,-0.2651261392552655,0.007618296109378697,0.015989838446643104,-0.06397693433888929,-0.1368314475320621,0.19189198409069164,0.6670432389847243,high,0.3329567610152757,0.572627650362632,0.7512161940280839,0.7556157635358682,0.6476795826314385,0.5484324008067462,0.5564111768934765,18.0
c_15282,g96,g288,0.004497966004742504,-0.004131818198886528,0.610420283265217,0.0022489825367099925,-0.0020659086575288144,0.02003012045855751,0.0202628484574637,-0.06848590864954182,0.6636186094754055,high,0.33638139052459454,0.49570530990023026,0.6603758835114248,0.019953525649908415,0.044142548282647444,0.006636333562926611,0.12126345996929466,2.0
c_15420,g96,g288,-0.007368121710088715,0.0434597371100649,1.4609551834848205,-0.0009824164349722941,0.005794631331880684,-0.1722150535359359,-0.0555030291051018,-0.09296384519039258,0.6693222356269416,high,0.3306777643730584,0.5538995436858898,0.7025894317777781,0.11256708501263833,0.03618006042840913,0.03916824710238865,0.12298913322815408,4.0
c_15446,g96,g288,0.006431195661813591,0.006957823520666873,53.63480251204851,0.0012862390770654007,0.0013915646896238976,-0.0808543824584064,-0.0302634066655312,0.016985946531463098,0.8084739988658841,high,0.19152600113411591,0.5613124395803253,0.6579701184720104,0.35513894004715,0.578135259756949,0.25399538012257433,0.1911934986418451,1.0
c_15486,g96,g288,0.024751203755537743,0.01715656128958498,0.39293363976413787,0.0049502401923140205,0.00343131162193433,0.0312410315692076,-0.026083680326112604,-0.051962634092468984,0.5294265064960824,low,0.4705734935039176,0.6307250276463874,0.6961194265659222,0.13947729221040087,0.05595287377424828,0.013180158485410546,0.18016451211132178,12.0
c_15527,g96,g288,0.28510263363520316,0.3038995029901006,0.6398283976372614,0.006131239546509695,0.0065354723671960935,0.02349457576994768,-0.1176768805072764,0.058172932826703716,0.46917973786243283,low,0.5308202621375672,0.5628322941672377,0.7300208644032757,0.1618407303331064,-0.011240208178041444,-0.13966743480944457,-1.7634026291856362,103.0
c_15555,g96,g288,0.10045390576124169,0.021378258604938694,-169.49290347881742,0.0200907793516914,0.004275650891933602,-0.130555133676813,-0.025638963995956207,-0.0548006066235277,0.47935192611759747,low,0.5206480738824025,0.762102158015621,0.9170473025183568,0.21098373724678054,0.005934671798960912,-0.07286456050870639,-0.11362957079007652,2.0
c_15570,g96,g288,0.18687389294306422,0.18938818441358196,3.1644312104838956,0.007474956197353697,0.007575526004690199,-0.2634324640863142,-0.3838548363439501,0.04873263117574156,0.489644121869392,low,0.510355878130608,0.6795627132174193,0.7317175288248863,0.11322602335757156,0.08989364467795316,0.024883884231993673,1.104161061915935,4.0
c_15604,g96,g288,-0.010337978187534569,0.009171869083670181,-1.5545900692611383,-0.00344599336299492,0.0030572896817194772,-0.009077815458759214,-0.010652700565280795,0.0125326486509795,0.514079738966901,low,0.485920261033099,0.5909215475858491,0.6875408704270325,0.047007940582163864,0.07079394453615315,-0.0014037610007963982,0.0980027596020352,12.0
c_15616,g96,g288,0.1532149277627468,0.4266356901258739,-3.1848522522494527,0.007295949394733298,0.020315985148234503,-0.07916806213209981,-0.23104007575171712,0.19183884887701963,0.6679262188999016,high,0.33207378110009844,0.5694559016315647,0.73768856878198,0.7676730434029914,0.6232031645557784,0.5208327544892835,2.48042767012166,20.0
c_15630,g96,g288,-0.17411195238431265,-0.16331015231340174,-2.1568065147850533,-0.015828360139034797,-0.01484637713423781,0.11449147366782292,0.2541128400339272,0.08088263440492471,0.5041110766741994,low,0.49588892332580065,0.6343638467567112,0.738528151037363,0.3059858456819396,0.2224148029282935,0.1821572632329409,2.2786876826979636,29.0
c_15640,g96,g288,-0.9504306356880878,-0.9151338780508347,-32.649138767995964,-0.019396542471012204,-0.018676200319698494,0.023574440740000202,0.30663524689740507,0.04190065946987198,0.3109247117476258,low,0.6890752882523742,0.7348229285726678,0.7595548504820263,0.09830102937987353,0.13652205897570413,-0.04502972499635786,7.602893285179235,83.0
c_15642,g96,g288,0.030284515685505276,0.02615682706610578,0.5110055861463323,0.004326364261999907,0.0037366954255997897,-0.03558199121383515,-0.0932025252375724,-0.0021518075668066627,0.6526668287438138,medium,0.3473331712561863,0.47022335580736263,0.6428554741960989,0.026511674498209424,0.03212706882396749,0.042275477540126324,1.532791158075602,4.0
c_15647,g96,g288,0.050346822374396805,0.04034389661229487,0.24786379931329705,0.003051321151170905,0.0024450846736955023,0.0232852425250214,-0.020181064758633904,0.09348348031327469,0.6395445131128608,medium,0.3604554868871392,0.5924274288073068,0.7223044638526983,0.6065133015545974,0.42807644325059074,0.331171388401907,-0.4226797246122418,20.0
c_15794,g96,g288,-0.003480914474797203,-0.004784387179815795,-34.809144747972255,-0.0014918205464102986,-0.002050451684260001,,,,0.7184510824467639,high,0.2815489175532361,0.6332966207437837,0.7861856335387418,-0.0014710148637348771,-0.0016348401849860604,-0.0004914759637536358,-0.014918343316438598,1.0
c_15856,g96,g288,0.008695452908674906,0.011759876324946905,0.367030607035403,0.001932324964070295,0.002613307384683211,-0.1183423070194212,-0.036155015679134,0.00179372803370291,0.5536586520336111,low,0.44634134796638897,0.5743360539970443,0.7027463523613305,-0.041934744351558806,0.005771985766541903,-0.00667891436685043,0.14550329114939975,4.0
c_16008,g96,g288,0.38082334399223683,0.45794615951509066,1.2371818830899173,0.009764701931968212,0.011742210110475382,-0.12838670136930008,-0.16249202641238236,0.010074437788246293,0.35551751472325155,low,0.6444824852767485,0.7326777164744981,0.7986350588274695,0.3301766767645577,0.15008829490166734,0.11069051288431693,2.717213865829244,30.0
c_16048,g96,g288,1.6020523514339908,1.5364514245033751,15.447454306627012,0.04329871301477711,0.041525716786840305,-0.01228806050739717,-0.22046379540641747,0.03371729029807402,0.6712621361573917,high,0.3287378638426083,0.5707647619148661,0.7435223831295669,0.7673617112076939,0.660340031787363,0.5373025801804245,0.6902658535814732,18.0
