container_id,band,band_range,sigma_actual,sigma_predicted,std_ratio,flagged_low_sigma,arm
c_10032,h01_12,1-12,0.04053588246269994,0.00460460502654314,0.11359330910780535,False,mse
c_10032,h13_24,13-24,0.05065455656154127,0.00449092173948884,0.08865780384500507,False,mse
c_10032,h25_48,25-48,0.04564658113705899,0.002564038382843137,0.056171531776812014,False,mse
c_10032,h49_72,49-72,0.07155978794142372,0.003827885026112199,0.05349212366651462,False,mse
c_10032,h73_96,73-96,0.0721848350244561,0.005568121559917927,0.07713699917761752,False,mse
c_10034,h01_12,1-12,0.023654718274032937,0.01268794946372509,0.5363813390943378,False,mse
c_10034,h13_24,13-24,0.030418901904781328,0.007496349513530731,0.2464372164713952,False,mse
c_10034,h25_48,25-48,0.05102077267793318,0.005416281055659056,0.10615835024391218,False,mse
c_10034,h49_72,49-72,0.0770612114456467,0.002975922543555498,0.0386176454759538,False,mse
c_10034,h73_96,73-96,0.05610524719638163,0.003914765547960997,0.06977539078044503,False,mse
c_10089,h01_12,1-12,0.05105582461552996,0.009555074386298656,0.187149545781545,False,mse
c_10089,h13_24,13-24,0.09298968892901971,0.008190114051103592,0.08807550756896516,False,mse
c_10089,h25_48,25-48,0.07269731413188792,0.0038098895456641912,0.052407569538982776,False,mse
c_10089,h49_72,49-72,0.054665920072824496,0.007252195850014687,0.13266393102601223,False,mse
c_10089,h73_96,73-96,0.05890494328410696,0.012662705034017563,0.21496846152526666,False,mse
c_10132,h01_12,1-12,0.21496355341671938,0.00706671504303813,0.03287401483049962,False,mse
c_10132,h13_24,13-24,0.20840998503088726,0.009553782641887665,0.045841290379977494,False,mse
c_10132,h25_48,25-48,0.1870560570052626,0.007590011227875948,0.04057613182588582,False,mse
c_10132,h49_72,49-72,0.1775226459577349,0.01022456493228674,0.05759583447579433,False,mse
c_10132,h73_96,73-96,0.14118176311894776,0.008181353099644184,0.057949078683422243,False,mse
c_1016,h01_12,1-12,0.03796837124542303,0.0022740596905350685,0.059893527584731446,False,mse
c_1016,h13_24,13-24,0.024930217683359106,0.0017165809404104948,0.06885543328232993,False,mse
c_1016,h25_48,25-48,0.03435135248057464,0.0012158140307292342,0.03539348360204349,False,mse
c_1016,h49_72,49-72,0.05027329037729013,0.002357334829866886,0.046890402680540705,False,mse
c_1016,h73_96,73-96,0.011724452338143366,0.0026199284475296736,0.22345849272688112,False,mse
c_10306,h01_12,1-12,0.08683027983141892,0.008046104572713375,0.09266473156984978,False,mse
c_10306,h13_24,13-24,0.11419217538873998,0.006579871289432049,0.057621034602698906,False,mse
c_10306,h25_48,25-48,0.11074148588428481,0.004965199623256922,0.044835949089983514,False,mse
c_10306,h49_72,49-72,0.11444055323496954,0.00949075911194086,0.08293178286594279,False,mse
c_10306,h73_96,73-96,0.1174036104385856,0.015362112782895565,0.1308487253970061,False,mse
c_10312,h01_12,1-12,0.019424581668434412,0.0037163635715842247,0.1913227082580336,False,mse
c_10312,h13_24,13-24,0.007137334387834609,0.0013000181643292308,0.18214337365852945,False,mse
c_10312,h25_48,25-48,0.008349614772013996,0.0010734613751992583,0.12856417984662669,False,mse
c_10312,h49_72,49-72,0.012536346016729929,0.0018901461735367775,0.15077329319199959,False,mse
c_10312,h73_96,73-96,0.009523610502266466,0.003488288726657629,0.36627797050577326,False,mse
c_10382,h01_12,1-12,0.060768618764824756,0.011650939472019672,0.19172625129277565,False,mse
c_10382,h13_24,13-24,0.0480453142864081,0.014122052118182182,0.29393193338267487,False,mse
c_10382,h25_48,25-48,0.06453210779708449,0.006316856015473604,0.09788702447681392,False,mse
c_10382,h49_72,49-72,0.07271139426542762,0.010875060223042965,0.14956473236291348,False,mse
c_10382,h73_96,73-96,0.1561018544090458,0.01899692416191101,0.12169569819543524,False,mse
c_10393,h01_12,1-12,0.08799363013028773,0.011756794527173042,0.1336096091247213,False,mse
c_10393,h13_24,13-24,0.0946597522464995,0.008312810212373734,0.08781778966341146,False,mse
c_10393,h25_48,25-48,0.06106896445246927,0.005710255354642868,0.0935050300236748,False,mse
c_10393,h49_72,49-72,0.07146246678589306,0.0060608540661633015,0.08481171080088905,False,mse
c_10393,h73_96,73-96,0.06347578781552708,0.013974560424685478,0.22015576183628086,False,mse
c_10641,h01_12,1-12,0.015794979153175365,0.0036939498968422413,0.2338686148946023,False,mse
c_10641,h13_24,13-24,0.02324699582310927,0.002723483834415674,0.11715422737368608,False,mse
c_10641,h25_48,25-48,0.033277522245182545,0.0015104318736121058,0.04538895241308914,False,mse
c_10641,h49_72,49-72,0.04133531108630111,0.0029966728761792183,0.07249668134643221,False,mse
c_10641,h73_96,73-96,0.015450204846475453,0.004638596437871456,0.3002287985152266,False,mse
c_10695,h01_12,1-12,0.07542674454881489,0.0190212894231081,0.252182293387962,False,mse
c_10695,h13_24,13-24,0.12987505174579123,0.00968947447836399,0.07460612602741844,False,mse
c_10695,h25_48,25-48,0.22094013968622475,0.005403823684900999,0.024458315689378188,False,mse
c_10695,h49_72,49-72,0.07340598531168965,0.009438554756343365,0.1285801793445896,False,mse
c_10695,h73_96,73-96,0.1148528370477217,0.017406703904271126,0.1515565862516621,False,mse
c_10733,h01_12,1-12,0.1288950981467406,0.010217919945716858,0.07927314609035224,False,mse
c_10733,h13_24,13-24,0.10871062857854079,0.00820912979543209,0.0755135896349012,False,mse
c_10733,h25_48,25-48,0.1516462500944718,0.005469227209687233,0.03606569371995708,False,mse
c_10733,h49_72,49-72,0.10632462017002045,0.0066288914531469345,0.06234578070955604,False,mse
c_10733,h73_96,73-96,0.12301329738931928,0.016015635803341866,0.1301943460035438,False,mse
c_10878,h01_12,1-12,0.06651784694632948,0.004953472875058651,0.07446832846311766,False,mse
c_10878,h13_24,13-24,0.0993349075551151,0.0067187040112912655,0.06763688794458737,False,mse
c_10878,h25_48,25-48,0.11668261438682621,0.004213003907352686,0.036106526490619545,False,mse
c_10878,h49_72,49-72,0.09944231025528662,0.0035259483847767115,0.03545722515622331,False,mse
c_10878,h73_96,73-96,0.11239746927112033,0.005456415470689535,0.04854571465063688,False,mse
c_10898,h01_12,1-12,0.1661654532363575,0.0032659529242664576,0.019654825119520433,False,mse
c_10898,h13_24,13-24,0.199873202424874,0.003177662380039692,0.01589839128751677,False,mse
c_10898,h25_48,25-48,0.1719909859646619,0.0036839277017861605,0.02141930683822627,False,mse
c_10898,h49_72,49-72,0.12012371012714441,0.003579351119697094,0.02979720752804376,False,mse
c_10898,h73_96,73-96,0.12802076863020567,0.004497168119996786,0.03512842617737345,False,mse
c_11013,h01_12,1-12,0.10530878118656904,0.005940788425505161,0.05641303943096858,False,mse
c_11013,h13_24,13-24,0.12414598867868235,0.005799876060336828,0.04671819139761501,False,mse
c_11013,h25_48,25-48,0.07568855765900487,0.003678840585052967,0.04860497674730476,False,mse
c_11013,h49_72,49-72,0.06715537090064264,0.007225780747830868,0.1075979575560906,False,mse
c_11013,h73_96,73-96,0.027713326995629218,0.011985857971012592,0.4324943725776025,False,mse
c_11087,h01_12,1-12,0.09922624974333936,0.00407708715647459,0.041088796231042356,False,mse
c_11087,h13_24,13-24,0.014967142653454418,0.004494347609579563,0.30028093629095376,False,mse
c_11087,h25_48,25-48,0.11457211819820656,0.0025271286722272635,0.022057100034193325,False,mse
c_11087,h49_72,49-72,0.07242423940014066,0.0027522132731974125,0.03800127272295617,False,mse
c_11087,h73_96,73-96,0.19973849052108955,0.003695329651236534,0.018500838979987985,False,mse
c_11203,h01_12,1-12,0.038206157258272984,0.014974702149629593,0.3919447341537349,False,mse
c_11203,h13_24,13-24,0.03930960758317666,0.006966161075979471,0.17721268423347936,False,mse
c_11203,h25_48,25-48,0.08345247030024548,0.0036453574430197477,0.043681839853325764,False,mse
c_11203,h49_72,49-72,0.048203671902179474,0.007528282701969147,0.15617654018653224,False,mse
c_11203,h73_96,73-96,0.10915579883029285,0.013631993904709816,0.12488565931255567,False,mse
c_11307,h01_12,1-12,0.19869043295503186,0.021126337349414825,0.1063279043445247,False,mse
c_11307,h13_24,13-24,0.2606803526737672,0.01083284243941307,0.041556037224523834,False,mse
c_11307,h25_48,25-48,0.3969194175464385,0.009122676216065884,0.02298369848584834,False,mse
c_11307,h49_72,49-72,0.09318840573354999,0.00817988533526659,0.08777792978511748,False,mse
c_11307,h73_96,73-96,0.2007347135399136,0.019429046660661697,0.09678966989831818,False,mse
c_11327,h01_12,1-12,0.07065087163399272,0.007409370969980955,0.1048730298525579,False,mse
c_11327,h13_24,13-24,0.0633765994144343,0.006080956663936377,0.09594955740953517,False,mse
c_11327,h25_48,25-48,0.07537632551786907,0.0053143748082220554,0.0705045618993752,False,mse
c_11327,h49_72,49-72,0.05351722615557256,0.005570634733885527,0.10409049821999185,False,mse
c_11327,h73_96,73-96,0.10148910277509603,0.012477151118218899,0.12294079637169296,False,mse
c_11461,h01_12,1-12,0.05180590733229026,0.013134888373315334,0.253540359578423,False,mse
c_11461,h13_24,13-24,0.06536050858608773,0.008280741050839424,0.12669333868375093,False,mse
c_11461,h25_48,25-48,0.02840711214093475,0.00443530548363924,0.1561336281433532,False,mse
c_11461,h49_72,49-72,0.043561012216059236,0.009096757508814335,0.20882796441219328,False,mse
c_11461,h73_96,73-96,0.04589918321677984,0.016114426776766777,0.3510830835629262,False,mse
c_11735,h01_12,1-12,0.01698443393859916,0.0058794948272407055,0.3461696073296178,False,mse
c_11735,h13_24,13-24,0.012686488600766615,0.0038687828928232193,0.30495301060605834,False,mse
c_11735,h25_48,25-48,0.027999380723589824,0.002434172434732318,0.0869366525910874,False,mse
c_11735,h49_72,49-72,0.17336848138093472,0.004547835327684879,0.02623219221544732,False,mse
c_11735,h73_96,73-96,0.014907387063832198,0.006400309968739748,0.42933814902196815,False,mse
c_11752,h01_12,1-12,0.1347639691033659,0.006924895569682121,0.05138536372708514,False,mse
c_11752,h13_24,13-24,0.04238259008086101,0.005186336115002632,0.1223694942925317,False,mse
c_11752,h25_48,25-48,0.13797095816705351,0.004050597082823515,0.029358331178066494,False,mse
c_11752,h49_72,49-72,0.06506292656067304,0.005189552437514067,0.07976205055385359,False,mse
c_11752,h73_96,73-96,0.11996063209067243,0.004071754403412342,0.0339424220467153,False,mse
c_1181,h01_12,1-12,0.037755973538323044,0.007967252284288406,0.21101964901531386,False,mse
c_1181,h13_24,13-24,0.08170475259964514,0.00332726095803082,0.040722979412647665,False,mse
c_1181,h25_48,25-48,0.14673949967229633,0.0021437660325318575,0.01460933175674845,False,mse
c_1181,h49_72,49-72,0.07262845983628909,0.002470077946782112,0.03400978008276486,False,mse
c_1181,h73_96,73-96,0.14273531685228033,0.004061222076416016,0.028452818587421196,False,mse
c_1186,h01_12,1-12,0.05817123830183784,0.012560084462165833,0.21591571417122496,False,mse
c_1186,h13_24,13-24,0.06007854387795334,0.009123391471803188,0.1518577329426778,False,mse
c_1186,h25_48,25-48,0.051030857266335106,0.005397978238761425,0.10577870974396611,False,mse
c_1186,h49_72,49-72,0.05540420935705132,0.008457917720079422,0.15265839578311713,False,mse
c_1186,h73_96,73-96,0.05451508767149702,0.013902497477829456,0.2550210973080452,False,mse
c_11996,h01_12,1-12,0.053896250356200395,0.009380406700074673,0.17404562725754671,False,mse
c_11996,h13_24,13-24,0.044745058021890965,0.009854775853455067,0.22024277739529893,False,mse
c_11996,h25_48,25-48,0.0767448361314966,0.004094604402780533,0.05335348421051719,False,mse
c_11996,h49_72,49-72,0.07472298534325209,0.007347883190959692,0.09833497895200527,False,mse
c_11996,h73_96,73-96,0.09806290566778395,0.012757598422467709,0.13009606778008098,False,mse
c_12060,h01_12,1-12,0.3056080775300124,0.008319876156747341,0.027224006066823556,False,mse
c_12060,h13_24,13-24,0.1806288328617447,0.00819248054176569,0.04535533121689551,False,mse
c_12060,h25_48,25-48,0.16604432626524307,0.005550629459321499,0.03342860056810851,False,mse
c_12060,h49_72,49-72,0.3326965611822364,0.00668439781293273,0.020091574704528773,False,mse
c_12060,h73_96,73-96,0.09674215745089065,0.012925885617733002,0.13361171549533185,False,mse
c_12158,h01_12,1-12,0.05227958402838748,0.007512214127928019,0.1436930738364126,False,mse
c_12158,h13_24,13-24,0.043527599503747544,0.003528625937178731,0.08106640332589284,False,mse
c_12158,h25_48,25-48,0.06730942693030897,0.0021327855065464973,0.0316862823502382,False,mse
c_12158,h49_72,49-72,0.06574710310240842,0.004573285114020109,0.06955873184095594,False,mse
c_12158,h73_96,73-96,0.035708371629386844,0.007702095899730921,0.21569440297278478,False,mse
c_12164,h01_12,1-12,0.06312637555938747,0.014625785872340202,0.23169056900123605,False,mse
c_12164,h13_24,13-24,0.060390240439809846,0.0067603327333927155,0.1119441268019234,False,mse
c_12164,h25_48,25-48,0.04665178823891044,0.0035951826721429825,0.0770641985625833,False,mse
c_12164,h49_72,49-72,0.09409011016636824,0.0062908511608839035,0.0668598554062754,False,mse
c_12164,h73_96,73-96,0.07322900221606173,0.013101997785270214,0.17891815249117896,False,mse
c_12174,h01_12,1-12,0.11441651019345146,0.009678663685917854,0.08459149531438694,False,mse
c_12174,h13_24,13-24,0.12578045437107035,0.010126512497663498,0.08050942849823738,False,mse
c_12174,h25_48,25-48,0.116127277064546,0.004715200513601303,0.04060372922530936,False,mse
c_12174,h49_72,49-72,0.13093239661554174,0.0052730487659573555,0.0402730638272869,False,mse
c_12174,h73_96,73-96,0.13691390753041752,0.010810877196490765,0.0789611325210988,False,mse
c_12189,h01_12,1-12,0.030520135420430416,0.0019063028739765286,0.062460498543542985,False,mse
c_12189,h13_24,13-24,0.026323770908215798,0.0016451083356514573,0.062495162314986176,False,mse
c_12189,h25_48,25-48,0.04573771246917691,0.0012330703902989626,0.026959599064556205,False,mse
c_12189,h49_72,49-72,0.0361779140212347,0.002325816312804818,0.06428829233879199,False,mse
c_12189,h73_96,73-96,0.030430645943546414,0.0022559177596122026,0.07413308819659238,False,mse
c_12193,h01_12,1-12,0.10416717121785303,0.006095611955970526,0.058517591336163785,False,mse
c_12193,h13_24,13-24,0.13616285868996217,0.006554110907018185,0.04813435154105904,False,mse
c_12193,h25_48,25-48,0.11969440904582641,0.005661557894200087,0.047300103148781934,False,mse
c_12193,h49_72,49-72,0.09631418126365811,0.006224851123988628,0.06463068098921201,False,mse
c_12193,h73_96,73-96,0.1506756355106616,0.013485541567206383,0.08950047910202552,False,mse
c_12231,h01_12,1-12,0.12550662153613812,0.008332697674632072,0.06639249445681854,False,mse
c_12231,h13_24,13-24,0.1583129461761609,0.014901846647262573,0.09412904634268328,False,mse
c_12231,h25_48,25-48,0.09199073810895649,0.012364421039819717,0.13440941222990233,False,mse
c_12231,h49_72,49-72,0.12297879380351531,0.006090028677135706,0.049520966085143246,False,mse
c_12231,h73_96,73-96,0.03206323504736178,0.010869929566979408,0.33901537230797324,False,mse
c_12237,h01_12,1-12,0.037097361828239424,0.024915676563978195,0.6716293379388442,False,mse
c_12237,h13_24,13-24,0.031881776010159346,0.00885793287307024,0.27783687051334904,False,mse
c_12237,h25_48,25-48,0.149646156153801,0.005557145923376083,0.03713523999684059,False,mse
c_12237,h49_72,49-72,0.12633225072858292,0.011799591593444347,0.09340126155747074,False,mse
c_12237,h73_96,73-96,0.16895305493348103,0.021439729258418083,0.12689755309165127,False,mse
c_12441,h01_12,1-12,0.09181937795973104,0.004342818632721901,0.047297408556029624,False,mse
c_12441,h13_24,13-24,0.006782614887088302,0.0021764824632555246,0.32089135230112753,False,mse
c_12441,h25_48,25-48,0.019508558254712215,0.0017583495937287807,0.09013221637247634,False,mse
c_12441,h49_72,49-72,0.03456813403319583,0.0028742814902216196,0.08314829743084898,False,mse
c_12441,h73_96,73-96,0.04647823513913884,0.0035584275610744953,0.07656115922693417,False,mse
c_12517,h01_12,1-12,0.03178640015889453,0.008796335197985172,0.2767326640957726,False,mse
c_12517,h13_24,13-24,0.03912625086816489,0.011418795213103294,0.29184486015740924,False,mse
c_12517,h25_48,25-48,0.03132624593871743,0.006052389740943909,0.19320507643284202,False,mse
c_12517,h49_72,49-72,0.07529638061324687,0.011508558876812458,0.1528434538696507,False,mse
c_12517,h73_96,73-96,0.08170158084508886,0.020699771121144295,0.25335826928970095,False,mse
c_12624,h01_12,1-12,0.13244050344835995,0.01981852389872074,0.14964095863957666,False,mse
c_12624,h13_24,13-24,0.07030255832879642,0.006373885087668896,0.09066362930718708,False,mse
c_12624,h25_48,25-48,0.06573260834398349,0.004825111944228411,0.07340514952606553,False,mse
c_12624,h49_72,49-72,0.09655765995127204,0.007144190836697817,0.07398885640251786,False,mse
c_12624,h73_96,73-96,0.05710020112297015,0.013430231250822544,0.23520462251786814,False,mse
c_12767,h01_12,1-12,0.0903600853951418,0.024172000586986542,0.26750750047748567,False,mse
c_12767,h13_24,13-24,0.09185536734215399,0.007418619468808174,0.08076413696299752,False,mse
c_12767,h25_48,25-48,0.1287102530020357,0.006109968293458223,0.04747071931683319,False,mse
c_12767,h49_72,49-72,0.13330466591332243,0.010369055904448032,0.07778464342118539,False,mse
c_12767,h73_96,73-96,0.10020772052146783,0.018858304247260094,0.1881921288012935,False,mse
c_12858,h01_12,1-12,0.05008186793866112,0.00543564697727561,0.10853522843702713,False,mse
c_12858,h13_24,13-24,0.026325454134124928,0.005362519063055515,0.20370091378990635,False,mse
c_12858,h25_48,25-48,0.07657345742940015,0.002855508355423808,0.03729109865590899,False,mse
c_12858,h49_72,49-72,0.04852979435166809,0.004002632573246956,0.08247783916499071,False,mse
c_12858,h73_96,73-96,0.03589614254429503,0.006912833079695702,0.19257871709099164,False,mse
c_1286,h01_12,1-12,0.07821681080233693,0.02340185083448887,0.2991920866427052,False,mse
c_1286,h13_24,13-24,0.13894961752205573,0.009692954830825329,0.06975877302639388,False,mse
c_1286,h25_48,25-48,0.12287743888132457,0.008664732798933983,0.070515245742568,False,mse
c_1286,h49_72,49-72,0.09144950605664146,0.016301913186907768,0.17826135853386443,False,mse
c_1286,h73_96,73-96,0.2039986591742881,0.02202235721051693,0.1079534409669915,False,mse
c_12971,h01_12,1-12,0.16021632284270784,0.0050464775413274765,0.03149789891434376,False,mse
c_12971,h13_24,13-24,0.055404314492848494,0.004735066555440426,0.08546385960702792,False,mse
c_12971,h25_48,25-48,0.11734387805750518,0.002038645790889859,0.017373260749834828,False,mse
c_12971,h49_72,49-72,0.1842359553278227,0.004034643527120352,0.021899327522368017,False,mse
c_12971,h73_96,73-96,0.10785434175308276,0.0066840373910963535,0.061972817064689996,False,mse
c_12974,h01_12,1-12,0.0948265132131087,0.01828032173216343,0.1927764832086685,False,mse
c_12974,h13_24,13-24,0.1831517757766328,0.0049630431458354,0.027097979939261958,False,mse
c_12974,h25_48,25-48,0.12308607638897295,0.004994451999664307,0.04057690476606784,False,mse
c_12974,h49_72,49-72,0.097911807397513,0.008312400430440903,0.08489681327904934,False,mse
c_12974,h73_96,73-96,0.14868980305925686,0.013738048262894154,0.09239401747959256,False,mse
c_12993,h01_12,1-12,0.06481516561273516,0.006069653667509556,0.09364557831688954,False,mse
c_12993,h13_24,13-24,0.07650450306696645,0.005454680882394314,0.0712988211637645,False,mse
c_12993,h25_48,25-48,0.07142690293594102,0.00395965063944459,0.055436403885463004,False,mse
c_12993,h49_72,49-72,0.08129278465824451,0.002827318152412772,0.03477944770004914,False,mse
c_12993,h73_96,73-96,0.08042480602040283,0.0063490658067166805,0.07894412334803763,False,mse
c_12999,h01_12,1-12,0.0732086457513276,0.004718186799436808,0.06444849171863347,False,mse
c_12999,h13_24,13-24,0.08327340166110882,0.007110042031854391,0.08538190934951316,False,mse
c_12999,h25_48,25-48,0.05954367511458081,0.0033341359812766314,0.055994796674217744,False,mse
c_12999,h49_72,49-72,0.06804148288757078,0.0055386582389473915,0.08140119826752254,False,mse
c_12999,h73_96,73-96,0.06831264174277293,0.009795383550226688,0.1433904955265909,False,mse
c_13020,h01_12,1-12,0.08666013037625324,0.02458069659769535,0.2836448144143457,False,mse
c_13020,h13_24,13-24,0.06412385909103681,0.005883007310330868,0.09174443637240777,False,mse
c_13020,h25_48,25-48,0.06738288674346105,0.0071103437803685665,0.1055215073738076,False,mse
c_13020,h49_72,49-72,0.062159737065813514,0.00816972367465496,0.1314311169946716,False,mse
c_13020,h73_96,73-96,0.0954780953146278,0.013549283146858215,0.1419098600805706,False,mse
c_13044,h01_12,1-12,0.14945810610911905,0.012359699234366417,0.08269674731019692,False,mse
c_13044,h13_24,13-24,0.17923595493158975,0.0038041998632252216,0.021224535359979518,False,mse
c_13044,h25_48,25-48,0.18798621365257195,0.003628887003287673,0.01930400603734924,False,mse
c_13044,h49_72,49-72,0.12981081114573573,0.006627760361880064,0.05105707531893645,False,mse
c_13044,h73_96,73-96,0.1707617443872753,0.011576401069760323,0.0677927079703864,False,mse
c_13083,h01_12,1-12,0.15741790081388374,0.011717786081135273,0.07443744339463206,False,mse
c_13083,h13_24,13-24,0.10690642135831874,0.012250828556716442,0.11459394488246206,False,mse
c_13083,h25_48,25-48,0.12917491113916957,0.008077071979641914,0.06252817910546031,False,mse
c_13083,h49_72,49-72,0.09472983834626171,0.007699800655245781,0.08128168262148877,False,mse
c_13083,h73_96,73-96,0.08166208163620962,0.017781035974621773,0.21773919569958058,False,mse
c_13166,h01_12,1-12,0.05629511465348329,0.007832151837646961,0.13912666997583498,False,mse
c_13166,h13_24,13-24,0.03878140035338632,0.006052822805941105,0.15607540601386724,False,mse
c_13166,h25_48,25-48,0.04659666280828593,0.003682702546939254,0.07903361152902964,False,mse
c_13166,h49_72,49-72,0.08035534146778028,0.0062663680873811245,0.07798321770424835,False,mse
c_13166,h73_96,73-96,0.0731674375051148,0.013712799176573753,0.18741669305577574,False,mse
c_13170,h01_12,1-12,0.08480965655104886,0.0037969984114170074,0.044770826410923004,False,mse
c_13170,h13_24,13-24,0.05397929536100427,0.003459937870502472,0.06409749974250313,False,mse
c_13170,h25_48,25-48,0.06869091350601844,0.0023578135296702385,0.03432496977149176,False,mse
c_13170,h49_72,49-72,0.06286287091064553,0.002854909747838974,0.045414880142795204,False,mse
c_13170,h73_96,73-96,0.03522498188618933,0.004474155139178038,0.1270165348454649,False,mse
c_13229,h01_12,1-12,0.15420586995333782,0.009836634621024132,0.0637889765415588,False,mse
c_13229,h13_24,13-24,0.12797939199607605,0.013461124151945114,0.10518196673694029,False,mse
c_13229,h25_48,25-48,0.08595952629983619,0.007968722842633724,0.09270319632565158,False,mse
c_13229,h49_72,49-72,0.43892002419291287,0.011309288442134857,0.025766171099006936,False,mse
c_13229,h73_96,73-96,0.11788655545908738,0.018740197643637657,0.1589680652781602,False,mse
c_13269,h01_12,1-12,0.243334001998128,0.006340561434626579,0.026057030183045927,False,mse
c_13269,h13_24,13-24,0.11726686593631526,0.009008380584418774,0.07681948786207865,False,mse
c_13269,h25_48,25-48,0.17647358094396678,0.0046703629195690155,0.026464941067025387,False,mse
c_13269,h49_72,49-72,0.12376738744623841,0.008292518556118011,0.06700083703164603,False,mse
c_13269,h73_96,73-96,0.17616812395837234,0.012238156981766224,0.06946862296528764,False,mse
c_13308,h01_12,1-12,0.0010843330177210246,0.0016652903286740184,1.5357738826158862,False,mse
c_13308,h13_24,13-24,0.0008791741673785739,0.0012192483991384506,1.386810991926518,False,mse
c_13308,h25_48,25-48,0.001671194976157832,0.0010801884345710278,0.6463569182420831,False,mse
c_13308,h49_72,49-72,0.006010820178215061,0.001544260885566473,0.2569135059410558,False,mse
c_13308,h73_96,73-96,0.0019499702498969925,0.002689213724806905,1.3791050017039814,False,mse
c_13389,h01_12,1-12,0.09988355514666614,0.015241848304867744,0.15259617343903162,False,mse
c_13389,h13_24,13-24,0.12762195290866604,0.00877482257783413,0.0687563728484387,False,mse
c_13389,h25_48,25-48,0.07603072733709615,0.006065921392291784,0.07978249853374954,False,mse
c_13389,h49_72,49-72,0.02210724201467542,0.006916659884154797,0.31286851067009264,False,mse
c_13389,h73_96,73-96,0.057785679499765735,0.01601741649210453,0.2771866080101985,False,mse
c_13403,h01_12,1-12,0.024045157737471685,0.008738387376070023,0.3634156810895952,False,mse
c_13403,h13_24,13-24,0.09253194366189835,0.002626897068694234,0.02838908343147562,False,mse
c_13403,h25_48,25-48,0.0763981416171725,0.002780386945232749,0.036393384529759085,False,mse
c_13403,h49_72,49-72,0.03353810314832428,0.004826257470995188,0.1439037100473683,False,mse
c_13403,h73_96,73-96,0.06283427835994383,0.00852897111326456,0.135737551793094,False,mse
c_13441,h01_12,1-12,0.018891612861400474,0.010766950435936451,0.5699328328887995,False,mse
c_13441,h13_24,13-24,0.06473735853564731,0.00741946417838335,0.11460869498247844,False,mse
c_13441,h25_48,25-48,0.05570331255320268,0.004170788452029228,0.07487505250330803,False,mse
c_13441,h49_72,49-72,0.035117683904010495,0.007089748978614807,0.2018854374905159,False,mse
c_13441,h73_96,73-96,0.06595605265690421,0.015486211515963078,0.2347959117038214,False,mse
c_13607,h01_12,1-12,0.10997819953683163,0.011261538602411747,0.10239791749491466,False,mse
c_13607,h13_24,13-24,0.0988806095480788,0.007953346706926823,0.08043383574673112,False,mse
c_13607,h25_48,25-48,0.06766139868872875,0.005222418811172247,0.07718461208875681,False,mse
c_13607,h49_72,49-72,0.4607508543340293,0.005686916410923004,0.012342714847795325,False,mse
c_13607,h73_96,73-96,0.036076890983348,0.013180146925151348,0.36533488795458857,False,mse
c_13615,h01_12,1-12,0.05271041221038608,0.004991154186427593,0.0946900996809912,False,mse
c_13615,h13_24,13-24,0.027815482356496113,0.005599427502602339,0.20130614421268994,False,mse
c_13615,h25_48,25-48,0.07956656414373109,0.002991757122799754,0.03760068258565705,False,mse
c_13615,h49_72,49-72,0.01698097379006691,0.00330954953096807,0.19489751129019492,False,mse
c_13615,h73_96,73-96,0.01699580904368752,0.004510052502155304,0.26536262501904256,False,mse
c_13658,h01_12,1-12,0.09678033042663026,0.008093392476439476,0.08362641913663567,False,mse
c_13658,h13_24,13-24,0.10004633770618261,0.0040426296181976795,0.04040757223987675,False,mse
c_13658,h25_48,25-48,0.13074692255145393,0.0030504651367664337,0.023331066439181074,False,mse
c_13658,h49_72,49-72,0.7709513763333288,0.00401270342990756,0.005204872256655297,False,mse
c_13658,h73_96,73-96,0.08738762054947738,0.0070940344594419,0.08117894061923084,False,mse
c_13690,h01_12,1-12,0.04112453391721241,0.01177256554365158,0.2862662362897747,False,mse
c_13690,h13_24,13-24,0.033245492557616114,0.00804302841424942,0.24192838774490846,False,mse
c_13690,h25_48,25-48,0.020471274258686036,0.005669092759490013,0.27692915877401214,False,mse
c_13690,h49_72,49-72,0.019372443544073206,0.006793249398469925,0.35066559275369513,False,mse
c_13690,h73_96,73-96,0.09099507326592197,0.015677426010370255,0.17228873440823433,False,mse
c_1379,h01_12,1-12,0.04023198643739591,0.016017697751522064,0.39813340503200967,False,mse
c_1379,h13_24,13-24,0.13247915402146646,0.003902148688212037,0.02945481284987483,False,mse
c_1379,h25_48,25-48,0.06239535259636748,0.004873005673289299,0.0780988562531658,False,mse
c_1379,h49_72,49-72,0.06334730321152784,0.007141802925616503,0.11274044140077692,False,mse
c_1379,h73_96,73-96,0.09017004363475019,0.010381667874753475,0.11513433349113447,False,mse
c_1387,h01_12,1-12,0.012288984857202681,0.0016149887815117836,0.1314175906535701,False,mse
c_1387,h13_24,13-24,0.007366970784721174,0.0016701666172593832,0.22671009103541542,False,mse
c_1387,h25_48,25-48,0.021613176874830515,0.0013679862022399902,0.06329408259426543,False,mse
c_1387,h49_72,49-72,0.01603869097620829,0.0017348951660096645,0.10816937420785767,False,mse
c_1387,h73_96,73-96,0.019098576804651678,0.0015106729697436094,0.07909871951168988,False,mse
c_13873,h01_12,1-12,0.054195069221635216,0.002743092132732272,0.05061516060647824,False,mse
c_13873,h13_24,13-24,0.22796243669984445,0.0023399596102535725,0.010264671864929091,False,mse
c_13873,h25_48,25-48,0.19178441805480945,0.00303551834076643,0.01582776312880079,False,mse
c_13873,h49_72,49-72,0.7818357347248144,0.0031828084029257298,0.004070942605413136,False,mse
c_13873,h73_96,73-96,0.0763429342581777,0.002608163747936487,0.03416378703910121,False,mse
c_14106,h01_12,1-12,0.0007055176996474671,0.0010650097392499447,1.5095436156769821,False,mse
c_14106,h13_24,13-24,0.0010489385863761663,0.0012968257069587708,1.236321862692644,False,mse
c_14106,h25_48,25-48,0.007427994569968468,0.0011848871363326907,0.15951642467850116,False,mse
c_14106,h49_72,49-72,0.0037461465627388326,0.001582932542078197,0.422549549401747,False,mse
c_14106,h73_96,73-96,0.32900235527421107,0.0015602364437654614,0.004742326061663185,False,mse
c_14135,h01_12,1-12,0.1711757539785129,0.014683179557323456,0.08577838400622197,False,mse
c_14135,h13_24,13-24,0.04788195694375397,0.0056394487619400024,0.11777815949679243,False,mse
c_14135,h25_48,25-48,0.07966637924547568,0.0038073936011642218,0.04779172390190492,False,mse
c_14135,h49_72,49-72,0.06818577243114042,0.0065428330563008785,0.09595598646196121,False,mse
c_14135,h73_96,73-96,0.11027705560406681,0.012731573544442654,0.11545079322895103,False,mse
c_14296,h01_12,1-12,0.09346565979095803,0.0044777244329452515,0.04790769618445931,False,mse
c_14296,h13_24,13-24,0.05045697641115961,0.0040582288056612015,0.08042948853280157,False,mse
c_14296,h25_48,25-48,0.06370189693836598,0.002124110236763954,0.03334453664416167,False,mse
c_14296,h49_72,49-72,0.04141437205696906,0.003048142185434699,0.07360107214089145,False,mse
c_14296,h73_96,73-96,0.08847963037390863,0.006259481888264418,0.07074489192385063,False,mse
c_14363,h01_12,1-12,0.09112701430473812,0.012021628208458424,0.131921673284026,False,mse
c_14363,h13_24,13-24,0.14193826672144041,0.012772461399435997,0.08998603191697746,False,mse
c_14363,h25_48,25-48,0.13526783629365607,0.008163990452885628,0.0603542621555817,False,mse
c_14363,h49_72,49-72,0.07000393932681613,0.008905978873372078,0.1272211101120205,False,mse
c_14363,h73_96,73-96,0.3860198102999499,0.017719198018312454,0.04590230227962669,False,mse
c_14388,h01_12,1-12,0.01839365620175424,0.0015577072044834495,0.08468719798812419,False,mse
c_14388,h13_24,13-24,0.017575146351775053,0.0016396013088524342,0.09329090501069072,False,mse
c_14388,h25_48,25-48,0.026334540067170436,0.0012766323052346706,0.04847748629664375,False,mse
c_14388,h49_72,49-72,0.023063005282922443,0.0015476178377866745,0.06710391030143176,False,mse
c_14388,h73_96,73-96,0.023722060539234483,0.0015085136983543634,0.06359117479948238,False,mse
c_14396,h01_12,1-12,0.09570702185725845,0.011463130824267864,0.11977314309669429,False,mse
c_14396,h13_24,13-24,0.06374852656203359,0.007425788789987564,0.11648565371564379,False,mse
c_14396,h25_48,25-48,0.12551617880925697,0.0037115139421075583,0.02957000426015064,False,mse
c_14396,h49_72,49-72,0.03917142281422224,0.004889269825071096,0.12481726406159327,False,mse
c_14396,h73_96,73-96,0.07258845640883187,0.008962547406554222,0.12347069837214152,False,mse
c_14413,h01_12,1-12,0.16121903875612767,0.005203488282859325,0.03227589199765992,False,mse
c_14413,h13_24,13-24,0.1358004968003744,0.004177995026111603,0.030765682928636268,False,mse
c_14413,h25_48,25-48,0.18559889957402137,0.0032070023007690907,0.017279209672738712,False,mse
c_14413,h49_72,49-72,0.11046322560433067,0.00463360408321023,0.041947028595809635,False,mse
c_14413,h73_96,73-96,0.15976180031602255,0.00954841822385788,0.05976659129385303,False,mse
c_14416,h01_12,1-12,0.08143516298718315,0.007911243475973606,0.09714775762429229,False,mse
c_14416,h13_24,13-24,0.06493676990580968,0.005151108372956514,0.07932498614310751,False,mse
c_14416,h25_48,25-48,0.18604977553882468,0.00660019600763917,0.03547543117708222,False,mse
c_14416,h49_72,49-72,0.14230077916785505,0.007139925379306078,0.05017488604812184,False,mse
c_14416,h73_96,73-96,0.4447876326757564,0.00684033427387476,0.015378876954659533,False,mse
c_14417,h01_12,1-12,0.04232545723849893,0.007296642754226923,0.1723937136251407,False,mse
c_14417,h13_24,13-24,0.08602023334976475,0.004899684339761734,0.05695967273001049,False,mse
c_14417,h25_48,25-48,0.04847367997446383,0.002647408517077565,0.05461538134658299,False,mse
c_14417,h49_72,49-72,0.0661807410638243,0.004366179462522268,0.06597356560742576,False,mse
c_14417,h73_96,73-96,0.04321347429068899,0.00986885279417038,0.22837443543151487,False,mse
c_14435,h01_12,1-12,0.018652572736671303,0.0017039511585608125,0.09135207151401763,False,mse
c_14435,h13_24,13-24,0.011570635613038421,0.002447136677801609,0.21149544066914028,False,mse
c_14435,h25_48,25-48,0.018321116532128392,0.0017579435370862484,0.09595176876930357,False,mse
c_14435,h49_72,49-72,0.014019400891945564,0.0028809926006942987,0.2055004078205288,False,mse
c_14435,h73_96,73-96,0.016892612220605105,0.0038841613568365574,0.2299325472053856,False,mse
c_14471,h01_12,1-12,0.0431530483898938,0.0018892326625064015,0.04377981934061579,False,mse
c_14471,h13_24,13-24,0.03801619589564805,0.0019513432634994388,0.05132926158250413,False,mse
c_14471,h25_48,25-48,0.048250664824536264,0.0011973930522799492,0.024816094382000203,False,mse
c_14471,h49_72,49-72,0.024288594582738864,0.0013969739666208625,0.05751563606787063,False,mse
c_14471,h73_96,73-96,0.03307308634841355,0.0029396878089755774,0.08888459268684455,False,mse
c_14820,h01_12,1-12,0.09572521597659543,0.020311711356043816,0.21218767854240178,False,mse
c_14820,h13_24,13-24,0.04719578947117345,0.02109019085764885,0.44686594066893304,False,mse
c_14820,h25_48,25-48,0.038859060156315815,0.011983386240899563,0.30838075323218767,False,mse
c_14820,h49_72,49-72,0.13566212524456853,0.017971675843000412,0.13247378964911166,False,mse
c_14820,h73_96,73-96,0.11350768190157264,0.0285023283213377,0.25110484016450346,False,mse
c_14855,h01_12,1-12,0.05423612094289056,0.013221124187111855,0.24376972315246156,False,mse
c_14855,h13_24,13-24,0.059759455403393634,0.008228231221437454,0.13768919354928036,False,mse
c_14855,h25_48,25-48,0.04020391167314749,0.0048925313167274,0.12169291775643712,False,mse
c_14855,h49_72,49-72,0.03764618660273117,0.006874299142509699,0.1826028015812624,False,mse
c_14855,h73_96,73-96,0.027445246256957725,0.01308348122984171,0.47671210916990325,False,mse
c_14886,h01_12,1-12,0.040585280331781486,0.015256374143064022,0.37590904924998325,False,mse
c_14886,h13_24,13-24,0.06795909822200319,0.00652424106374383,0.09600246669593784,False,mse
c_14886,h25_48,25-48,0.03435408914507549,0.003587567014619708,0.10442911175637938,False,mse
c_14886,h49_72,49-72,0.03719395510855238,0.007018617819994688,0.18870318575990394,False,mse
c_14886,h73_96,73-96,0.05429888576202515,0.014156949706375599,0.2607226558648189,False,mse
c_1494,h01_12,1-12,0.07399957125216088,0.004551558755338192,0.06150790711784403,False,mse
c_1494,h13_24,13-24,0.02839489164228416,0.004395810421556234,0.15480990302531136,False,mse
c_1494,h25_48,25-48,0.05352006007348058,0.0029331156983971596,0.05480404346277128,False,mse
c_1494,h49_72,49-72,0.09699318986236458,0.005331947468221188,0.05497239008003898,False,mse
c_1494,h73_96,73-96,0.08496623014805142,0.009589283727109432,0.11285994106600183,False,mse
c_14964,h01_12,1-12,0.07695337249114674,0.005468231160193682,0.07105901902899428,False,mse
c_14964,h13_24,13-24,0.11855802036644444,0.0036140717566013336,0.030483570368590826,False,mse
c_14964,h25_48,25-48,0.22878026744462954,0.002195353852584958,0.009595905613303332,False,mse
c_14964,h49_72,49-72,0.10001031081936802,0.0025475446600466967,0.025472820143993977,False,mse
c_14964,h73_96,73-96,0.06850870032512077,0.004518047906458378,0.06594852748654027,False,mse
c_15030,h01_12,1-12,0.11635452397216438,0.01601967215538025,0.13767983924039476,False,mse
c_15030,h13_24,13-24,0.037968854582036936,0.007216539233922958,0.19006470733349703,False,mse
c_15030,h25_48,25-48,0.13520399267804406,0.004982675891369581,0.036853023292253144,False,mse
c_15030,h49_72,49-72,0.08951512939799118,0.007544644642621279,0.08428345792896311,False,mse
c_15030,h73_96,73-96,0.09498440377763671,0.011430717073380947,0.12034309443201678,False,mse
c_15035,h01_12,1-12,0.0007326259446600034,0.001256143325008452,1.714576632406053,False,mse
c_15035,h13_24,13-24,0.0009660611018634739,0.0017499055247753859,1.8113818281265266,False,mse
c_15035,h25_48,25-48,0.0023001285722788556,0.0013919242192059755,0.6051506146140886,False,mse
c_15035,h49_72,49-72,0.796640731192317,0.0015638370532542467,0.00196303928737573,False,mse
c_15035,h73_96,73-96,0.004334817160891965,0.001527754357084632,0.352438015348788,False,mse
c_15072,h01_12,1-12,0.06621285180957041,0.00846647098660469,0.1278674872810862,False,mse
c_15072,h13_24,13-24,0.07541501178447974,0.004999200813472271,0.06628920018946542,False,mse
c_15072,h25_48,25-48,0.06029813041981612,0.0033360181841999292,0.055325399991234134,False,mse
c_15072,h49_72,49-72,0.2946221577959943,0.0054089659824967384,0.018358992490449675,False,mse
c_15072,h73_96,73-96,0.07637537315132939,0.008689635433256626,0.11377535813853336,False,mse
c_15179,h01_12,1-12,0.09753313454987585,0.02845902182161808,0.2917882415341106,False,mse
c_15179,h13_24,13-24,0.05683702453331102,0.010133139789104462,0.17828413560188455,False,mse
c_15179,h25_48,25-48,0.07523132214295586,0.008770744316279888,0.11658367906406814,False,mse
c_15179,h49_72,49-72,0.07666852883681742,0.016326380893588066,0.21294762194194972,False,mse
c_15179,h73_96,73-96,0.11308821055997362,0.021960798650979996,0.1941917600626779,False,mse
c_15235,h01_12,1-12,0.04451500931236469,0.007321566808968782,0.16447411608055332,False,mse
c_15235,h13_24,13-24,0.032979252594280195,0.00650967238470912,0.19738689850837113,False,mse
c_15235,h25_48,25-48,0.043849779829786564,0.0031403680332005024,0.07161650629468595,False,mse
c_15235,h49_72,49-72,0.03620608094783059,0.0067595080472528934,0.18669538017640408,False,mse
c_15235,h73_96,73-96,0.031563678070725264,0.010298819281160831,0.32628704608138803,False,mse
c_15282,h01_12,1-12,0.13104256618688595,0.006857495289295912,0.052330288461507356,False,mse
c_15282,h13_24,13-24,0.14365564917956397,0.009607885032892227,0.06688135891462747,False,mse
c_15282,h25_48,25-48,0.2209067055540358,0.011161518283188343,0.05052593697957319,False,mse
c_15282,h49_72,49-72,0.13659173750965967,0.007584224455058575,0.05552476740785455,False,mse
c_15282,h73_96,73-96,0.23868920941514757,0.011586722917854786,0.048543136684919094,False,mse
c_15420,h01_12,1-12,0.1756734952132254,0.004136964213103056,0.023549165502068346,False,mse
c_15420,h13_24,13-24,0.22221945254111114,0.006331585347652435,0.028492489182426892,False,mse
c_15420,h25_48,25-48,0.20585581185275428,0.005155066028237343,0.025042120413509082,False,mse
c_15420,h49_72,49-72,0.18151609444765998,0.007610485889017582,0.04192733383877461,False,mse
c_15420,h73_96,73-96,0.21635417217231828,0.006421124096959829,0.029678762523912116,False,mse
c_15446,h01_12,1-12,0.011194614701679397,0.0009799866238608956,0.08754089800999401,False,mse
c_15446,h13_24,13-24,0.24646869241625524,0.001211378606967628,0.0049149390743784965,False,mse
c_15446,h25_48,25-48,0.0434188482637408,0.0010520396754145622,0.024230022616540094,False,mse
c_15446,h49_72,49-72,0.017831608279677284,0.001468147849664092,0.08233401197677401,False,mse
c_15446,h73_96,73-96,0.0021113817474988717,0.0019003553315997124,0.900052931617345,False,mse
c_15486,h01_12,1-12,0.21762336057402779,0.008880014531314373,0.04080450971757559,False,mse
c_15486,h13_24,13-24,0.1969831920467602,0.010607205331325531,0.05384827619611106,False,mse
c_15486,h25_48,25-48,0.2250372521141746,0.006439128890633583,0.02861361321354313,False,mse
c_15486,h49_72,49-72,0.213557226352036,0.006030655931681395,0.028239062824969585,False,mse
c_15486,h73_96,73-96,0.1918993693825233,0.012060779146850109,0.0628494985974066,False,mse
c_15527,h01_12,1-12,0.09696833059272017,0.011608883738517761,0.11971830047561209,False,mse
c_15527,h13_24,13-24,0.07615586328256507,0.006028970703482628,0.07916620524821606,False,mse
c_15527,h25_48,25-48,0.09924151126191451,0.007169082295149565,0.0722387457021809,False,mse
c_15527,h49_72,49-72,0.1310380067642107,0.005414051003754139,0.04131664650162271,False,mse
c_15527,h73_96,73-96,0.12146017262854422,0.012867731973528862,0.1059419865381027,False,mse
c_15555,h01_12,1-12,0.334516481013082,0.018924441188573837,0.056572522619098564,False,mse
c_15555,h13_24,13-24,0.3540217396254305,0.015867920592427254,0.04482188186865633,False,mse
c_15555,h25_48,25-48,0.38222731623701045,0.016010725870728493,0.041887968731153184,False,mse
c_15555,h49_72,49-72,0.3304098246720326,0.014727753587067127,0.04457419993998669,False,mse
c_15555,h73_96,73-96,0.34828956918339715,0.0287765022367239,0.0826223487088446,False,mse
c_15570,h01_12,1-12,0.022779063164049995,0.00207691453397274,0.09117646845330034,False,mse
c_15570,h13_24,13-24,0.023952365942705608,0.001105855219066143,0.04616893469778159,False,mse
c_15570,h25_48,25-48,0.028155269228218868,0.0023284167982637882,0.08269914875934171,False,mse
c_15570,h49_72,49-72,0.03789151788319226,0.003044844837859273,0.08035689800671433,False,mse
c_15570,h73_96,73-96,0.032816463030241314,0.0033941606525331736,0.10342859464791672,False,mse
c_15604,h01_12,1-12,0.11810168029273052,0.007964120246469975,0.06743443638337623,False,mse
c_15604,h13_24,13-24,0.17750738072342012,0.010412042029201984,0.05865695266736721,False,mse
c_15604,h25_48,25-48,0.20005899896398432,0.006823414471000433,0.03410701096344494,False,mse
c_15604,h49_72,49-72,1.0379397665665226,0.004572424106299877,0.004405288489355539,False,mse
c_15604,h73_96,73-96,0.10265920113236858,0.010583043098449707,0.10308908487222641,False,mse
c_15616,h01_12,1-12,0.023586100529827396,0.005392691120505333,0.22863852011847577,False,mse
c_15616,h13_24,13-24,0.02284598903722549,0.002653865609318018,0.11616330573361398,False,mse
c_15616,h25_48,25-48,0.06188001331843746,0.0019037709571421146,0.030765522743914416,False,mse
c_15616,h49_72,49-72,0.06377280738987129,0.002363417064771056,0.03705995018099871,False,mse
c_15616,h73_96,73-96,0.02385458907380935,0.00489061139523983,0.20501763329930403,False,mse
c_15630,h01_12,1-12,0.03177417755721633,0.0021730794105678797,0.06839136612284541,False,mse
c_15630,h13_24,13-24,0.0490315300992223,0.001908373786136508,0.03892135901683348,False,mse
c_15630,h25_48,25-48,0.11156328934432415,0.0011826488189399242,0.010600698723482845,False,mse
c_15630,h49_72,49-72,0.11163839591133153,0.0018508239882066846,0.016578740433324538,False,mse
c_15630,h73_96,73-96,0.08501379744000118,0.0037138673942536116,0.043685466431195336,False,mse
c_15640,h01_12,1-12,0.21886526266194012,0.008509315550327301,0.03887924217316666,False,mse
c_15640,h13_24,13-24,0.06964199489732895,0.003993706312030554,0.05734623653326348,False,mse
c_15640,h25_48,25-48,0.1332044042799961,0.002909492002800107,0.021842310834440166,False,mse
c_15640,h49_72,49-72,0.062108733389987965,0.005880050361156464,0.09467348696736323,False,mse
c_15640,h73_96,73-96,0.03209590222249376,0.010489650070667267,0.32682209703754045,False,mse
c_15642,h01_12,1-12,0.09441359495156279,0.0048122042790055275,0.05096939992036468,False,mse
c_15642,h13_24,13-24,0.09795733002376998,0.001819542609155178,0.018574848954270744,False,mse
c_15642,h25_48,25-48,0.05969293681859168,0.0018306736601516604,0.030668178811759976,False,mse
c_15642,h49_72,49-72,0.07996175669708182,0.00286067184060812,0.035775500173728915,False,mse
c_15642,h73_96,73-96,0.07532590653543293,0.004585140850394964,0.06087070254160349,False,mse
c_15647,h01_12,1-12,0.053336255146494684,0.007696566637605429,0.14430271897541078,False,mse
c_15647,h13_24,13-24,0.04819171571593549,0.005414627492427826,0.1123559809396323,False,mse
c_15647,h25_48,25-48,0.08572718873827037,0.0038617667742073536,0.0450471645115709,False,mse
c_15647,h49_72,49-72,0.07049514037983336,0.0082118920981884,0.11648876864337145,False,mse
c_15647,h73_96,73-96,0.07125095148280833,0.01189421582967043,0.16693413325912296,False,mse
c_15794,h01_12,1-12,0.0017476097111336344,0.0011204067850485444,0.6411081249495703,False,mse
c_15794,h13_24,13-24,0.005855696934195373,0.0012935232371091843,0.22089996317183488,False,mse
c_15794,h25_48,25-48,0.0069780449707579585,0.0011316633317619562,0.16217484073322538,False,mse
c_15794,h49_72,49-72,0.0012485821376245585,0.0017796525498852134,1.4253387872991858,False,mse
c_15794,h73_96,73-96,0.0014381828933433096,0.0017425467958673835,1.211630873884563,False,mse
c_15856,h01_12,1-12,0.099829510958794,0.008788193576037884,0.08803202070843892,False,mse
c_15856,h13_24,13-24,0.1559143693154337,0.011186537332832813,0.07174795615021916,False,mse
c_15856,h25_48,25-48,0.1803256988598243,0.005968986079096794,0.03310113930980392,False,mse
c_15856,h49_72,49-72,0.14079374353347665,0.007862092927098274,0.055841209486903784,False,mse
c_15856,h73_96,73-96,0.1444394909609355,0.014705442823469639,0.10181040327431513,False,mse
c_16008,h01_12,1-12,0.2115137057687933,0.0033769956789910793,0.015965848013095144,False,mse
c_16008,h13_24,13-24,0.055769857906028036,0.0018953456310555339,0.03398512569727509,False,mse
c_16008,h25_48,25-48,0.09125953771714232,0.001877843402326107,0.02057695501533721,False,mse
c_16008,h49_72,49-72,0.10877724786725947,0.0016810386441648006,0.015453954545863919,False,mse
c_16008,h73_96,73-96,0.14619313123170127,0.0030931257642805576,0.021157805009171513,False,mse
c_16048,h01_12,1-12,0.08402685281090101,0.007803302723914385,0.0928667736904939,False,mse
c_16048,h13_24,13-24,0.08190939753371282,0.005821815226227045,0.07107627941996354,False,mse
c_16048,h25_48,25-48,0.07758508147534053,0.003103627124801278,0.04000288542311743,False,mse
c_16048,h49_72,49-72,0.1171747618969808,0.006035150960087776,0.05150555343473911,False,mse
c_16048,h73_96,73-96,0.12131600282638305,0.01128433644771576,0.09301605876237881,False,mse
c_10032,h01_12,1-12,0.04053588246269994,0.08548857271671295,2.1089604449928356,False,da_mse
c_10032,h13_24,13-24,0.05065455656154127,0.03246363624930382,0.6408828435772224,False,da_mse
c_10032,h25_48,25-48,0.04564658113705899,0.029412277042865753,0.6443478637436633,False,da_mse
c_10032,h49_72,49-72,0.07155978794142372,0.046270452439785004,0.6465985125285774,False,da_mse
c_10032,h73_96,73-96,0.0721848350244561,0.06249714642763138,0.8657932986403231,False,da_mse
c_10034,h01_12,1-12,0.023654718274032937,0.050027087330818176,2.114888317470921,False,da_mse
c_10034,h13_24,13-24,0.030418901904781328,0.05638996884226799,1.8537805545638206,False,da_mse
c_10034,h25_48,25-48,0.05102077267793318,0.029913567006587982,0.5863017245037881,False,da_mse
c_10034,h49_72,49-72,0.0770612114456467,0.036976683884859085,0.47983522697329656,False,da_mse
c_10034,h73_96,73-96,0.05610524719638163,0.04647568613290787,0.8283661235861234,False,da_mse
c_10089,h01_12,1-12,0.05105582461552996,0.09210441261529922,1.8039942221848526,False,da_mse
c_10089,h13_24,13-24,0.09298968892901971,0.03279941529035568,0.35272099162942594,False,da_mse
c_10089,h25_48,25-48,0.07269731413188792,0.035387326031923294,0.4867762510142175,False,da_mse
c_10089,h49_72,49-72,0.054665920072824496,0.04785628616809845,0.875431824880027,False,da_mse
c_10089,h73_96,73-96,0.05890494328410696,0.0591488853096962,1.0041412827513079,False,da_mse
c_10132,h01_12,1-12,0.21496355341671938,0.056378986686468124,0.2622723051901462,False,da_mse
c_10132,h13_24,13-24,0.20840998503088726,0.04595675691962242,0.2205113008995775,False,da_mse
c_10132,h25_48,25-48,0.1870560570052626,0.04441731795668602,0.23745458269462183,False,da_mse
c_10132,h49_72,49-72,0.1775226459577349,0.08046924322843552,0.45329001713727196,False,da_mse
c_10132,h73_96,73-96,0.14118176311894776,0.08150200545787811,0.5772842303237951,False,da_mse
c_1016,h01_12,1-12,0.03796837124542303,0.06581613421440125,1.7334463411394077,False,da_mse
c_1016,h13_24,13-24,0.024930217683359106,0.04062042012810707,1.6293648392497253,False,da_mse
c_1016,h25_48,25-48,0.03435135248057464,0.02972065657377243,0.8651961109996813,False,da_mse
c_1016,h49_72,49-72,0.05027329037729013,0.04151751101016998,0.8258363576083857,False,da_mse
c_1016,h73_96,73-96,0.011724452338143366,0.053081266582012177,4.527398385110233,False,da_mse
c_10306,h01_12,1-12,0.08683027983141892,0.02777973562479019,0.31993143035729676,False,da_mse
c_10306,h13_24,13-24,0.11419217538873998,0.05109709873795509,0.44746584924936605,False,da_mse
c_10306,h25_48,25-48,0.11074148588428481,0.03758154809474945,0.33936286654144127,False,da_mse
c_10306,h49_72,49-72,0.11444055323496954,0.06560926884412766,0.5733043662364913,False,da_mse
c_10306,h73_96,73-96,0.1174036104385856,0.08605074882507324,0.7329480627010768,False,da_mse
c_10312,h01_12,1-12,0.019424581668434412,0.057649850845336914,2.967881204825112,False,da_mse
c_10312,h13_24,13-24,0.007137334387834609,0.016990890726447105,2.380565320774043,False,da_mse
c_10312,h25_48,25-48,0.008349614772013996,0.016896069049835205,2.023574681129838,False,da_mse
c_10312,h49_72,49-72,0.012536346016729929,0.035027846693992615,2.7941033732833684,False,da_mse
c_10312,h73_96,73-96,0.009523610502266466,0.0554986335337162,5.827478299381145,False,da_mse
c_10382,h01_12,1-12,0.060768618764824756,0.05801266059279442,0.9546483328394229,False,da_mse
c_10382,h13_24,13-24,0.0480453142864081,0.06679011881351471,1.3901484422677504,False,da_mse
c_10382,h25_48,25-48,0.06453210779708449,0.02445494756102562,0.3789578303861086,False,da_mse
c_10382,h49_72,49-72,0.07271139426542762,0.05087539181113243,0.6996893997853423,False,da_mse
c_10382,h73_96,73-96,0.1561018544090458,0.06584011763334274,0.4217766527027717,False,da_mse
c_10393,h01_12,1-12,0.08799363013028773,0.04965626075863838,0.5643165384257345,False,da_mse
c_10393,h13_24,13-24,0.0946597522464995,0.056955162435770035,0.6016829865290105,False,da_mse
c_10393,h25_48,25-48,0.06106896445246927,0.03187528997659683,0.521955632658644,False,da_mse
c_10393,h49_72,49-72,0.07146246678589306,0.04150637984275818,0.5808137013673824,False,da_mse
c_10393,h73_96,73-96,0.06347578781552708,0.0602421872317791,0.9490577321679653,False,da_mse
c_10641,h01_12,1-12,0.015794979153175365,0.05181720852851868,3.280612657098793,False,da_mse
c_10641,h13_24,13-24,0.02324699582310927,0.041001927107572556,1.7637516442797112,False,da_mse
c_10641,h25_48,25-48,0.033277522245182545,0.028366032987833023,0.8524082045182755,False,da_mse
c_10641,h49_72,49-72,0.04133531108630111,0.036221981048583984,0.8762963213935572,False,da_mse
c_10641,h73_96,73-96,0.015450204846475453,0.05678620561957359,3.6754338330036984,False,da_mse
c_10695,h01_12,1-12,0.07542674454881489,0.12084206938743591,1.6021116927461851,False,da_mse
c_10695,h13_24,13-24,0.12987505174579123,0.04130081832408905,0.3180042492297021,False,da_mse
c_10695,h25_48,25-48,0.22094013968622475,0.033884063363075256,0.15336309378276305,False,da_mse
c_10695,h49_72,49-72,0.07340598531168965,0.03722556680440903,0.5071189583021779,False,da_mse
c_10695,h73_96,73-96,0.1148528370477217,0.06435725837945938,0.5603453953228752,False,da_mse
c_10733,h01_12,1-12,0.1288950981467406,0.07004833966493607,0.5434523164347922,False,da_mse
c_10733,h13_24,13-24,0.10871062857854079,0.05305460840463638,0.4880351544127603,False,da_mse
c_10733,h25_48,25-48,0.1516462500944718,0.04437759518623352,0.2926389222192266,False,da_mse
c_10733,h49_72,49-72,0.10632462017002045,0.048775821924209595,0.45874437967625625,False,da_mse
c_10733,h73_96,73-96,0.12301329738931928,0.06270788609981537,0.5097651020714776,False,da_mse
c_10878,h01_12,1-12,0.06651784694632948,0.040777865797281265,0.6130364656899261,False,da_mse
c_10878,h13_24,13-24,0.0993349075551151,0.035423047840595245,0.35660221278145426,False,da_mse
c_10878,h25_48,25-48,0.11668261438682621,0.03393936902284622,0.29086911705912266,False,da_mse
c_10878,h49_72,49-72,0.09944231025528662,0.05559847876429558,0.5591028468824196,False,da_mse
c_10878,h73_96,73-96,0.11239746927112033,0.05237807705998421,0.4660076192075114,False,da_mse
c_10898,h01_12,1-12,0.1661654532363575,0.04421118646860123,0.2660672577091836,False,da_mse
c_10898,h13_24,13-24,0.199873202424874,0.05540265142917633,0.27718899160581784,False,da_mse
c_10898,h25_48,25-48,0.1719909859646619,0.0334586463868618,0.19453720902406116,False,da_mse
c_10898,h49_72,49-72,0.12012371012714441,0.028745222836732864,0.23929682829732457,False,da_mse
c_10898,h73_96,73-96,0.12802076863020567,0.03101404383778572,0.2422579099440601,False,da_mse
c_11013,h01_12,1-12,0.10530878118656904,0.028659332543611526,0.2721457054263838,False,da_mse
c_11013,h13_24,13-24,0.12414598867868235,0.03361636772751808,0.2707809417388811,False,da_mse
c_11013,h25_48,25-48,0.07568855765900487,0.03184967860579491,0.4207991219661677,False,da_mse
c_11013,h49_72,49-72,0.06715537090064264,0.0304467361420393,0.45337752935778874,False,da_mse
c_11013,h73_96,73-96,0.027713326995629218,0.03378532826900482,1.2191004087792578,False,da_mse
c_11087,h01_12,1-12,0.09922624974333936,0.1131829172372818,1.1406549933111756,False,da_mse
c_11087,h13_24,13-24,0.014967142653454418,0.047565121203660965,3.1779693896805967,False,da_mse
c_11087,h25_48,25-48,0.11457211819820656,0.03700016811490059,0.32294216687947874,False,da_mse
c_11087,h49_72,49-72,0.07242423940014066,0.05036311596632004,0.695390333173761,False,da_mse
c_11087,h73_96,73-96,0.19973849052108955,0.06602143496274948,0.3305393707067119,False,da_mse
c_11203,h01_12,1-12,0.038206157258272984,0.04192182794213295,1.0972531903363663,False,da_mse
c_11203,h13_24,13-24,0.03930960758317666,0.03498397395014763,0.8899598876972693,False,da_mse
c_11203,h25_48,25-48,0.08345247030024548,0.0242634117603302,0.2907452789957594,False,da_mse
c_11203,h49_72,49-72,0.048203671902179474,0.04566168412566185,0.9472656817166103,False,da_mse
c_11203,h73_96,73-96,0.10915579883029285,0.060229647904634476,0.5517768964182559,False,da_mse
c_11307,h01_12,1-12,0.19869043295503186,0.09057766944169998,0.4558733306610679,False,da_mse
c_11307,h13_24,13-24,0.2606803526737672,0.04701022058725357,0.18033664641418257,False,da_mse
c_11307,h25_48,25-48,0.3969194175464385,0.041232962161302567,0.10388245154692746,False,da_mse
c_11307,h49_72,49-72,0.09318840573354999,0.037631288170814514,0.4038194223261229,False,da_mse
c_11307,h73_96,73-96,0.2007347135399136,0.06843584775924683,0.34092682103855054,False,da_mse
c_11327,h01_12,1-12,0.07065087163399272,0.10421155393123627,1.4750214897716318,False,da_mse
c_11327,h13_24,13-24,0.0633765994144343,0.05105312541127205,0.8055516686438761,False,da_mse
c_11327,h25_48,25-48,0.07537632551786907,0.029809214174747467,0.3954718403947769,False,da_mse
c_11327,h49_72,49-72,0.05351722615557256,0.0548367016017437,1.0246551538813964,False,da_mse
c_11327,h73_96,73-96,0.10148910277509603,0.05971558019518852,0.588394010414307,False,da_mse
c_11461,h01_12,1-12,0.05180590733229026,0.0825660303235054,1.593757055424499,False,da_mse
c_11461,h13_24,13-24,0.06536050858608773,0.03115212544798851,0.4766199976390541,False,da_mse
c_11461,h25_48,25-48,0.02840711214093475,0.02305595576763153,0.8116261749256735,False,da_mse
c_11461,h49_72,49-72,0.043561012216059236,0.0274759903550148,0.6307472888539877,False,da_mse
c_11461,h73_96,73-96,0.04589918321677984,0.05335352197289467,1.1624067844717043,False,da_mse
c_11735,h01_12,1-12,0.01698443393859916,0.04412195831537247,2.5977879789740905,False,da_mse
c_11735,h13_24,13-24,0.012686488600766615,0.041991621255874634,3.3099482904463557,False,da_mse
c_11735,h25_48,25-48,0.027999380723589824,0.027291566133499146,0.9747203483863364,False,da_mse
c_11735,h49_72,49-72,0.17336848138093472,0.038329172879457474,0.221085012536036,False,da_mse
c_11735,h73_96,73-96,0.014907387063832198,0.057765018194913864,3.8749257631514387,False,da_mse
c_11752,h01_12,1-12,0.1347639691033659,0.11153428256511688,0.8276268746549642,False,da_mse
c_11752,h13_24,13-24,0.04238259008086101,0.07884550094604492,1.8603275730817053,False,da_mse
c_11752,h25_48,25-48,0.13797095816705351,0.03788091987371445,0.2745571994060424,False,da_mse
c_11752,h49_72,49-72,0.06506292656067304,0.04136065021157265,0.6357022716001356,False,da_mse
c_11752,h73_96,73-96,0.11996063209067243,0.06372103840112686,0.5311829163501174,False,da_mse
c_1181,h01_12,1-12,0.037755973538323044,0.06596948951482773,1.7472596607227573,False,da_mse
c_1181,h13_24,13-24,0.08170475259964514,0.046440184116363525,0.5683902421676903,False,da_mse
c_1181,h25_48,25-48,0.14673949967229633,0.030086401849985123,0.20503274113088232,False,da_mse
c_1181,h49_72,49-72,0.07262845983628909,0.04161512106657028,0.5729864182770007,False,da_mse
c_1181,h73_96,73-96,0.14273531685228033,0.05680278688669205,0.39795888039032695,False,da_mse
c_1186,h01_12,1-12,0.05817123830183784,0.04153595492243767,0.714029065479347,False,da_mse
c_1186,h13_24,13-24,0.06007854387795334,0.05497327446937561,0.9150234163639379,False,da_mse
c_1186,h25_48,25-48,0.051030857266335106,0.02601732686161995,0.509835191006746,False,da_mse
c_1186,h49_72,49-72,0.05540420935705132,0.037141527980566025,0.6703737570047826,False,da_mse
c_1186,h73_96,73-96,0.05451508767149702,0.0617205835878849,1.1321743433635758,False,da_mse
c_11996,h01_12,1-12,0.053896250356200395,0.05624617263674736,1.043600849131736,False,da_mse
c_11996,h13_24,13-24,0.044745058021890965,0.05743680149316788,1.2836457037348714,False,da_mse
c_11996,h25_48,25-48,0.0767448361314966,0.02667686715722084,0.347604718466165,False,da_mse
c_11996,h49_72,49-72,0.07472298534325209,0.04000799357891083,0.535417494297473,False,da_mse
c_11996,h73_96,73-96,0.09806290566778395,0.057165034115314484,0.582942487029472,False,da_mse
c_12060,h01_12,1-12,0.3056080775300124,0.11748988926410675,0.38444628235511413,False,da_mse
c_12060,h13_24,13-24,0.1806288328617447,0.07364679872989655,0.4077244898452431,False,da_mse
c_12060,h25_48,25-48,0.16604432626524307,0.03814935311675072,0.22975402999202788,False,da_mse
c_12060,h49_72,49-72,0.3326965611822364,0.05291466414928436,0.15904782412313562,False,da_mse
c_12060,h73_96,73-96,0.09674215745089065,0.059256523847579956,0.6125201815729655,False,da_mse
c_12158,h01_12,1-12,0.05227958402838748,0.035620249807834625,0.6813414924742527,False,da_mse
c_12158,h13_24,13-24,0.043527599503747544,0.03920506313443184,0.9006943544188888,False,da_mse
c_12158,h25_48,25-48,0.06730942693030897,0.033613573759794235,0.4993887972719951,False,da_mse
c_12158,h49_72,49-72,0.06574710310240842,0.038432009518146515,0.5845430095723668,False,da_mse
c_12158,h73_96,73-96,0.035708371629386844,0.04828290641307831,1.3521452872228714,False,da_mse
c_12164,h01_12,1-12,0.06312637555938747,0.048518985509872437,0.7686008436240281,False,da_mse
c_12164,h13_24,13-24,0.060390240439809846,0.03562485799193382,0.5899108487147132,False,da_mse
c_12164,h25_48,25-48,0.04665178823891044,0.029790518805384636,0.6385718517974736,False,da_mse
c_12164,h49_72,49-72,0.09409011016636824,0.050799936056137085,0.539907286390819,False,da_mse
c_12164,h73_96,73-96,0.07322900221606173,0.06088285893201828,0.8314036391262546,False,da_mse
c_12174,h01_12,1-12,0.11441651019345146,0.06089293584227562,0.5322041000841571,False,da_mse
c_12174,h13_24,13-24,0.12578045437107035,0.06348453462123871,0.5047249585690813,False,da_mse
c_12174,h25_48,25-48,0.116127277064546,0.036372728645801544,0.3132143417569742,False,da_mse
c_12174,h49_72,49-72,0.13093239661554174,0.03238287940621376,0.24732518645709947,False,da_mse
c_12174,h73_96,73-96,0.13691390753041752,0.04349193722009659,0.3176590165643632,False,da_mse
c_12189,h01_12,1-12,0.030520135420430416,0.043191466480493546,1.4151793851996095,False,da_mse
c_12189,h13_24,13-24,0.026323770908215798,0.03057461977005005,1.161483279757139,False,da_mse
c_12189,h25_48,25-48,0.04573771246917691,0.021550655364990234,0.4711791255304565,False,da_mse
c_12189,h49_72,49-72,0.0361779140212347,0.036810144782066345,1.0174756001813856,False,da_mse
c_12189,h73_96,73-96,0.030430645943546414,0.04523097723722458,1.486362705580916,False,da_mse
c_12193,h01_12,1-12,0.10416717121785303,0.07305093109607697,0.7012855417115992,False,da_mse
c_12193,h13_24,13-24,0.13616285868996217,0.056834351271390915,0.4173998094502455,False,da_mse
c_12193,h25_48,25-48,0.11969440904582641,0.038192156702280045,0.31908054024192334,False,da_mse
c_12193,h49_72,49-72,0.09631418126365811,0.049530040472745895,0.5142549084974145,False,da_mse
c_12193,h73_96,73-96,0.1506756355106616,0.05065891891717911,0.3362117488039037,False,da_mse
c_12231,h01_12,1-12,0.12550662153613812,0.03864728659391403,0.3079302599407953,False,da_mse
c_12231,h13_24,13-24,0.1583129461761609,0.06285350024700165,0.39702059601027284,False,da_mse
c_12231,h25_48,25-48,0.09199073810895649,0.036578673869371414,0.39763431212005906,False,da_mse
c_12231,h49_72,49-72,0.12297879380351531,0.04310733452439308,0.35052656796476783,False,da_mse
c_12231,h73_96,73-96,0.03206323504736178,0.04457249864935875,1.3901435268000588,False,da_mse
c_12237,h01_12,1-12,0.037097361828239424,0.09985563158988953,2.6917178653355607,False,da_mse
c_12237,h13_24,13-24,0.031881776010159346,0.02909068763256073,0.9124550534227072,False,da_mse
c_12237,h25_48,25-48,0.149646156153801,0.031894829124212265,0.2131349708136298,False,da_mse
c_12237,h49_72,49-72,0.12633225072858292,0.05071331188082695,0.40142807231212385,False,da_mse
c_12237,h73_96,73-96,0.16895305493348103,0.0750078335404396,0.44395665748672697,False,da_mse
c_12441,h01_12,1-12,0.09181937795973104,0.05165638029575348,0.5625869118652521,False,da_mse
c_12441,h13_24,13-24,0.006782614887088302,0.02856234274804592,4.211110791859716,False,da_mse
c_12441,h25_48,25-48,0.019508558254712215,0.02257942594587803,1.1574113089789224,False,da_mse
c_12441,h49_72,49-72,0.03456813403319583,0.03788483142852783,1.0959466713519155,False,da_mse
c_12441,h73_96,73-96,0.04647823513913884,0.05229714885354042,1.1251965290201291,False,da_mse
c_12517,h01_12,1-12,0.03178640015889453,0.044290099292993546,1.3933663161476373,False,da_mse
c_12517,h13_24,13-24,0.03912625086816489,0.03807663172483444,0.9731735313238389,False,da_mse
c_12517,h25_48,25-48,0.03132624593871743,0.030029835179448128,0.9586158277054507,False,da_mse
c_12517,h49_72,49-72,0.07529638061324687,0.049998778849840164,0.6640263242751923,False,da_mse
c_12517,h73_96,73-96,0.08170158084508886,0.06755202263593674,0.8268141440741454,False,da_mse
c_12624,h01_12,1-12,0.13244050344835995,0.08405355364084244,0.6346514204668202,False,da_mse
c_12624,h13_24,13-24,0.07030255832879642,0.038045961409807205,0.5411746359481104,False,da_mse
c_12624,h25_48,25-48,0.06573260834398349,0.02907635271549225,0.44234290176549196,False,da_mse
c_12624,h49_72,49-72,0.09655765995127204,0.044533416628837585,0.4612106036052597,False,da_mse
c_12624,h73_96,73-96,0.05710020112297015,0.07785996049642563,1.3635671847941055,False,da_mse
c_12767,h01_12,1-12,0.0903600853951418,0.08106505125761032,0.8971334068921627,False,da_mse
c_12767,h13_24,13-24,0.09185536734215399,0.03394962102174759,0.369598663682743,False,da_mse
c_12767,h25_48,25-48,0.1287102530020357,0.04577933996915817,0.35567749189673425,False,da_mse
c_12767,h49_72,49-72,0.13330466591332243,0.055996693670749664,0.42006551899061,False,da_mse
c_12767,h73_96,73-96,0.10020772052146783,0.07299946248531342,0.7284814194498567,False,da_mse
c_12858,h01_12,1-12,0.05008186793866112,0.05365310236811638,1.0713079319211736,False,da_mse
c_12858,h13_24,13-24,0.026325454134124928,0.04282834380865097,1.6268795816568202,False,da_mse
c_12858,h25_48,25-48,0.07657345742940015,0.033803604543209076,0.441453287836397,False,da_mse
c_12858,h49_72,49-72,0.04852979435166809,0.045493803918361664,0.937440690325075,False,da_mse
c_12858,h73_96,73-96,0.03589614254429503,0.0580219030380249,1.6163826786242332,False,da_mse
c_1286,h01_12,1-12,0.07821681080233693,0.05926504731178284,0.7577021704650241,False,da_mse
c_1286,h13_24,13-24,0.13894961752205573,0.021118050441145897,0.15198350897075186,False,da_mse
c_1286,h25_48,25-48,0.12287743888132457,0.045602694153785706,0.37112341019598344,False,da_mse
c_1286,h49_72,49-72,0.09144950605664146,0.05779845640063286,0.6320259003349236,False,da_mse
c_1286,h73_96,73-96,0.2039986591742881,0.065897136926651,0.32302730416650033,False,da_mse
c_12971,h01_12,1-12,0.16021632284270784,0.03372650220990181,0.21050603091804046,False,da_mse
c_12971,h13_24,13-24,0.055404314492848494,0.03911423310637474,0.7059781077414746,False,da_mse
c_12971,h25_48,25-48,0.11734387805750518,0.03793402388691902,0.3232722875268294,False,da_mse
c_12971,h49_72,49-72,0.1842359553278227,0.056268151849508286,0.30541352120647025,False,da_mse
c_12971,h73_96,73-96,0.10785434175308276,0.06498675048351288,0.6025418117361547,False,da_mse
c_12974,h01_12,1-12,0.0948265132131087,0.021274186670780182,0.22434850707807386,False,da_mse
c_12974,h13_24,13-24,0.1831517757766328,0.04040903598070145,0.22063141790109242,False,da_mse
c_12974,h25_48,25-48,0.12308607638897295,0.034817956387996674,0.2828748580624668,False,da_mse
c_12974,h49_72,49-72,0.097911807397513,0.02542913518846035,0.25971469493173976,False,da_mse
c_12974,h73_96,73-96,0.14868980305925686,0.027055708691477776,0.1819607540988897,False,da_mse
c_12993,h01_12,1-12,0.06481516561273516,0.049554452300071716,0.7645502689317366,False,da_mse
c_12993,h13_24,13-24,0.07650450306696645,0.05675157532095909,0.7418069923450508,False,da_mse
c_12993,h25_48,25-48,0.07142690293594102,0.04156665503978729,0.5819467641914449,False,da_mse
c_12993,h49_72,49-72,0.08129278465824451,0.0388084277510643,0.4773908030610002,False,da_mse
c_12993,h73_96,73-96,0.08042480602040283,0.05704270675778389,0.7092675702980598,False,da_mse
c_12999,h01_12,1-12,0.0732086457513276,0.04455188661813736,0.6085604529479968,False,da_mse
c_12999,h13_24,13-24,0.08327340166110882,0.031711239367723465,0.38080874246948854,False,da_mse
c_12999,h25_48,25-48,0.05954367511458081,0.0270418468862772,0.4541514583075391,False,da_mse
c_12999,h49_72,49-72,0.06804148288757078,0.05698749050498009,0.8375403957486361,False,da_mse
c_12999,h73_96,73-96,0.06831264174277293,0.06923381984233856,1.013484738345126,False,da_mse
c_13020,h01_12,1-12,0.08666013037625324,0.107601098716259,1.241644782313229,False,da_mse
c_13020,h13_24,13-24,0.06412385909103681,0.031140755861997604,0.4856344627946829,False,da_mse
c_13020,h25_48,25-48,0.06738288674346105,0.03464597836136818,0.5141658369916942,False,da_mse
c_13020,h49_72,49-72,0.062159737065813514,0.03890256956219673,0.6258483609898068,False,da_mse
c_13020,h73_96,73-96,0.0954780953146278,0.0658579021692276,0.6897697524464315,False,da_mse
c_13044,h01_12,1-12,0.14945810610911905,0.03825138881802559,0.2559338520595084,False,da_mse
c_13044,h13_24,13-24,0.17923595493158975,0.04316101223230362,0.24080554735112822,False,da_mse
c_13044,h25_48,25-48,0.18798621365257195,0.03700782731175423,0.19686458167698673,False,da_mse
c_13044,h49_72,49-72,0.12981081114573573,0.022684406489133835,0.17474974764364234,False,da_mse
c_13044,h73_96,73-96,0.1707617443872753,0.029059382155537605,0.1701750134950193,False,da_mse
c_13083,h01_12,1-12,0.15741790081388374,0.04199769347906113,0.26679109086021474,False,da_mse
c_13083,h13_24,13-24,0.10690642135831874,0.05962560325860977,0.5577364062983866,False,da_mse
c_13083,h25_48,25-48,0.12917491113916957,0.03689802438020706,0.2856438921057521,False,da_mse
c_13083,h49_72,49-72,0.09472983834626171,0.03796043619513512,0.40072311805684757,False,da_mse
c_13083,h73_96,73-96,0.08166208163620962,0.04596709460020065,0.5628939855461446,False,da_mse
c_13166,h01_12,1-12,0.05629511465348329,0.06500568240880966,1.1547304381373598,False,da_mse
c_13166,h13_24,13-24,0.03878140035338632,0.03854081779718399,0.9937964448418551,False,da_mse
c_13166,h25_48,25-48,0.04659666280828593,0.03151458129286766,0.6763270026982203,False,da_mse
c_13166,h49_72,49-72,0.08035534146778028,0.03267251327633858,0.40660039120658986,False,da_mse
c_13166,h73_96,73-96,0.0731674375051148,0.046037543565034866,0.6292080894840221,False,da_mse
c_13170,h01_12,1-12,0.08480965655104886,0.04561176896095276,0.537813390784079,False,da_mse
c_13170,h13_24,13-24,0.05397929536100427,0.04431257024407387,0.8209179083891147,False,da_mse
c_13170,h25_48,25-48,0.06869091350601844,0.03659563511610031,0.5327580206499064,False,da_mse
c_13170,h49_72,49-72,0.06286287091064553,0.0352390818297863,0.5605706726292503,False,da_mse
c_13170,h73_96,73-96,0.03522498188618933,0.04271895810961723,1.2127460632241251,False,da_mse
c_13229,h01_12,1-12,0.15420586995333782,0.0776977688074112,0.5038574007002605,False,da_mse
c_13229,h13_24,13-24,0.12797939199607605,0.06367667019367218,0.4975540921121469,False,da_mse
c_13229,h25_48,25-48,0.08595952629983619,0.03273953124880791,0.38087147123878806,False,da_mse
c_13229,h49_72,49-72,0.43892002419291287,0.034641966223716736,0.07892546321489083,False,da_mse
c_13229,h73_96,73-96,0.11788655545908738,0.05553214251995087,0.4710642558321533,False,da_mse
c_13269,h01_12,1-12,0.243334001998128,0.07583354413509369,0.3116438455472289,False,da_mse
c_13269,h13_24,13-24,0.11726686593631526,0.040249042212963104,0.3432260416580193,False,da_mse
c_13269,h25_48,25-48,0.17647358094396678,0.03619232401251793,0.20508635807650766,False,da_mse
c_13269,h49_72,49-72,0.12376738744623841,0.07408024370670319,0.5985441337596454,False,da_mse
c_13269,h73_96,73-96,0.17616812395837234,0.06959459185600281,0.39504644933636046,False,da_mse
c_13308,h01_12,1-12,0.0010843330177210246,0.0467953234910965,43.15585961723055,False,da_mse
c_13308,h13_24,13-24,0.0008791741673785739,0.04331415519118309,49.266865199568514,False,da_mse
c_13308,h25_48,25-48,0.001671194976157832,0.028618352487683296,17.124484513158627,False,da_mse
c_13308,h49_72,49-72,0.006010820178215061,0.03631529584527016,6.041654012024386,False,da_mse
c_13308,h73_96,73-96,0.0019499702498969925,0.046257924288511276,23.72237437517565,False,da_mse
c_13389,h01_12,1-12,0.09988355514666614,0.05052340403199196,0.5058230452230584,False,da_mse
c_13389,h13_24,13-24,0.12762195290866604,0.04654419794678688,0.3647036962370942,False,da_mse
c_13389,h25_48,25-48,0.07603072733709615,0.0262589268386364,0.34537255867897515,False,da_mse
c_13389,h49_72,49-72,0.02210724201467542,0.02893717773258686,1.3089456257536574,False,da_mse
c_13389,h73_96,73-96,0.057785679499765735,0.03990861400961876,0.69063156053708,False,da_mse
c_13403,h01_12,1-12,0.024045157737471685,0.07496912777423859,3.1178472020338464,False,da_mse
c_13403,h13_24,13-24,0.09253194366189835,0.05776587128639221,0.6242803187779392,False,da_mse
c_13403,h25_48,25-48,0.0763981416171725,0.027392253279685974,0.3585460680044715,False,da_mse
c_13403,h49_72,49-72,0.03353810314832428,0.03544946759939194,1.0569908334593203,False,da_mse
c_13403,h73_96,73-96,0.06283427835994383,0.052765630185604095,0.8397586725407769,False,da_mse
c_13441,h01_12,1-12,0.018891612861400474,0.05813903361558914,3.0775050305196214,False,da_mse
c_13441,h13_24,13-24,0.06473735853564731,0.029548075050115585,0.4564300385201086,False,da_mse
c_13441,h25_48,25-48,0.05570331255320268,0.019764365628361702,0.3548149063753542,False,da_mse
c_13441,h49_72,49-72,0.035117683904010495,0.036425333470106125,1.037236213232909,False,da_mse
c_13441,h73_96,73-96,0.06595605265690421,0.06433430314064026,0.9754116650264062,False,da_mse
c_13607,h01_12,1-12,0.10997819953683163,0.04280960187315941,0.3892553438176854,False,da_mse
c_13607,h13_24,13-24,0.0988806095480788,0.05051202327013016,0.5108385102093213,False,da_mse
c_13607,h25_48,25-48,0.06766139868872875,0.02747638151049614,0.40608651377278193,False,da_mse
c_13607,h49_72,49-72,0.4607508543340293,0.027594387531280518,0.05989004094450466,False,da_mse
c_13607,h73_96,73-96,0.036076890983348,0.04317867383360863,1.1968512988976405,False,da_mse
c_13615,h01_12,1-12,0.05271041221038608,0.03466349467635155,0.6576213924868802,False,da_mse
c_13615,h13_24,13-24,0.027815482356496113,0.05646998807787895,2.030163897721902,False,da_mse
c_13615,h25_48,25-48,0.07956656414373109,0.03337901458144188,0.41951056880054755,False,da_mse
c_13615,h49_72,49-72,0.01698097379006691,0.03385346010327339,1.99361123347803,False,da_mse
c_13615,h73_96,73-96,0.01699580904368752,0.039670251309871674,2.3341196178363606,False,da_mse
c_13658,h01_12,1-12,0.09678033042663026,0.07436931878328323,0.7684342309583563,False,da_mse
c_13658,h13_24,13-24,0.10004633770618261,0.040505509823560715,0.4048674919267692,False,da_mse
c_13658,h25_48,25-48,0.13074692255145393,0.050571005791425705,0.3867854386517134,False,da_mse
c_13658,h49_72,49-72,0.7709513763333288,0.043593861162662506,0.05654553905850251,False,da_mse
c_13658,h73_96,73-96,0.08738762054947738,0.06297744065523148,0.7206677588798144,False,da_mse
c_13690,h01_12,1-12,0.04112453391721241,0.04814424738287926,1.1706940552760599,False,da_mse
c_13690,h13_24,13-24,0.033245492557616114,0.04557609185576439,1.3708953710575569,False,da_mse
c_13690,h25_48,25-48,0.020471274258686036,0.026141159236431122,1.276967857794164,False,da_mse
c_13690,h49_72,49-72,0.019372443544073206,0.03865203261375427,1.995206878565376,False,da_mse
c_13690,h73_96,73-96,0.09099507326592197,0.055779024958610535,0.6129895054384226,False,da_mse
c_1379,h01_12,1-12,0.04023198643739591,0.07378126680850983,1.833895696980292,False,da_mse
c_1379,h13_24,13-24,0.13247915402146646,0.020910719409585,0.1578415831836962,False,da_mse
c_1379,h25_48,25-48,0.06239535259636748,0.022513704374432564,0.360823417732289,False,da_mse
c_1379,h49_72,49-72,0.06334730321152784,0.05377602577209473,0.8489078941928604,False,da_mse
c_1379,h73_96,73-96,0.09017004363475019,0.0535375215113163,0.5937395542158054,False,da_mse
c_1387,h01_12,1-12,0.012288984857202681,0.021875295788049698,1.7800734594630407,False,da_mse
c_1387,h13_24,13-24,0.007366970784721174,0.012424267828464508,1.6864825708596514,False,da_mse
c_1387,h25_48,25-48,0.021613176874830515,0.01588200218975544,0.7348296033356726,False,da_mse
c_1387,h49_72,49-72,0.01603869097620829,0.024829907342791557,1.5481255533649294,False,da_mse
c_1387,h73_96,73-96,0.019098576804651678,0.026512939482927322,1.3882154546965924,False,da_mse
c_13873,h01_12,1-12,0.054195069221635216,0.06812649965286255,1.2570608476253364,False,da_mse
c_13873,h13_24,13-24,0.22796243669984445,0.032151754945516586,0.14103970553644518,False,da_mse
c_13873,h25_48,25-48,0.19178441805480945,0.03311370313167572,0.17266107156949664,False,da_mse
c_13873,h49_72,49-72,0.7818357347248144,0.052770521491765976,0.06749566328065039,False,da_mse
c_13873,h73_96,73-96,0.0763429342581777,0.06979485601186752,0.9142281036229786,False,da_mse
c_14106,h01_12,1-12,0.0007055176996474671,0.024066099897027016,34.11126313209769,False,da_mse
c_14106,h13_24,13-24,0.0010489385863761663,0.014613601379096508,13.93179883827425,False,da_mse
c_14106,h25_48,25-48,0.007427994569968468,0.017049366608262062,2.2952852816011737,False,da_mse
c_14106,h49_72,49-72,0.0037461465627388326,0.02763110212981701,7.375873225209781,False,da_mse
c_14106,h73_96,73-96,0.32900235527421107,0.03624928370118141,0.11017940485857312,False,da_mse
c_14135,h01_12,1-12,0.1711757539785129,0.06942027062177658,0.4055496704894939,False,da_mse
c_14135,h13_24,13-24,0.04788195694375397,0.04039452597498894,0.84362729832533,False,da_mse
c_14135,h25_48,25-48,0.07966637924547568,0.03829801455140114,0.48072995050262834,False,da_mse
c_14135,h49_72,49-72,0.06818577243114042,0.04091477766633034,0.6000486055598979,False,da_mse
c_14135,h73_96,73-96,0.11027705560406681,0.06688477098941803,0.6065157491106559,False,da_mse
c_14296,h01_12,1-12,0.09346565979095803,0.03499773144721985,0.3744448124101893,False,da_mse
c_14296,h13_24,13-24,0.05045697641115961,0.03481998294591904,0.6900925386844599,False,da_mse
c_14296,h25_48,25-48,0.06370189693836598,0.026662863790988922,0.4185568259731145,False,da_mse
c_14296,h49_72,49-72,0.04141437205696906,0.030842183157801628,0.7447217385156905,False,da_mse
c_14296,h73_96,73-96,0.08847963037390863,0.03852168098092079,0.4353734392665397,False,da_mse
c_14363,h01_12,1-12,0.09112701430473812,0.07467672228813171,0.8194795238040508,False,da_mse
c_14363,h13_24,13-24,0.14193826672144041,0.07504162192344666,0.5286919705079877,False,da_mse
c_14363,h25_48,25-48,0.13526783629365607,0.03905206918716431,0.28870181010647106,False,da_mse
c_14363,h49_72,49-72,0.07000393932681613,0.03449169546365738,0.4927107787839131,False,da_mse
c_14363,h73_96,73-96,0.3860198102999499,0.04857439920306206,0.1258339543903671,False,da_mse
c_14388,h01_12,1-12,0.01839365620175424,0.04191676154732704,2.2788705566503604,False,da_mse
c_14388,h13_24,13-24,0.017575146351775053,0.04886825010180473,2.780531616845918,False,da_mse
c_14388,h25_48,25-48,0.026334540067170436,0.030869409441947937,1.1722023381919942,False,da_mse
c_14388,h49_72,49-72,0.023063005282922443,0.0375656858086586,1.6288287388320122,False,da_mse
c_14388,h73_96,73-96,0.023722060539234483,0.04594957083463669,1.9369974525880496,False,da_mse
c_14396,h01_12,1-12,0.09570702185725845,0.019411541521549225,0.2028225426395613,False,da_mse
c_14396,h13_24,13-24,0.06374852656203359,0.04930852726101875,0.7734849716571364,False,da_mse
c_14396,h25_48,25-48,0.12551617880925697,0.028980357572436333,0.230889418777454,False,da_mse
c_14396,h49_72,49-72,0.03917142281422224,0.032291658222675323,0.8243677636072736,False,da_mse
c_14396,h73_96,73-96,0.07258845640883187,0.040628012269735336,0.5597034884019397,False,da_mse
c_14413,h01_12,1-12,0.16121903875612767,0.04113760590553284,0.25516592967509716,False,da_mse
c_14413,h13_24,13-24,0.1358004968003744,0.02300741896033287,0.16942072748197368,False,da_mse
c_14413,h25_48,25-48,0.18559889957402137,0.025949282571673393,0.13981377384904262,False,da_mse
c_14413,h49_72,49-72,0.11046322560433067,0.032775137573480606,0.29670632370340333,False,da_mse
c_14413,h73_96,73-96,0.15976180031602255,0.03506799042224884,0.21950172289546904,False,da_mse
c_14416,h01_12,1-12,0.08143516298718315,0.03883162513375282,0.4768410071195464,False,da_mse
c_14416,h13_24,13-24,0.06493676990580968,0.054662853479385376,0.8417858411909531,False,da_mse
c_14416,h25_48,25-48,0.18604977553882468,0.038165826350450516,0.205137717795774,False,da_mse
c_14416,h49_72,49-72,0.14230077916785505,0.039346396923065186,0.2765016267173983,False,da_mse
c_14416,h73_96,73-96,0.4447876326757564,0.048090819269418716,0.10812085529472491,False,da_mse
c_14417,h01_12,1-12,0.04232545723849893,0.05171222984790802,1.2217760473682715,False,da_mse
c_14417,h13_24,13-24,0.08602023334976475,0.022624637931585312,0.2630153052432656,False,da_mse
c_14417,h25_48,25-48,0.04847367997446383,0.017927642911672592,0.36984282854359235,False,da_mse
c_14417,h49_72,49-72,0.0661807410638243,0.028092127293348312,0.4244758647573384,False,da_mse
c_14417,h73_96,73-96,0.04321347429068899,0.045778144150972366,1.059348846682202,False,da_mse
c_14435,h01_12,1-12,0.018652572736671303,0.022261211648583412,1.193466014734657,False,da_mse
c_14435,h13_24,13-24,0.011570635613038421,0.0409010611474514,3.534901842502227,False,da_mse
c_14435,h25_48,25-48,0.018321116532128392,0.03147512301802635,1.7179696970340617,False,da_mse
c_14435,h49_72,49-72,0.014019400891945564,0.04657648131251335,3.322287569312074,False,da_mse
c_14435,h73_96,73-96,0.016892612220605105,0.054812461137771606,3.2447593315918897,False,da_mse
c_14471,h01_12,1-12,0.0431530483898938,0.046042803674936295,1.0669652641670446,False,da_mse
c_14471,h13_24,13-24,0.03801619589564805,0.027529384940862656,0.7241488605653496,False,da_mse
c_14471,h25_48,25-48,0.048250664824536264,0.018452804535627365,0.38243627528721236,False,da_mse
c_14471,h49_72,49-72,0.024288594582738864,0.031984444707632065,1.3168503677179575,False,da_mse
c_14471,h73_96,73-96,0.03307308634841355,0.05102710798382759,1.542858971378559,False,da_mse
c_14820,h01_12,1-12,0.09572521597659543,0.11013643443584442,1.1505477769073145,False,da_mse
c_14820,h13_24,13-24,0.04719578947117345,0.059699300676584244,1.2649285316658971,False,da_mse
c_14820,h25_48,25-48,0.038859060156315815,0.0603942945599556,1.5541882463706378,False,da_mse
c_14820,h49_72,49-72,0.13566212524456853,0.06445636600255966,0.4751242536290746,False,da_mse
c_14820,h73_96,73-96,0.11350768190157264,0.08177336305379868,0.7204213995375912,False,da_mse
c_14855,h01_12,1-12,0.05423612094289056,0.04841792583465576,0.8927247191154907,False,da_mse
c_14855,h13_24,13-24,0.059759455403393634,0.054372645914554596,0.9098584575030594,False,da_mse
c_14855,h25_48,25-48,0.04020391167314749,0.026639575138688087,0.6626115228603705,False,da_mse
c_14855,h49_72,49-72,0.03764618660273117,0.035640377551317215,0.9467194626488826,False,da_mse
c_14855,h73_96,73-96,0.027445246256957725,0.057530101388692856,2.0961772705576736,False,da_mse
c_14886,h01_12,1-12,0.040585280331781486,0.06378903239965439,1.5717282689237095,False,da_mse
c_14886,h13_24,13-24,0.06795909822200319,0.03513656556606293,0.517025188463827,False,da_mse
c_14886,h25_48,25-48,0.03435408914507549,0.022851860150694847,0.6651860293600758,False,da_mse
c_14886,h49_72,49-72,0.03719395510855238,0.04044431447982788,1.0873894524470218,False,da_mse
c_14886,h73_96,73-96,0.05429888576202515,0.057231638580560684,1.054011289133793,False,da_mse
c_1494,h01_12,1-12,0.07399957125216088,0.038791313767433167,0.5242099800179642,False,da_mse
c_1494,h13_24,13-24,0.02839489164228416,0.045072272419929504,1.5873373629223604,False,da_mse
c_1494,h25_48,25-48,0.05352006007348058,0.030612029135227203,0.5719729965399571,False,da_mse
c_1494,h49_72,49-72,0.09699318986236458,0.05575138330459595,0.5747968840256554,False,da_mse
c_1494,h73_96,73-96,0.08496623014805142,0.0664648711681366,0.782250442938604,False,da_mse
c_14964,h01_12,1-12,0.07695337249114674,0.07893112301826477,1.02570063485321,False,da_mse
c_14964,h13_24,13-24,0.11855802036644444,0.05859978869557381,0.49427097816285187,False,da_mse
c_14964,h25_48,25-48,0.22878026744462954,0.036932289600372314,0.16143127207992639,False,da_mse
c_14964,h49_72,49-72,0.10001031081936802,0.0507226400077343,0.507174106271364,False,da_mse
c_14964,h73_96,73-96,0.06850870032512077,0.06505356729030609,0.9495665073426046,False,da_mse
c_15030,h01_12,1-12,0.11635452397216438,0.08670718967914581,0.7451982674939985,False,da_mse
c_15030,h13_24,13-24,0.037968854582036936,0.050396185368299484,1.3273032837851768,False,da_mse
c_15030,h25_48,25-48,0.13520399267804406,0.02371997945010662,0.1754384540003199,False,da_mse
c_15030,h49_72,49-72,0.08951512939799118,0.03241603448987007,0.36212911390370534,False,da_mse
c_15030,h73_96,73-96,0.09498440377763671,0.05023923143744469,0.5289208484695789,False,da_mse
c_15035,h01_12,1-12,0.0007326259446600034,0.033860135823488235,46.21749484889185,False,da_mse
c_15035,h13_24,13-24,0.0009660611018634739,0.047318343073129654,48.980693852444126,False,da_mse
c_15035,h25_48,25-48,0.0023001285722788556,0.03146372735500336,13.679116782515607,False,da_mse
c_15035,h49_72,49-72,0.796640731192317,0.04402490332722664,0.05526318402190584,False,da_mse
c_15035,h73_96,73-96,0.004334817160891965,0.05264384672045708,12.144421498420172,False,da_mse
c_15072,h01_12,1-12,0.06621285180957041,0.06683976948261261,1.0094682173612644,False,da_mse
c_15072,h13_24,13-24,0.07541501178447974,0.03222617506980896,0.4273177754305018,False,da_mse
c_15072,h25_48,25-48,0.06029813041981612,0.04491691291332245,0.7449138572057807,False,da_mse
c_15072,h49_72,49-72,0.2946221577959943,0.05041124299168587,0.17110472399225385,False,da_mse
c_15072,h73_96,73-96,0.07637537315132939,0.060400232672691345,0.790833879829496,False,da_mse
c_15179,h01_12,1-12,0.09753313454987585,0.0916142538189888,0.939314154536269,False,da_mse
c_15179,h13_24,13-24,0.05683702453331102,0.027895435690879822,0.49079690430541234,False,da_mse
c_15179,h25_48,25-48,0.07523132214295586,0.046387434005737305,0.6165973517997079,False,da_mse
c_15179,h49_72,49-72,0.07666852883681742,0.06122516840696335,0.7985697565330362,False,da_mse
c_15179,h73_96,73-96,0.11308821055997362,0.08247829228639603,0.7293270613974004,False,da_mse
c_15235,h01_12,1-12,0.04451500931236469,0.04026991128921509,0.9046367036933212,False,da_mse
c_15235,h13_24,13-24,0.032979252594280195,0.04742107912898064,1.437906422937104,False,da_mse
c_15235,h25_48,25-48,0.043849779829786564,0.026698516681790352,0.6088631866665476,False,da_mse
c_15235,h49_72,49-72,0.03620608094783059,0.042100246995687485,1.1627949199017096,False,da_mse
c_15235,h73_96,73-96,0.031563678070725264,0.05675550922751427,1.7981272366402055,False,da_mse
c_15282,h01_12,1-12,0.13104256618688595,0.048802003264427185,0.37241336677449033,False,da_mse
c_15282,h13_24,13-24,0.14365564917956397,0.06520505994558334,0.45389833478862746,False,da_mse
c_15282,h25_48,25-48,0.2209067055540358,0.04811098054051399,0.21778868332607318,False,da_mse
c_15282,h49_72,49-72,0.13659173750965967,0.051894377917051315,0.37992325790116976,False,da_mse
c_15282,h73_96,73-96,0.23868920941514757,0.06785029917955399,0.2842621136741178,False,da_mse
c_15420,h01_12,1-12,0.1756734952132254,0.09719224274158478,0.5532550179161447,False,da_mse
c_15420,h13_24,13-24,0.22221945254111114,0.046004459261894226,0.20702264691874034,False,da_mse
c_15420,h25_48,25-48,0.20585581185275428,0.05361352115869522,0.2604421059389093,False,da_mse
c_15420,h49_72,49-72,0.18151609444765998,0.06750570237636566,0.3718992664632881,False,da_mse
c_15420,h73_96,73-96,0.21635417217231828,0.08568646013736725,0.39604718169761516,False,da_mse
c_15446,h01_12,1-12,0.011194614701679397,0.03769563138484955,3.3673004734316145,False,da_mse
c_15446,h13_24,13-24,0.24646869241625524,0.041522882878780365,0.16847122639273523,False,da_mse
c_15446,h25_48,25-48,0.0434188482637408,0.02759166806936264,0.6354767381613049,False,da_mse
c_15446,h49_72,49-72,0.017831608279677284,0.03846081346273422,2.156889768970984,False,da_mse
c_15446,h73_96,73-96,0.0021113817474988717,0.05049329623579979,23.91481137677438,False,da_mse
c_15486,h01_12,1-12,0.21762336057402779,0.10286054760217667,0.4726539803946605,False,da_mse
c_15486,h13_24,13-24,0.1969831920467602,0.07331762462854385,0.37220243954184473,False,da_mse
c_15486,h25_48,25-48,0.2250372521141746,0.03421939164400101,0.1520610091107916,False,da_mse
c_15486,h49_72,49-72,0.213557226352036,0.044154293835163116,0.20675626196033034,False,da_mse
c_15486,h73_96,73-96,0.1918993693825233,0.062408365309238434,0.3252140197753151,False,da_mse
c_15527,h01_12,1-12,0.09696833059272017,0.06695448607206345,0.69047786697784,False,da_mse
c_15527,h13_24,13-24,0.07615586328256507,0.046239402145147324,0.607167986180957,False,da_mse
c_15527,h25_48,25-48,0.09924151126191451,0.03908654302358627,0.3938527590579563,False,da_mse
c_15527,h49_72,49-72,0.1310380067642107,0.05404210835695267,0.41241552501783574,False,da_mse
c_15527,h73_96,73-96,0.12146017262854422,0.07758821547031403,0.6387955310058575,False,da_mse
c_15555,h01_12,1-12,0.334516481013082,0.07055710256099701,0.21092264975200942,False,da_mse
c_15555,h13_24,13-24,0.3540217396254305,0.07877674698829651,0.22251951835400147,False,da_mse
c_15555,h25_48,25-48,0.38222731623701045,0.06295905262231827,0.16471625639460785,False,da_mse
c_15555,h49_72,49-72,0.3304098246720326,0.05154898762702942,0.15601529911587025,False,da_mse
c_15555,h73_96,73-96,0.34828956918339715,0.06957534700632095,0.1997629362528655,False,da_mse
c_15570,h01_12,1-12,0.022779063164049995,0.03132262080907822,1.3750618532245742,False,da_mse
c_15570,h13_24,13-24,0.023952365942705608,0.027849853038787842,1.1627182511074303,False,da_mse
c_15570,h25_48,25-48,0.028155269228218868,0.025803443044424057,0.9164694123600255,False,da_mse
c_15570,h49_72,49-72,0.03789151788319226,0.03389471396803856,0.8945198255853829,False,da_mse
c_15570,h73_96,73-96,0.032816463030241314,0.04865410923957825,1.4826128335263336,False,da_mse
c_15604,h01_12,1-12,0.11810168029273052,0.0727020874619484,0.6155889338893971,False,da_mse
c_15604,h13_24,13-24,0.17750738072342012,0.06323684006929398,0.35624907432905734,False,da_mse
c_15604,h25_48,25-48,0.20005899896398432,0.027093946933746338,0.13542978358411126,False,da_mse
c_15604,h49_72,49-72,1.0379397665665226,0.043088894337415695,0.0415138678807467,False,da_mse
c_15604,h73_96,73-96,0.10265920113236858,0.05294003337621689,0.5156871745763549,False,da_mse
c_15616,h01_12,1-12,0.023586100529827396,0.05817176401615143,2.466357842517732,False,da_mse
c_15616,h13_24,13-24,0.02284598903722549,0.02690187282860279,1.177531547650163,False,da_mse
c_15616,h25_48,25-48,0.06188001331843746,0.021677294746041298,0.3503117336851387,False,da_mse
c_15616,h49_72,49-72,0.06377280738987129,0.029507145285606384,0.4626916470089861,False,da_mse
c_15616,h73_96,73-96,0.02385458907380935,0.04643988609313965,1.9467904456223626,False,da_mse
c_15630,h01_12,1-12,0.03177417755721633,0.03898653760552406,1.2269880954533066,False,da_mse
c_15630,h13_24,13-24,0.0490315300992223,0.02715015783905983,0.5537285453690229,False,da_mse
c_15630,h25_48,25-48,0.11156328934432415,0.02288760431110859,0.20515354509196362,False,da_mse
c_15630,h49_72,49-72,0.11163839591133153,0.04278998821973801,0.38329096249039474,False,da_mse
c_15630,h73_96,73-96,0.08501379744000118,0.05162952095270157,0.6073075489792031,False,da_mse
c_15640,h01_12,1-12,0.21886526266194012,0.04062342271208763,0.18560927493932503,False,da_mse
c_15640,h13_24,13-24,0.06964199489732895,0.022136438637971878,0.3178604902201172,False,da_mse
c_15640,h25_48,25-48,0.1332044042799961,0.023403730243444443,0.17569787102722012,False,da_mse
c_15640,h49_72,49-72,0.062108733389987965,0.043423257768154144,0.6991489827283138,False,da_mse
c_15640,h73_96,73-96,0.03209590222249376,0.05530981346964836,1.7232671350452209,False,da_mse
c_15642,h01_12,1-12,0.09441359495156279,0.04953790828585625,0.5246904146724928,False,da_mse
c_15642,h13_24,13-24,0.09795733002376998,0.042936377227306366,0.4383171449945356,False,da_mse
c_15642,h25_48,25-48,0.05969293681859168,0.04161778464913368,0.6971978070975325,False,da_mse
c_15642,h49_72,49-72,0.07996175669708182,0.04974968731403351,0.6221685136620956,False,da_mse
c_15642,h73_96,73-96,0.07532590653543293,0.06834980100393295,0.9073876989689005,False,da_mse
c_15647,h01_12,1-12,0.053336255146494684,0.09874282777309418,1.8513265976751587,False,da_mse
c_15647,h13_24,13-24,0.04819171571593549,0.019437922164797783,0.4033457177448088,False,da_mse
c_15647,h25_48,25-48,0.08572718873827037,0.029808104038238525,0.34770887132720796,False,da_mse
c_15647,h49_72,49-72,0.07049514037983336,0.0509989894926548,0.7234397891523903,False,da_mse
c_15647,h73_96,73-96,0.07125095148280833,0.06749961525201797,0.9473503700270517,False,da_mse
c_15794,h01_12,1-12,0.0017476097111336344,0.033596377819776535,19.224188104324124,False,da_mse
c_15794,h13_24,13-24,0.005855696934195373,0.025305313989520073,4.321486284876739,False,da_mse
c_15794,h25_48,25-48,0.0069780449707579585,0.021878791972994804,3.135375605155826,False,da_mse
c_15794,h49_72,49-72,0.0012485821376245585,0.02863226644694805,22.9318244944792,False,da_mse
c_15794,h73_96,73-96,0.0014381828933433096,0.037291269749403,25.92943492931756,False,da_mse
c_15856,h01_12,1-12,0.099829510958794,0.061187744140625,0.6129224069411807,False,da_mse
c_15856,h13_24,13-24,0.1559143693154337,0.08698655664920807,0.5579123786417896,False,da_mse
c_15856,h25_48,25-48,0.1803256988598243,0.04273277521133423,0.23697551420306673,False,da_mse
c_15856,h49_72,49-72,0.14079374353347665,0.050468940287828445,0.358460106402586,False,da_mse
c_15856,h73_96,73-96,0.1444394909609355,0.0705249235033989,0.48826621469105547,False,da_mse
c_16008,h01_12,1-12,0.2115137057687933,0.03129466250538826,0.14795571942556107,False,da_mse
c_16008,h13_24,13-24,0.055769857906028036,0.02656986378133297,0.4764197862240042,False,da_mse
c_16008,h25_48,25-48,0.09125953771714232,0.026983801275491714,0.29568198514359817,False,da_mse
c_16008,h49_72,49-72,0.10877724786725947,0.03167138993740082,0.29115822066071495,False,da_mse
c_16008,h73_96,73-96,0.14619313123170127,0.02130776271224022,0.14575077866325728,False,da_mse
c_16048,h01_12,1-12,0.08402685281090101,0.05615127459168434,0.6682539297056678,False,da_mse
c_16048,h13_24,13-24,0.08190939753371282,0.048876505345106125,0.5967142576648693,False,da_mse
c_16048,h25_48,25-48,0.07758508147534053,0.04521440714597702,0.5827719232382048,False,da_mse
c_16048,h49_72,49-72,0.1171747618969808,0.037020131945610046,0.31593946807553897,False,da_mse
c_16048,h73_96,73-96,0.12131600282638305,0.04705936461687088,0.3879073124773008,False,da_mse
