container_id,threshold,day1_steps,peak_steps,peak_fraction,prophet_peak_mae,hybrid_peak_mae,mean_residual_correction_at_peaks,peak_error_reduction,contribution_ratio
c_10032,4.0,96,18,0.1875,0.6927680548138324,0.6967894924924349,0.013318464902113167,-0.004021437678602524,-0.00580488325155698
c_10034,21.0,96,0,0.0,,,,,
c_10089,12.5,96,19,0.19791666666666666,1.1841258866055373,1.1903451512972847,0.029589399781176133,-0.006219264691747384,-0.005252198910688269
c_10132,4.0,96,15,0.15625,1.4383931395627805,1.4417810238151747,0.014591455040499569,-0.0033878842523942243,-0.002355325647217713
c_1016,3.0,96,8,0.08333333333333333,1.3504920959501772,1.3688930860997073,0.0193742034243769,-0.018400990149530116,-0.01362539640528853
c_10306,1.0,96,22,0.22916666666666666,0.5078593522669527,0.511627039603505,0.006041827986006287,-0.0037676873365523056,-0.007418761355352274
c_10312,1.5,96,26,0.2708333333333333,0.5735143172310256,0.5728777359909583,0.029704801715454865,0.0006365812400673798,0.0011099657339695484
c_10382,5.0,96,15,0.15625,1.117839389355874,1.1316218498777806,0.028037550766021012,-0.01378246052190657,-0.01232955346997421
c_10393,19.0,96,9,0.09375,2.537604972589434,2.557854687596422,0.03623403506935574,-0.020249715006988023,-0.007979853139365787
c_10641,5.0,96,45,0.46875,0.8900486499753233,0.9022718581434664,0.02704132532987084,-0.012223208168143151,-0.01373319106599627
c_10695,3.6,96,20,0.20833333333333334,1.5763589033621834,1.571552856362309,0.019559208085411228,0.004806046999874525,0.0030488278967586674
c_10733,38.5,96,39,0.40625,1.7566999370960956,1.76665974633193,0.026106247605266385,-0.009959809235834394,-0.005669613247836969
c_10878,3.0000000000000004,96,16,0.16666666666666666,0.8967209567345604,0.898297416379199,0.00971162106907289,-0.0015764596446385948,-0.001758026990223721
c_10898,3.3333333333333335,96,14,0.14583333333333334,1.6196416026564344,1.6246479388227582,0.01755241583201236,-0.005006336166323733,-0.0030910148011218373
c_11013,37.735,96,8,0.08333333333333333,10.86443913911879,10.835154969687014,0.21205681463470727,0.02928416943177581,0.0026954147431628057
c_11087,24.500000000000004,96,5,0.052083333333333336,43.27353494142693,43.23916253795427,0.18903593737632035,0.03437240347265913,0.0007943054229145836
c_11203,23.5,96,33,0.34375,2.314928161733958,2.3322634421889576,0.04136155542536554,-0.01733528045499977,-0.0074884744768991315
c_11307,13.0,96,22,0.22916666666666666,5.734440167026687,5.69471173357367,0.06790630566882266,0.0397284334530168,0.006928040453095534
c_11327,8.0,96,17,0.17708333333333334,1.066404182464903,1.08265225492821,0.02827836065005292,-0.01624807246330695,-0.015236317271140953
c_11461,19.0,96,14,0.14583333333333334,3.5837913472360907,3.416398749569283,0.18193501979112575,0.16739259766680759,0.04670824315592618
c_11735,9.5,96,44,0.4583333333333333,3.7808018246457875,3.8135297373296067,0.04566213650449564,-0.03272791268381914,-0.008656341750174996
c_11752,2.0,96,23,0.23958333333333334,0.8796253398666304,0.8865021799000773,0.02312511387888504,-0.006876840033446907,-0.007817919427479864
c_1181,36.366666666666674,96,12,0.125,20.430119408419007,20.415039675876113,0.09645906281851542,0.015079732542893964,0.000738112795203722
c_1186,22.0,96,27,0.28125,1.0730188576551745,1.0553643706796854,0.04444147921520341,0.017654486975489103,0.016453100380797364
c_11996,14.666666666666666,96,6,0.0625,2.747921478347759,2.7418872416117455,0.04406624507100787,0.006034236736013554,0.0021959276433334463
c_12060,0.5,96,10,0.10416666666666667,0.6140674239690197,0.614527426979832,0.004176666654529981,-0.0004600030108122821,-0.0007491083110044439
c_12158,43.666666666666664,96,14,0.14583333333333334,2.411616509361621,2.4259045492626448,0.11923122502464269,-0.014288039901023897,-0.005924673282654747
c_12164,8.0,96,22,0.22916666666666666,1.4536859709554972,1.4511566009139438,0.060516252040873623,0.0025293700415534026,0.0017399700431110759
c_12174,7.0,96,23,0.23958333333333334,1.0316501506767246,1.0405300779876554,0.042652549606788416,-0.00887992731093079,-0.008607498680735794
c_12189,3.4999999999999996,96,21,0.21875,0.555660636347225,0.5643280636991823,0.014020086806426857,-0.008667427351957357,-0.015598418863957816
c_12193,3.0,96,13,0.13541666666666666,0.9083960389502965,0.9129152041856412,0.007447880306221506,-0.00451916523534468,-0.0049748843473237
c_12231,7.0,96,60,0.625,5.297216791710426,5.835412098924861,1.2398683712559024,-0.5381953072144352,-0.10159963776763921
c_12237,67.0,96,50,0.5208333333333334,5.476011740359278,5.533241702475253,0.480773599184613,-0.05722996211597575,-0.01045102984242706
c_12441,16.666666666666668,96,18,0.1875,4.034130572901022,4.05010830099551,0.06097183606187981,-0.015977728094488164,-0.003960637318439167
c_12517,22.733333333333338,96,29,0.3020833333333333,1.7941257022461554,1.7975338481994705,0.039110179357270805,-0.003408145953315067,-0.0018996138057931166
c_12624,2.5,96,20,0.20833333333333334,0.62547838509913,0.6282421715347618,0.026800897326514538,-0.0027637864356317987,-0.004418676170870038
c_12767,5.666666666666667,96,9,0.09375,1.3065799354879117,1.3226143616813892,0.04204763888588382,-0.016034426193477502,-0.012272059104818428
c_12858,3.0,96,9,0.09375,0.9684368981998226,0.9800768236267329,0.014358683771812744,-0.01163992542691028,-0.012019291549658152
c_1286,3.0,96,11,0.11458333333333333,1.19110233968032,1.1927178692387825,0.007189484642532823,-0.0016155295584625584,-0.0013563314457900825
c_12971,5.0,96,22,0.22916666666666666,2.1035792029520963,2.106307124793652,0.01347595526129391,-0.0027279218415556805,-0.0012968001574304412
c_12974,3.7453703703703694,96,9,0.09375,1.4834767210082385,1.4871702902011084,0.029958593400402203,-0.0036935691928698944,-0.0024898059676727357
c_12993,15.066666666666672,96,5,0.052083333333333336,9.043673898202478,9.107365961342229,0.11990557168610394,-0.06369206313975084,-0.007042720011433659
c_12999,32.65833333333333,96,12,0.125,2.891671365673073,2.9074583566232675,0.028049182884084683,-0.015786990950194646,-0.005459469266667523
c_13020,20.0,96,33,0.34375,1.2943892119220513,1.2677445771845621,0.10152422620343383,0.026644634737489126,0.020584716321858283
c_13044,2.0,96,23,0.23958333333333334,1.0178610414278075,1.020538082300903,0.020293766136645623,-0.002677040873095393,-0.0026300651701338
c_13083,9.462500000000006,96,7,0.07291666666666667,2.3579280964269143,2.3793876985166795,0.055458268678713986,-0.021459602089765273,-0.009101041767254937
c_13166,20.725,96,6,0.0625,0.800529835171675,0.7841447475592407,0.02998080443649087,0.01638508761243429,0.020467803812609285
c_13170,31.0,96,5,0.052083333333333336,6.9137960921249455,7.027850515672296,0.11405442354734988,-0.1140544235473504,-0.016496642658764896
c_13229,12.12971014492754,96,20,0.20833333333333334,3.730321386308372,3.740334947286049,0.019106515234307155,-0.010013560977677027,-0.0026843695061852892
c_13269,3.4999999999999996,96,8,0.08333333333333333,1.2157201998256293,1.2112124459148996,0.01352457795292139,0.004507753910729662,0.003707887646660974
c_13308,0.0,96,96,1.0,0.00360597545347381,0.003489379959941173,0.00027519404582676543,0.00011659549353263722,0.03233396761486969
c_13389,47.31666666666668,96,22,0.22916666666666666,3.2933069323070017,3.415371388781179,0.2839717157132155,-0.12206445647417752,-0.037064403343866244
c_13403,3.0,96,8,0.08333333333333333,0.9849531461227562,0.9822242467335164,0.006850905172086641,0.002728899389239814,0.002770588022366403
c_13441,20.0,96,10,0.10416666666666667,1.8398896500841406,1.824334492015831,0.027721906270016916,0.015555158068309538,0.008454397288227682
c_13607,4.0,96,70,0.7291666666666666,2.5884660177715935,2.591106725120067,0.0348266760003753,-0.0026407073484735477,-0.0010201823513784928
c_13615,10.786956521739135,96,11,0.11458333333333333,5.566347707550144,5.920134899397314,0.556841707746075,-0.3537871918471698,-0.06355822712391754
c_13658,5.499999999999999,96,23,0.23958333333333334,3.540565008283581,3.54670569038608,0.023770528478290424,-0.006140682102499184,-0.001734379142349403
c_13690,5.308333333333337,96,11,0.11458333333333333,2.371995349731559,2.40773248962407,0.18474375807934204,-0.03573713989251104,-0.015066277383956696
c_1379,3.0,96,32,0.3333333333333333,0.5716709140492608,0.5676004764693485,0.009021364604677728,0.004070437579912323,0.007120246071433981
c_1387,3.4999999999999996,96,15,0.15625,0.7963193835240303,0.8116221925666536,0.0189368866791483,-0.015302809042623267,-0.019216923961968932
c_13873,4.0,96,71,0.7395833333333334,2.2708045253484492,2.275739854074904,0.01435521783152042,-0.004935328726454635,-0.0021733833411739048
c_14106,0.0,96,96,1.0,0.009411458201107234,0.009516096092824385,0.00036594135553968954,-0.00010463789171715095,-0.011118138069703222
c_14135,29.0,96,29,0.3020833333333333,3.6596361665073607,3.653461567372607,0.04587257462280192,0.006174599134753489,0.0016872166668541611
c_14296,6.5,96,66,0.6875,5.209247104212032,5.215742971155298,0.04925643302483493,-0.00649586694326576,-0.0012469876765902328
c_14363,3.6666666666666665,96,14,0.14583333333333334,1.6376712217699476,1.6437941672701528,0.018085729567766457,-0.006122945500205201,-0.0037388124177865807
c_14388,11.000000000000002,96,23,0.23958333333333334,0.5477220391788693,0.5781675604424027,0.053459842042565986,-0.030445521263533393,-0.055585715172565504
c_14396,25.145454545454555,96,20,0.20833333333333334,1.6709069091186894,1.690225436113592,0.14749241599347443,-0.019318526994902552,-0.011561701546312956
c_14413,3.0,96,38,0.3958333333333333,0.9035796157737284,0.9040895401615389,0.012766921829193291,-0.0005099243878105009,-0.0005643380825649287
c_14416,2.6623188405797107,96,12,0.125,1.0531911521488728,1.0475380082302654,0.005653143918607384,0.005653143918607384,0.005367633318104717
c_14417,13.499999999999998,96,6,0.0625,3.6375957231489,3.637030613347751,0.03156281001429306,0.0005651098011489886,0.0001553525581616307
c_14435,5.0,96,21,0.21875,0.6740063798079419,0.6566508331311665,0.03510529058431045,0.017355546676775413,0.02574982551607431
c_14471,28.0,96,13,0.13541666666666666,4.892963885689124,4.899595010525725,0.03750942405251688,-0.00663112483660111,-0.0013552368240435488
c_14820,38.24999999999999,96,7,0.07291666666666667,6.1855281593401585,6.136922795626,0.1292634954879759,0.04860536371415858,0.00785791648862909
c_14855,8.948148148148153,96,17,0.17708333333333334,1.2471376508627432,1.254403383143982,0.019961697802714565,-0.007265732281238835,-0.005825926493529047
c_14886,38.908212560386474,96,21,0.21875,1.6876196205169538,1.7280720630841047,0.16061053646262735,-0.04045244256715086,-0.023970118666171596
c_1494,1.6666666666666667,96,14,0.14583333333333334,0.8542427989877046,0.8536759743136804,0.00601681116677355,0.0005668246740242466,0.0006635404766606703
c_14964,14.0,96,28,0.2916666666666667,3.0326484273877843,3.0859502983225586,0.05839279037445522,-0.05330187093477434,-0.017576013906988448
c_15030,21.5,96,42,0.4375,5.015571942690896,5.011954113887516,0.12401203651647631,0.0036178288033799078,0.0007213192921401727
c_15035,0.0,96,96,1.0,0.016287497934569628,0.016180087653978048,0.00029832522633436537,0.00010741028059157998,0.006594645845732113
c_15072,11.500000000000002,96,6,0.0625,5.881081464185404,5.877900929601695,0.0426750779620814,0.0031805345837092602,0.0005408077754198904
c_15179,17.5,96,13,0.13541666666666666,2.058894968368604,1.9945749789149074,0.09008413146008205,0.06431998945369655,0.031240053738467992
c_15235,27.0,96,14,0.14583333333333334,1.5569966406835432,1.5794351803542777,0.03527078450185529,-0.022438539670734503,-0.014411424587842189
c_15282,2.0,96,10,0.10416666666666667,0.8991994496951007,0.8974744862417934,0.006784934546158183,0.0017249634533073044,0.0019183324165647595
c_15420,7.0,96,14,0.14583333333333334,2.123463673067598,2.117970712066681,0.021010910693023823,0.00549296100091734,0.002586793016798869
c_15446,0.0,96,96,1.0,0.12410240266874219,0.12305337341117493,0.005039822457320042,0.0010490292575672522,0.008452932699194811
c_15486,5.0,96,25,0.2604166666666667,1.7832220874528115,1.7877021702797333,0.014580671879230067,-0.004480082826921805,-0.002512352700454289
c_15527,46.775,96,10,0.10416666666666667,13.80082538344399,13.776409582193846,0.05838253433466889,0.024415801250142977,0.0017691551462880712
c_15555,5.0,96,17,0.17708333333333334,1.680184152956176,1.6654293008439305,0.021695084510343698,0.014754852112245587,0.008781687463416062
c_15570,6.808333333333337,96,23,0.23958333333333334,1.040765167279957,1.0259064575659054,0.052874881910848555,0.014858709714051566,0.014276716959008968
c_15604,2.0,96,45,0.46875,1.3265605022858484,1.3314186120327527,0.024596708621053644,-0.00485810974690426,-0.0036621848295144174
c_15616,9.0,96,48,0.5,1.3951282726631196,1.4068861940449626,0.01956708990081779,-0.011757921381843062,-0.008427842523324906
c_15630,11.0,96,9,0.09375,0.7646751889417813,0.7687348953133435,0.007397288511533083,-0.004059706371562166,-0.005309059886172471
c_15640,28.0,96,2,0.020833333333333332,29.19339688210744,29.175052180072047,0.023893921916169347,0.018344702035392402,0.0006283853197856473
c_15642,6.0,96,17,0.17708333333333334,0.7513898801508612,0.7528258464785175,0.008018388470244484,-0.0014359663276563017,-0.0019110802069466173
c_15647,10.5,96,5,0.052083333333333336,1.2220917676792804,1.2321920306930179,0.0593504477001261,-0.010100263013737454,-0.008264733697468222
c_15794,0.0,96,96,1.0,0.021030964172530656,0.01980250543504263,0.002389162665066478,0.0012284587374880272,0.05841190767147823
c_15856,2.0,96,29,0.3020833333333333,1.0359878121995463,1.0379109007131957,0.007668652165726786,-0.001923088513649418,-0.001856284881929676
c_16008,18.0,96,70,0.7291666666666666,14.520892913969918,14.530537673829874,0.062425518674938625,-0.009644759859956054,-0.0006641988145699532
c_16048,24.999999999999996,96,21,0.21875,5.645996691900815,5.561799348756995,0.11926911736407506,0.08419734314381966,0.014912751058568771
