container_id,original_identity_holds,corrected_z_identity_holds,rra_sign,rra_original_space,corrected_space,orig_n_points,orig_max_abs_identity_error,orig_identity_holds,orig_mean_prophet,orig_mean_ridge_pred,orig_mean_remaining
c_10032,True,True,prophet_minus_ridge,raw_prophet_minus_z_ridge,z_prophet_minus_z_ridge,154,0.0,True,-0.06392554137963734,0.025274362888821067,-0.0891999042684584
c_10034,True,True,prophet_minus_ridge,raw_prophet_minus_z_ridge,z_prophet_minus_z_ridge,154,0.0,True,-0.04025738159519201,-0.0023277990467545488,-0.03792958254843746
c_10089,True,True,prophet_minus_ridge,raw_prophet_minus_z_ridge,z_prophet_minus_z_ridge,154,0.0,True,0.025262435615911853,-0.028855406371474383,0.05411784198738623
c_10132,True,True,prophet_minus_ridge,raw_prophet_minus_z_ridge,z_prophet_minus_z_ridge,153,0.0,True,0.02211527184125068,0.022786089040794776,-0.0006708171995440944
c_1016,True,True,prophet_minus_ridge,raw_prophet_minus_z_ridge,z_prophet_minus_z_ridge,154,0.0,True,-0.002182719137855012,-0.0030477198833739616,0.0008650007455189485
c_10306,True,True,prophet_minus_ridge,raw_prophet_minus_z_ridge,z_prophet_minus_z_ridge,154,0.0,True,-0.004172406836694776,-0.0071571803192043955,0.0029847734825096156
c_10312,True,True,prophet_minus_ridge,raw_prophet_minus_z_ridge,z_prophet_minus_z_ridge,154,0.0,True,0.0043263420571068596,-0.006916379642701808,0.011242721699808668
c_10382,True,True,prophet_minus_ridge,raw_prophet_minus_z_ridge,z_prophet_minus_z_ridge,154,0.0,True,0.02243430868849086,-0.01633787696909816,0.038772185657589026
c_10393,True,True,prophet_minus_ridge,raw_prophet_minus_z_ridge,z_prophet_minus_z_ridge,154,0.0,True,-0.017957524621535336,-0.02634153016064888,0.00838400553911354
c_10641,True,True,prophet_minus_ridge,raw_prophet_minus_z_ridge,z_prophet_minus_z_ridge,154,0.0,True,0.0261474047558125,-0.010557375369890747,0.03670478012570325
c_10695,True,True,prophet_minus_ridge,raw_prophet_minus_z_ridge,z_prophet_minus_z_ridge,154,0.0,True,0.07147772147760884,-0.0008522924254731955,0.07233001390308204
c_10733,True,True,prophet_minus_ridge,raw_prophet_minus_z_ridge,z_prophet_minus_z_ridge,153,0.0,True,-0.058163105752178305,-0.08361620065530001,0.025453094903121688
c_10878,True,True,prophet_minus_ridge,raw_prophet_minus_z_ridge,z_prophet_minus_z_ridge,154,0.0,True,0.009988435358175741,-0.003629194401574101,0.013617629759749846
c_10898,True,True,prophet_minus_ridge,raw_prophet_minus_z_ridge,z_prophet_minus_z_ridge,154,0.0,True,0.06358804971253935,0.05418042449231046,0.009407625220228904
c_11013,True,True,prophet_minus_ridge,raw_prophet_minus_z_ridge,z_prophet_minus_z_ridge,154,0.0,True,0.0456935452401002,-0.01767565554887757,0.06336920078897777
c_11087,True,True,prophet_minus_ridge,raw_prophet_minus_z_ridge,z_prophet_minus_z_ridge,154,0.0,True,-0.013038997481738392,-0.0017028159020981073,-0.011336181579640283
c_11203,True,True,prophet_minus_ridge,raw_prophet_minus_z_ridge,z_prophet_minus_z_ridge,154,0.0,True,0.023712943821259887,-0.016463940521587134,0.04017688434284702
c_11307,True,True,prophet_minus_ridge,raw_prophet_minus_z_ridge,z_prophet_minus_z_ridge,154,0.0,True,0.02183350888867006,-0.06546153524615293,0.087295044134823
c_11327,True,True,prophet_minus_ridge,raw_prophet_minus_z_ridge,z_prophet_minus_z_ridge,153,0.0,True,0.028814724864042802,-0.019964466501479903,0.04877919136552271
c_11461,True,True,prophet_minus_ridge,raw_prophet_minus_z_ridge,z_prophet_minus_z_ridge,153,0.0,True,0.007962149263942718,-0.0030601523325045365,0.01102230159644726
c_11735,True,True,prophet_minus_ridge,raw_prophet_minus_z_ridge,z_prophet_minus_z_ridge,154,0.0,True,0.04979958171759393,-0.018381592387720157,0.0681811741053141
c_11752,True,True,prophet_minus_ridge,raw_prophet_minus_z_ridge,z_prophet_minus_z_ridge,153,0.0,True,-0.009365630397801687,0.020966435051519735,-0.03033206544932142
c_1181,True,True,prophet_minus_ridge,raw_prophet_minus_z_ridge,z_prophet_minus_z_ridge,153,0.0,True,0.021028106316856015,0.0007514925600823266,0.02027661375677369
c_1186,True,True,prophet_minus_ridge,raw_prophet_minus_z_ridge,z_prophet_minus_z_ridge,154,0.0,True,-0.007348128731685914,-0.010061813945529139,0.002713685213843224
c_11996,True,True,prophet_minus_ridge,raw_prophet_minus_z_ridge,z_prophet_minus_z_ridge,154,0.0,True,0.00032918838316928103,-0.020100814537332718,0.020430002920502004
c_12060,True,True,prophet_minus_ridge,raw_prophet_minus_z_ridge,z_prophet_minus_z_ridge,154,0.0,True,0.031416297928154396,-0.035239280280403164,0.06665557820855755
c_12158,True,True,prophet_minus_ridge,raw_prophet_minus_z_ridge,z_prophet_minus_z_ridge,153,0.0,True,-0.018860606253876852,0.003246120150156761,-0.022106726404033616
c_12164,True,True,prophet_minus_ridge,raw_prophet_minus_z_ridge,z_prophet_minus_z_ridge,154,0.0,True,0.004486115204629732,-0.002266504450041908,0.0067526196546716395
c_12174,True,True,prophet_minus_ridge,raw_prophet_minus_z_ridge,z_prophet_minus_z_ridge,154,0.0,True,0.05404615347037619,-0.06255799994000755,0.11660415341038376
c_12189,True,True,prophet_minus_ridge,raw_prophet_minus_z_ridge,z_prophet_minus_z_ridge,154,0.0,True,-0.011356642140371053,-0.023053905181470668,0.011697263041099616
c_12193,True,True,prophet_minus_ridge,raw_prophet_minus_z_ridge,z_prophet_minus_z_ridge,153,0.0,True,0.030018980477892684,-0.038156946734513274,0.06817592721240595
c_12231,True,True,prophet_minus_ridge,raw_prophet_minus_z_ridge,z_prophet_minus_z_ridge,154,0.0,True,-0.05403466422853445,-0.09919775848019448,0.045163094251660006
c_12237,True,True,prophet_minus_ridge,raw_prophet_minus_z_ridge,z_prophet_minus_z_ridge,152,0.0,True,-0.423027199565721,-0.010907790069724177,-0.41211940949599674
c_12441,True,True,prophet_minus_ridge,raw_prophet_minus_z_ridge,z_prophet_minus_z_ridge,153,0.0,True,0.023452171779413895,-0.016341774319314988,0.039793946098728876
c_12517,True,True,prophet_minus_ridge,raw_prophet_minus_z_ridge,z_prophet_minus_z_ridge,154,0.0,True,0.049431594871735395,-0.018486281870932042,0.06791787674266743
c_12624,True,True,prophet_minus_ridge,raw_prophet_minus_z_ridge,z_prophet_minus_z_ridge,154,0.0,True,-0.005074734376629579,0.003775546156867764,-0.008850280533497342
c_12767,True,True,prophet_minus_ridge,raw_prophet_minus_z_ridge,z_prophet_minus_z_ridge,154,0.0,True,0.017929550710629245,-0.006265366038098487,0.024194916748727736
c_12858,True,True,prophet_minus_ridge,raw_prophet_minus_z_ridge,z_prophet_minus_z_ridge,154,0.0,True,0.011588725451293044,-0.016261239586600584,0.027849965037893634
c_1286,True,True,prophet_minus_ridge,raw_prophet_minus_z_ridge,z_prophet_minus_z_ridge,154,0.0,True,0.011869849180870945,-0.010840895792819268,0.022710744973690206
c_12971,True,True,prophet_minus_ridge,raw_prophet_minus_z_ridge,z_prophet_minus_z_ridge,154,0.0,True,0.012107436441993333,0.019146977179653177,-0.007039540737659848
c_12974,True,True,prophet_minus_ridge,raw_prophet_minus_z_ridge,z_prophet_minus_z_ridge,153,0.0,True,0.03353965774578122,-0.060012261316655324,0.09355191906243653
c_12993,True,True,prophet_minus_ridge,raw_prophet_minus_z_ridge,z_prophet_minus_z_ridge,154,0.0,True,-0.025232281385665512,-0.019497819238834483,-0.005734462146831033
c_12999,True,True,prophet_minus_ridge,raw_prophet_minus_z_ridge,z_prophet_minus_z_ridge,153,0.0,True,-0.00675503120053308,-0.013094250777037696,0.006339219576504618
c_13020,True,True,prophet_minus_ridge,raw_prophet_minus_z_ridge,z_prophet_minus_z_ridge,154,0.0,True,0.08048801997965606,-0.014254563450722608,0.09474258343037868
c_13044,True,True,prophet_minus_ridge,raw_prophet_minus_z_ridge,z_prophet_minus_z_ridge,153,0.0,True,-0.00789240796793812,-0.011249918540946223,0.003357510573008097
c_13083,True,True,prophet_minus_ridge,raw_prophet_minus_z_ridge,z_prophet_minus_z_ridge,154,0.0,True,0.08072282390209203,-0.012102162511646877,0.09282498641373887
c_13166,True,True,prophet_minus_ridge,raw_prophet_minus_z_ridge,z_prophet_minus_z_ridge,154,0.0,True,-0.05882785047618901,-0.02297621145153901,-0.03585163902465001
c_13170,True,True,prophet_minus_ridge,raw_prophet_minus_z_ridge,z_prophet_minus_z_ridge,154,0.0,True,0.060188368492369713,-0.007873551776431105,0.06806192026880083
c_13229,True,True,prophet_minus_ridge,raw_prophet_minus_z_ridge,z_prophet_minus_z_ridge,154,0.0,True,0.05949197670010385,-0.0169087183942422,0.07640069509434605
c_13269,True,True,prophet_minus_ridge,raw_prophet_minus_z_ridge,z_prophet_minus_z_ridge,154,0.0,True,0.031254031277288104,-0.023428050459964978,0.054682081737253085
c_13308,True,True,prophet_minus_ridge,raw_prophet_minus_z_ridge,z_prophet_minus_z_ridge,154,0.0,True,-0.015771749437066454,-0.011161464492789128,-0.0046102849442773266
c_13389,True,True,prophet_minus_ridge,raw_prophet_minus_z_ridge,z_prophet_minus_z_ridge,154,0.0,True,-0.11213001158453616,-0.015934274032919443,-0.09619573755161671
c_13403,True,True,prophet_minus_ridge,raw_prophet_minus_z_ridge,z_prophet_minus_z_ridge,154,0.0,True,-0.02629655965437005,-0.009362497528173166,-0.016934062126196883
c_13441,True,True,prophet_minus_ridge,raw_prophet_minus_z_ridge,z_prophet_minus_z_ridge,153,0.0,True,0.04451516661551766,-0.014502790193184732,0.059017956808702386
c_13607,True,True,prophet_minus_ridge,raw_prophet_minus_z_ridge,z_prophet_minus_z_ridge,154,0.0,True,0.0980058023525534,-0.0504896236343169,0.1484954259868703
c_13615,True,True,prophet_minus_ridge,raw_prophet_minus_z_ridge,z_prophet_minus_z_ridge,154,0.0,True,-0.05630114095494288,-0.021431667462628423,-0.03486947349231446
c_13658,True,True,prophet_minus_ridge,raw_prophet_minus_z_ridge,z_prophet_minus_z_ridge,154,0.0,True,0.11094697118871007,-0.08345027551147266,0.1943972467001827
c_13690,True,True,prophet_minus_ridge,raw_prophet_minus_z_ridge,z_prophet_minus_z_ridge,154,0.0,True,0.015277363923309447,-0.01610376252111893,0.03138112644442838
c_1379,True,True,prophet_minus_ridge,raw_prophet_minus_z_ridge,z_prophet_minus_z_ridge,154,0.0,True,0.006452608383843051,-0.018379230261378218,0.024831838645221274
c_1387,True,True,prophet_minus_ridge,raw_prophet_minus_z_ridge,z_prophet_minus_z_ridge,154,0.0,True,0.008568476319423838,-0.01017709463159122,0.018745570951015058
c_13873,True,True,prophet_minus_ridge,raw_prophet_minus_z_ridge,z_prophet_minus_z_ridge,153,0.0,True,0.16799466748318204,-0.0643052570719205,0.2322999245551025
c_14106,True,True,prophet_minus_ridge,raw_prophet_minus_z_ridge,z_prophet_minus_z_ridge,153,0.0,True,0.016919155985984223,-0.006881726736423887,0.023800882722408115
c_14135,True,True,prophet_minus_ridge,raw_prophet_minus_z_ridge,z_prophet_minus_z_ridge,154,0.0,True,0.03257175064892205,-0.01363912140513155,0.0462108720540536
c_14296,True,True,prophet_minus_ridge,raw_prophet_minus_z_ridge,z_prophet_minus_z_ridge,154,0.0,True,0.1121144677083926,-0.02933544699621143,0.14144991470460405
c_14363,True,True,prophet_minus_ridge,raw_prophet_minus_z_ridge,z_prophet_minus_z_ridge,154,0.0,True,0.05864895149223815,-0.05425655639336339,0.11290550788560154
c_14388,True,True,prophet_minus_ridge,raw_prophet_minus_z_ridge,z_prophet_minus_z_ridge,154,0.0,True,-0.015952015852376482,-0.016885183850233066,0.0009331679978565877
c_14396,True,True,prophet_minus_ridge,raw_prophet_minus_z_ridge,z_prophet_minus_z_ridge,154,0.0,True,-0.10143445590060005,0.0011066459034555656,-0.10254110180405562
c_14413,True,True,prophet_minus_ridge,raw_prophet_minus_z_ridge,z_prophet_minus_z_ridge,154,0.0,True,0.05360336488546369,0.017351491544959786,0.03625187334050391
c_14416,True,True,prophet_minus_ridge,raw_prophet_minus_z_ridge,z_prophet_minus_z_ridge,154,0.0,True,-0.04177168169979866,-0.012548198152375631,-0.029223483547423042
c_14417,True,True,prophet_minus_ridge,raw_prophet_minus_z_ridge,z_prophet_minus_z_ridge,154,0.0,True,0.003823604150308389,-0.004714728092470558,0.008538332242778949
c_14435,True,True,prophet_minus_ridge,raw_prophet_minus_z_ridge,z_prophet_minus_z_ridge,154,0.0,True,-0.001375607115099416,-0.00760561269576527,0.006230005580665855
c_14471,True,True,prophet_minus_ridge,raw_prophet_minus_z_ridge,z_prophet_minus_z_ridge,152,0.0,True,0.01953387340051624,-0.006687131185940637,0.026221004586456872
c_14820,True,True,prophet_minus_ridge,raw_prophet_minus_z_ridge,z_prophet_minus_z_ridge,154,0.0,True,0.004624143135943645,-0.02030117206453436,0.024925315200478002
c_14855,True,True,prophet_minus_ridge,raw_prophet_minus_z_ridge,z_prophet_minus_z_ridge,154,0.0,True,0.03240458627196587,-0.02062291312877631,0.053027499400742195
c_14886,True,True,prophet_minus_ridge,raw_prophet_minus_z_ridge,z_prophet_minus_z_ridge,154,0.0,True,0.017865020853408856,-0.016259899066449538,0.034124919919858394
c_1494,True,True,prophet_minus_ridge,raw_prophet_minus_z_ridge,z_prophet_minus_z_ridge,154,0.0,True,0.01758427139462395,0.0013408398421517998,0.01624343155247215
c_14964,True,True,prophet_minus_ridge,raw_prophet_minus_z_ridge,z_prophet_minus_z_ridge,154,0.0,True,-0.08035223277735626,0.0029933567930978,-0.08334558957045407
c_15030,True,True,prophet_minus_ridge,raw_prophet_minus_z_ridge,z_prophet_minus_z_ridge,154,0.0,True,0.17639605340841097,-0.029033335097774296,0.20542938850618522
c_15035,True,True,prophet_minus_ridge,raw_prophet_minus_z_ridge,z_prophet_minus_z_ridge,153,0.0,True,-0.0007047345109401212,-0.016958580819821118,0.016253846308880996
c_15072,True,True,prophet_minus_ridge,raw_prophet_minus_z_ridge,z_prophet_minus_z_ridge,154,0.0,True,0.05872571971868185,-0.027047631892528883,0.08577335161121073
c_15179,True,True,prophet_minus_ridge,raw_prophet_minus_z_ridge,z_prophet_minus_z_ridge,154,0.0,True,-0.059809393391475583,0.00854115062762841,-0.068350544019104
c_15235,True,True,prophet_minus_ridge,raw_prophet_minus_z_ridge,z_prophet_minus_z_ridge,154,0.0,True,-0.0029343857694274686,0.0006099809661776823,-0.003544366735605151
c_15282,True,True,prophet_minus_ridge,raw_prophet_minus_z_ridge,z_prophet_minus_z_ridge,154,0.0,True,-0.028220833723843142,0.020044934106808646,-0.048265767830651785
c_15420,True,True,prophet_minus_ridge,raw_prophet_minus_z_ridge,z_prophet_minus_z_ridge,153,0.0,True,-0.05632632992780856,0.08704794119314829,-0.14337427112095683
c_15446,True,True,prophet_minus_ridge,raw_prophet_minus_z_ridge,z_prophet_minus_z_ridge,154,0.0,True,0.00763709515853877,0.005502778565611258,0.002134316592927511
c_15486,True,True,prophet_minus_ridge,raw_prophet_minus_z_ridge,z_prophet_minus_z_ridge,154,0.0,True,0.04924098778609036,-0.0822013299413935,0.13144231772748383
c_15527,True,True,prophet_minus_ridge,raw_prophet_minus_z_ridge,z_prophet_minus_z_ridge,150,0.0,True,0.1134838169665375,-0.0696575066631376,0.1831413236296751
c_15555,True,True,prophet_minus_ridge,raw_prophet_minus_z_ridge,z_prophet_minus_z_ridge,153,0.0,True,0.018438622601352987,0.021126273757750415,-0.002687651156397427
c_15570,True,True,prophet_minus_ridge,raw_prophet_minus_z_ridge,z_prophet_minus_z_ridge,154,0.0,True,0.001120938246872199,0.007888531777570339,-0.006767593530698137
c_15604,True,True,prophet_minus_ridge,raw_prophet_minus_z_ridge,z_prophet_minus_z_ridge,154,0.0,True,0.1745574723710511,-0.11516685928825844,0.2897243316593095
c_15616,True,True,prophet_minus_ridge,raw_prophet_minus_z_ridge,z_prophet_minus_z_ridge,154,0.0,True,0.045815694939511514,-0.01457828476395434,0.060393979703465855
c_15630,True,True,prophet_minus_ridge,raw_prophet_minus_z_ridge,z_prophet_minus_z_ridge,154,0.0,True,-0.11550208536803179,-0.0021778778183134642,-0.11332420754971835
c_15640,True,True,prophet_minus_ridge,raw_prophet_minus_z_ridge,z_prophet_minus_z_ridge,154,0.0,True,-0.0029128662766267225,-0.0776827385534987,0.074769872276872
c_15642,True,True,prophet_minus_ridge,raw_prophet_minus_z_ridge,z_prophet_minus_z_ridge,154,0.0,True,0.01063290884992649,-0.0005066942015050752,0.011139603051431564
c_15647,True,True,prophet_minus_ridge,raw_prophet_minus_z_ridge,z_prophet_minus_z_ridge,154,0.0,True,-0.06349129555563897,-0.00842639761030203,-0.05506489794533695
c_15794,True,True,prophet_minus_ridge,raw_prophet_minus_z_ridge,z_prophet_minus_z_ridge,154,0.0,True,-0.01031094854066644,-0.007230247025459168,-0.00308070151520727
c_15856,True,True,prophet_minus_ridge,raw_prophet_minus_z_ridge,z_prophet_minus_z_ridge,153,0.0,True,0.01244362829486155,-0.024646612451824316,0.03709024074668587
c_16008,True,True,prophet_minus_ridge,raw_prophet_minus_z_ridge,z_prophet_minus_z_ridge,154,0.0,True,0.2252130020645283,-0.047884490743707826,0.27309749280823614
c_16048,True,True,prophet_minus_ridge,raw_prophet_minus_z_ridge,z_prophet_minus_z_ridge,154,0.0,True,0.06876405533133806,-0.024697370751412602,0.09346142608275065
